investigation_type,duplicate_group_id,occurrence_count,additional_occurrences,duplicate_scope,differing_columns,source_record_id,source_file,source_month,source_row_number,ingestion_timestamp,record_origin,is_synthetic,comments,department,entity,transaction_date_raw,expense_type,expense_area,supplier,transaction_number,amount_raw,po_category_description,supplier_postcode,supplier_type,contract_number,project_code,expenditure_type,vat_registration_number,transaction_date,amount_gbp,currency_code,exact_record_hash,business_key,date_parse_status,amount_parse_status,source_month_match,quality_status,quality_issues
exact_row_duplicate,084f11a326f89aa304b7cbed1d4a5571b01f9870b0d5b2dd3adc31cea55036fa,2,1,within_file,,22adea82c5198d3a81a0afc050dc3d9fc3ff01ea9dc92e30f7f4c651c70c10de,Defra__25k_May_25.csv,2025-05,627,2026-09-23T00:00:00+00:00,real_public_defra,false,,DEFRA,EA,15/05/2025,PPE - POA & AUC (OWNED) - COST - O/BAL,EA Ops-THM-Mgt,LAND & WATER SERVICES LTD,1001611315,234211.41,TANGIBLE NBV,GU4 8RU,CIS SUPPLIER,,ENV0007671C,Asset,GB880055431,2025-05-15,234211.41,GBP,084f11a326f89aa304b7cbed1d4a5571b01f9870b0d5b2dd3adc31cea55036fa,11a68535792a70772a64db05c3b68bc6dea83b56b6ba3390f33367237eedb359,valid,valid,true,valid,
exact_row_duplicate,084f11a326f89aa304b7cbed1d4a5571b01f9870b0d5b2dd3adc31cea55036fa,2,1,within_file,,3139b12b69573905f53fb676d9a481b8de9d4855ec87d6b01330cb538d14b3a4,Defra__25k_May_25.csv,2025-05,628,2026-09-23T00:00:00+00:00,real_public_defra,false,,DEFRA,EA,15/05/2025,PPE - POA & AUC (OWNED) - COST - O/BAL,EA Ops-THM-Mgt,LAND & WATER SERVICES LTD,1001611315,234211.41,TANGIBLE NBV,GU4 8RU,CIS SUPPLIER,,ENV0007671C,Asset,GB880055431,2025-05-15,234211.41,GBP,084f11a326f89aa304b7cbed1d4a5571b01f9870b0d5b2dd3adc31cea55036fa,11a68535792a70772a64db05c3b68bc6dea83b56b6ba3390f33367237eedb359,valid,valid,true,valid,
exact_row_duplicate,09aac8e80c9ea66bc0045d073038b6f09aaa4d4c49e0a91708e1ac4723d23d4e,2,1,within_file,,58547fa56199834e21043c725556f7801be955523549ac5344cc2e1c4818d8af,Defra__25k_May_25.csv,2025-05,480,2026-09-23T00:00:00+00:00,real_public_defra,false,,DEFRA,EA,09/05/2025,PPE - POA & AUC (OWNED) - COST - O/BAL,EA Ops-CLA-Mgt,VOLKERSTEVIN INFRASTRUCTURE LTD,1001609927,107142.35,TANGIBLE NBV,EN11 9BX,CIS SUPPLIER,,ENV0005310C,Asset,GB424894330,2025-05-09,107142.35,GBP,09aac8e80c9ea66bc0045d073038b6f09aaa4d4c49e0a91708e1ac4723d23d4e,77654b5ca83ec341061fbd96328b5acae06a9fb50d2ed4eeb1efe66eebb1fa01,valid,valid,true,valid,
exact_row_duplicate,09aac8e80c9ea66bc0045d073038b6f09aaa4d4c49e0a91708e1ac4723d23d4e,2,1,within_file,,7b30b1f1991938298b2b0da99e9ff7c60b580641d2b0047abe22a7182c93cba4,Defra__25k_May_25.csv,2025-05,481,2026-09-23T00:00:00+00:00,real_public_defra,false,,DEFRA,EA,09/05/2025,PPE - POA & AUC (OWNED) - COST - O/BAL,EA Ops-CLA-Mgt,VOLKERSTEVIN INFRASTRUCTURE LTD,1001609927,107142.35,TANGIBLE NBV,EN11 9BX,CIS SUPPLIER,,ENV0005310C,Asset,GB424894330,2025-05-09,107142.35,GBP,09aac8e80c9ea66bc0045d073038b6f09aaa4d4c49e0a91708e1ac4723d23d4e,77654b5ca83ec341061fbd96328b5acae06a9fb50d2ed4eeb1efe66eebb1fa01,valid,valid,true,valid,
exact_row_duplicate,0fdbc2ce6d5e4dc8028dc61cb880d11e43b8fc84ffa85372ea63310a455def5e,2,1,within_file,,e2c2b0b995f327bee2bbf14aaf99791f8f7f6546ea3257cc79cfb02addf7b3fa,Defra__25k_May_25.csv,2025-05,450,2026-09-23T00:00:00+00:00,real_public_defra,false,,DEFRA,EA,07/05/2025,EXP EU CAPITAL GRANTS TO PTE SECTOR - PERS & NON PROFIT INSTIT'NS SERVING H'HOLD - CWEIY,EA Ops-WSX-Mgt,KIER INTERGRATED SERVICES LTD,1001609340,123652.22,GRANTS,M2 2EE,SUPPLIER,,ENV0000727C,Expense,1055 40018,2025-05-07,123652.22,GBP,0fdbc2ce6d5e4dc8028dc61cb880d11e43b8fc84ffa85372ea63310a455def5e,bd10436c78f94130c5743b41319258fad63e26cf0ecb9faf37876adb72898eb8,valid,valid,true,valid,
exact_row_duplicate,0fdbc2ce6d5e4dc8028dc61cb880d11e43b8fc84ffa85372ea63310a455def5e,2,1,within_file,,aadba265dbf03b8a3f71f3429d17211d0fe374c920e1049721a3853200f76b0b,Defra__25k_May_25.csv,2025-05,451,2026-09-23T00:00:00+00:00,real_public_defra,false,,DEFRA,EA,07/05/2025,EXP EU CAPITAL GRANTS TO PTE SECTOR - PERS & NON PROFIT INSTIT'NS SERVING H'HOLD - CWEIY,EA Ops-WSX-Mgt,KIER INTERGRATED SERVICES LTD,1001609340,123652.22,GRANTS,M2 2EE,SUPPLIER,,ENV0000727C,Expense,1055 40018,2025-05-07,123652.22,GBP,0fdbc2ce6d5e4dc8028dc61cb880d11e43b8fc84ffa85372ea63310a455def5e,bd10436c78f94130c5743b41319258fad63e26cf0ecb9faf37876adb72898eb8,valid,valid,true,valid,
exact_row_duplicate,14a508484ce89920d5f841b5509fa2d7c2a4c5107012ccc1acceb4284796763a,2,1,within_file,,6f922dcabb46d8717576d504b078fe65bf612760be968d5b937306007805365f,November_Over__25K_Transparency.csv,2025-11,383,2026-09-23T00:00:00+00:00,real_public_defra,false,,DE,CCW,17/11/2025,Research & Design,Evidence & Insights,YONDER CONSULTING LIMITED,18831,"£25,200.00",Research & Design,EC1V 0AT,LARGE,N/A,N/A,Programme,GB100119291,2025-11-17,25200.00,GBP,14a508484ce89920d5f841b5509fa2d7c2a4c5107012ccc1acceb4284796763a,f1be61d7ba7fdccfc95691bc03fda5e8492cdbbecdf6e5d60e37f7acf7e6eaf3,valid,valid,true,valid,
exact_row_duplicate,14a508484ce89920d5f841b5509fa2d7c2a4c5107012ccc1acceb4284796763a,2,1,within_file,,b7d967b34cfd7d4ca7995a8568551d9c809db5fa3c6c536e1291de10b4f64955,November_Over__25K_Transparency.csv,2025-11,436,2026-09-23T00:00:00+00:00,real_public_defra,false,,DE,CCW,17/11/2025,Research & Design,Evidence & Insights,YONDER CONSULTING LIMITED,18831,"£25,200.00",Research & Design,EC1V 0AT,LARGE,N/A,N/A,Programme,GB100119291,2025-11-17,25200.00,GBP,14a508484ce89920d5f841b5509fa2d7c2a4c5107012ccc1acceb4284796763a,f1be61d7ba7fdccfc95691bc03fda5e8492cdbbecdf6e5d60e37f7acf7e6eaf3,valid,valid,true,valid,
exact_row_duplicate,263e5986b3b01f3355f7a47224beccc54799d108997aa32276a8190e540cad92,2,1,within_file,,ca25389a05655d059ba16dab89fdfcca0ef16fb984a29ba526bb749fda3722ef,Defra__25k_May_25.csv,2025-05,797,2026-09-23T00:00:00+00:00,real_public_defra,false,,DEFRA,EA,22/05/2025,PPE - POA & AUC (OWNED) - COST - O/BAL,EA Ops-WSX-Mgt,KIER CONSTRUCTION LTD,1001612858,331678.19,TANGIBLE NBV,M503XP,CIS SUPPLIER,,ENVIMSW002039,Asset,476073824,2025-05-22,331678.19,GBP,263e5986b3b01f3355f7a47224beccc54799d108997aa32276a8190e540cad92,08de8f31c3d00a7095937540bf78e9dc2f889c1bf97c5ad72e90eae0e4fb6f35,valid,valid,true,valid,
exact_row_duplicate,263e5986b3b01f3355f7a47224beccc54799d108997aa32276a8190e540cad92,2,1,within_file,,7da6ab9344d63b258d1b575da7d6d742b5912deb9da5f889faf1004376bc9c6d,Defra__25k_May_25.csv,2025-05,798,2026-09-23T00:00:00+00:00,real_public_defra,false,,DEFRA,EA,22/05/2025,PPE - POA & AUC (OWNED) - COST - O/BAL,EA Ops-WSX-Mgt,KIER CONSTRUCTION LTD,1001612858,331678.19,TANGIBLE NBV,M503XP,CIS SUPPLIER,,ENVIMSW002039,Asset,476073824,2025-05-22,331678.19,GBP,263e5986b3b01f3355f7a47224beccc54799d108997aa32276a8190e540cad92,08de8f31c3d00a7095937540bf78e9dc2f889c1bf97c5ad72e90eae0e4fb6f35,valid,valid,true,valid,
exact_row_duplicate,2a193369a8d4633a74e5346c0876008bc638cde9009e2759ab0f66b3acb26401,5,4,within_file,,1f9fbbdf9ad8ad99ff9d2c4c832ee3eb3a0982d5846ab8473d21be04f7cfdefa,Defra__25k_May_25.csv,2025-05,635,2026-09-23T00:00:00+00:00,real_public_defra,false,,DEFRA,EA,15/05/2025,EXP EU CAPITAL GRANTS TO PTE SECTOR - PERS & NON PROFIT INSTIT'NS SERVING H'HOLD - CWEIY,EA Ops-SSD-Mgt,JEREMY BENN ASSOCIATES LTD,1001611357,101420.59,GRANTS,BD23 3AE,SUPPLIER,,ENVIMSO000648,Expense,665 3009 41,2025-05-15,101420.59,GBP,2a193369a8d4633a74e5346c0876008bc638cde9009e2759ab0f66b3acb26401,5b9568356d0b08def7fdb4256b4a0d674f2ca54ea171d2fdb837d58f47130fa6,valid,valid,true,valid,
exact_row_duplicate,2a193369a8d4633a74e5346c0876008bc638cde9009e2759ab0f66b3acb26401,5,4,within_file,,f67800f78596107b0312ed37040ff7ff1419e91052fb7046d6a5db098914c139,Defra__25k_May_25.csv,2025-05,636,2026-09-23T00:00:00+00:00,real_public_defra,false,,DEFRA,EA,15/05/2025,EXP EU CAPITAL GRANTS TO PTE SECTOR - PERS & NON PROFIT INSTIT'NS SERVING H'HOLD - CWEIY,EA Ops-SSD-Mgt,JEREMY BENN ASSOCIATES LTD,1001611357,101420.59,GRANTS,BD23 3AE,SUPPLIER,,ENVIMSO000648,Expense,665 3009 41,2025-05-15,101420.59,GBP,2a193369a8d4633a74e5346c0876008bc638cde9009e2759ab0f66b3acb26401,5b9568356d0b08def7fdb4256b4a0d674f2ca54ea171d2fdb837d58f47130fa6,valid,valid,true,valid,
exact_row_duplicate,2a193369a8d4633a74e5346c0876008bc638cde9009e2759ab0f66b3acb26401,5,4,within_file,,c277ec5bb8c25b7d33832c721e451b0d1cfa6eee22ab83a1bc01ba46b8578486,Defra__25k_May_25.csv,2025-05,637,2026-09-23T00:00:00+00:00,real_public_defra,false,,DEFRA,EA,15/05/2025,EXP EU CAPITAL GRANTS TO PTE SECTOR - PERS & NON PROFIT INSTIT'NS SERVING H'HOLD - CWEIY,EA Ops-SSD-Mgt,JEREMY BENN ASSOCIATES LTD,1001611357,101420.59,GRANTS,BD23 3AE,SUPPLIER,,ENVIMSO000648,Expense,665 3009 41,2025-05-15,101420.59,GBP,2a193369a8d4633a74e5346c0876008bc638cde9009e2759ab0f66b3acb26401,5b9568356d0b08def7fdb4256b4a0d674f2ca54ea171d2fdb837d58f47130fa6,valid,valid,true,valid,
exact_row_duplicate,2a193369a8d4633a74e5346c0876008bc638cde9009e2759ab0f66b3acb26401,5,4,within_file,,08d8b20b34fa2b8d0f7b05a074417de5bb51628ead1678132b98b59cb02d8757,Defra__25k_May_25.csv,2025-05,638,2026-09-23T00:00:00+00:00,real_public_defra,false,,DEFRA,EA,15/05/2025,EXP EU CAPITAL GRANTS TO PTE SECTOR - PERS & NON PROFIT INSTIT'NS SERVING H'HOLD - CWEIY,EA Ops-SSD-Mgt,JEREMY BENN ASSOCIATES LTD,1001611357,101420.59,GRANTS,BD23 3AE,SUPPLIER,,ENVIMSO000648,Expense,665 3009 41,2025-05-15,101420.59,GBP,2a193369a8d4633a74e5346c0876008bc638cde9009e2759ab0f66b3acb26401,5b9568356d0b08def7fdb4256b4a0d674f2ca54ea171d2fdb837d58f47130fa6,valid,valid,true,valid,
exact_row_duplicate,2a193369a8d4633a74e5346c0876008bc638cde9009e2759ab0f66b3acb26401,5,4,within_file,,1376168affc466bd0b3058e2ac25d5afcf2d2c1e4e28053853456b6f22528947,Defra__25k_May_25.csv,2025-05,639,2026-09-23T00:00:00+00:00,real_public_defra,false,,DEFRA,EA,15/05/2025,EXP EU CAPITAL GRANTS TO PTE SECTOR - PERS & NON PROFIT INSTIT'NS SERVING H'HOLD - CWEIY,EA Ops-SSD-Mgt,JEREMY BENN ASSOCIATES LTD,1001611357,101420.59,GRANTS,BD23 3AE,SUPPLIER,,ENVIMSO000648,Expense,665 3009 41,2025-05-15,101420.59,GBP,2a193369a8d4633a74e5346c0876008bc638cde9009e2759ab0f66b3acb26401,5b9568356d0b08def7fdb4256b4a0d674f2ca54ea171d2fdb837d58f47130fa6,valid,valid,true,valid,
exact_row_duplicate,2bbb9c8ce39d9dff77add4207f94bbf7fdcce9abb4f3a16fe00e7114ee289b4e,2,1,within_file,,51ddf660af27fb38cf428c98b23742963a7ddddfe6a70d5beba2fd6a5456bfbb,Defra__25k_May_25.csv,2025-05,731,2026-09-23T00:00:00+00:00,real_public_defra,false,,DEFRA,EA,20/05/2025,EXP EU CAPITAL GRANTS TO PTE SECTOR - PERS & NON PROFIT INSTIT'NS SERVING H'HOLD - CWEIY,EA Ops-SSD-Mgt,JEREMY BENN ASSOCIATES LTD,1001612101,170263.55,GRANTS,BD23 3AE,SUPPLIER,,ENVIMSO000584,Expense,665 3009 41,2025-05-20,170263.55,GBP,2bbb9c8ce39d9dff77add4207f94bbf7fdcce9abb4f3a16fe00e7114ee289b4e,b15e9de1ab669ceab286f2e7f9db4d2e155a6f51f5b45cb054e41926ecc165bd,valid,valid,true,valid,
exact_row_duplicate,2bbb9c8ce39d9dff77add4207f94bbf7fdcce9abb4f3a16fe00e7114ee289b4e,2,1,within_file,,7b8964fb40be9eb98e191390221ca20aa4f5e8406bb26f7217cbafc409fdcc6b,Defra__25k_May_25.csv,2025-05,732,2026-09-23T00:00:00+00:00,real_public_defra,false,,DEFRA,EA,20/05/2025,EXP EU CAPITAL GRANTS TO PTE SECTOR - PERS & NON PROFIT INSTIT'NS SERVING H'HOLD - CWEIY,EA Ops-SSD-Mgt,JEREMY BENN ASSOCIATES LTD,1001612101,170263.55,GRANTS,BD23 3AE,SUPPLIER,,ENVIMSO000584,Expense,665 3009 41,2025-05-20,170263.55,GBP,2bbb9c8ce39d9dff77add4207f94bbf7fdcce9abb4f3a16fe00e7114ee289b4e,b15e9de1ab669ceab286f2e7f9db4d2e155a6f51f5b45cb054e41926ecc165bd,valid,valid,true,valid,
exact_row_duplicate,2d7fe3c37ccc10fcf97d3c8548feeb6bf4b8608ac84a5bcca2d8de4068e742a8,3,2,within_file,,3ca126109861bcf894e7390dc0496ff4badd6025cb87c73ddfe60bfc69f0bace,Defra__25k_May_25.csv,2025-05,552,2026-09-23T00:00:00+00:00,real_public_defra,false,,DEFRA,EA,13/05/2025,PPE - POA & AUC (OWNED) - COST - O/BAL,EA Ops-DCS-Mgt,ATKINSRÉALIS UK LTD,1001610590,40901.3,TANGIBLE NBV,KT18 5BW,CIS SUPPLIER,,ENV0002504C,Asset,20986 1253,2025-05-13,40901.3,GBP,2d7fe3c37ccc10fcf97d3c8548feeb6bf4b8608ac84a5bcca2d8de4068e742a8,ffc87725e8b7b3a8d4f18478c1cfb0c8498e1cb69e5ee86381ef6ec8dcf0a9f5,valid,valid,true,valid,
exact_row_duplicate,2d7fe3c37ccc10fcf97d3c8548feeb6bf4b8608ac84a5bcca2d8de4068e742a8,3,2,within_file,,f2261fe85c9203ce2d62d2a793a8292426379f065efbc3dcd06425e2c722fe1a,Defra__25k_May_25.csv,2025-05,553,2026-09-23T00:00:00+00:00,real_public_defra,false,,DEFRA,EA,13/05/2025,PPE - POA & AUC (OWNED) - COST - O/BAL,EA Ops-DCS-Mgt,ATKINSRÉALIS UK LTD,1001610590,40901.3,TANGIBLE NBV,KT18 5BW,CIS SUPPLIER,,ENV0002504C,Asset,20986 1253,2025-05-13,40901.3,GBP,2d7fe3c37ccc10fcf97d3c8548feeb6bf4b8608ac84a5bcca2d8de4068e742a8,ffc87725e8b7b3a8d4f18478c1cfb0c8498e1cb69e5ee86381ef6ec8dcf0a9f5,valid,valid,true,valid,
exact_row_duplicate,2d7fe3c37ccc10fcf97d3c8548feeb6bf4b8608ac84a5bcca2d8de4068e742a8,3,2,within_file,,f458aaf57c7de0c9cbdcc1325766be08e2931b923326da121682c7b1814de327,Defra__25k_May_25.csv,2025-05,554,2026-09-23T00:00:00+00:00,real_public_defra,false,,DEFRA,EA,13/05/2025,PPE - POA & AUC (OWNED) - COST - O/BAL,EA Ops-DCS-Mgt,ATKINSRÉALIS UK LTD,1001610590,40901.3,TANGIBLE NBV,KT18 5BW,CIS SUPPLIER,,ENV0002504C,Asset,20986 1253,2025-05-13,40901.3,GBP,2d7fe3c37ccc10fcf97d3c8548feeb6bf4b8608ac84a5bcca2d8de4068e742a8,ffc87725e8b7b3a8d4f18478c1cfb0c8498e1cb69e5ee86381ef6ec8dcf0a9f5,valid,valid,true,valid,
exact_row_duplicate,337f7242ab3acef4b4502d3f8326c0567e2d0126bd714eb561d95eb9fc0caed8,2,1,within_file,,98915b4b39801692df3109d34a7f29fe268d2a965420dae22c4398e2cc28bcae,Over__25K_Transparency_Jan_26.csv,2026-01,142,2026-09-23T00:00:00+00:00,real_public_defra,false,,DE,NATURAL ENGLAND,20/01/2026,EXP - PURCHASE OF GOODS/SERVICES - OTHER ICT COSTS,DIGITAL AND DATA,FIVIUM LTD,1010144848,"£29,224.80",ICT-IT Managed/Outsourced Services-IT service-Unclassified,W1F 7LD,SUPPLIER,C28376,00000000,Expense,882 5727 86,2026-01-20,29224.80,GBP,337f7242ab3acef4b4502d3f8326c0567e2d0126bd714eb561d95eb9fc0caed8,ac4ea6c4ce6f2809be3107bece4e12114f048330cfbc8e47d7e1519f2b5c8594,valid,valid,true,valid,
exact_row_duplicate,337f7242ab3acef4b4502d3f8326c0567e2d0126bd714eb561d95eb9fc0caed8,2,1,within_file,,bbdd013fd38578294dea6245f81a6109255b467932d36e6f9eb2f10fd4b8ed4d,Over__25K_Transparency_Jan_26.csv,2026-01,143,2026-09-23T00:00:00+00:00,real_public_defra,false,,DE,NATURAL ENGLAND,20/01/2026,EXP - PURCHASE OF GOODS/SERVICES - OTHER ICT COSTS,DIGITAL AND DATA,FIVIUM LTD,1010144848,"£29,224.80",ICT-IT Managed/Outsourced Services-IT service-Unclassified,W1F 7LD,SUPPLIER,C28376,00000000,Expense,882 5727 86,2026-01-20,29224.80,GBP,337f7242ab3acef4b4502d3f8326c0567e2d0126bd714eb561d95eb9fc0caed8,ac4ea6c4ce6f2809be3107bece4e12114f048330cfbc8e47d7e1519f2b5c8594,valid,valid,true,valid,
exact_row_duplicate,35f4d48c190736978db5c86da3dd267adb8b4b0bb6a7f1f3ad16db5f205f99d7,7,6,within_file,,9fe9b6da9c7cc8911b5906e0a42763f5e9d39d1b70b188e17370fab2c339680a,Defra__25k_May_25.csv,2025-05,499,2026-09-23T00:00:00+00:00,real_public_defra,false,,DEFRA,EA,12/05/2025,EXP EU CAPITAL GRANTS TO PTE SECTOR - PERS & NON PROFIT INSTIT'NS SERVING H'HOLD - CWEIY,EA Ops-KSL-Mgt,JT MACKLEY & CO LTD,1001610216,368594.23,GRANTS,BN5 9XQ,CIS SUPPLIER,,ENV0005182C,Expense,GB315857150,2025-05-12,368594.23,GBP,35f4d48c190736978db5c86da3dd267adb8b4b0bb6a7f1f3ad16db5f205f99d7,7ada97c9296e00c5e78281f91754d39e71f8c16095b55a7f17f4ee1bbcf79bde,valid,valid,true,valid,
exact_row_duplicate,35f4d48c190736978db5c86da3dd267adb8b4b0bb6a7f1f3ad16db5f205f99d7,7,6,within_file,,45e114699d8b3e6548c70234c8c2cb7f410c3e95ac00f8647b7473856b4a16a8,Defra__25k_May_25.csv,2025-05,500,2026-09-23T00:00:00+00:00,real_public_defra,false,,DEFRA,EA,12/05/2025,EXP EU CAPITAL GRANTS TO PTE SECTOR - PERS & NON PROFIT INSTIT'NS SERVING H'HOLD - CWEIY,EA Ops-KSL-Mgt,JT MACKLEY & CO LTD,1001610216,368594.23,GRANTS,BN5 9XQ,CIS SUPPLIER,,ENV0005182C,Expense,GB315857150,2025-05-12,368594.23,GBP,35f4d48c190736978db5c86da3dd267adb8b4b0bb6a7f1f3ad16db5f205f99d7,7ada97c9296e00c5e78281f91754d39e71f8c16095b55a7f17f4ee1bbcf79bde,valid,valid,true,valid,
exact_row_duplicate,35f4d48c190736978db5c86da3dd267adb8b4b0bb6a7f1f3ad16db5f205f99d7,7,6,within_file,,176e5906f30e5b3b38d2209d990af0fbaef0ac5e0761b335b2601a15c1930798,Defra__25k_May_25.csv,2025-05,501,2026-09-23T00:00:00+00:00,real_public_defra,false,,DEFRA,EA,12/05/2025,EXP EU CAPITAL GRANTS TO PTE SECTOR - PERS & NON PROFIT INSTIT'NS SERVING H'HOLD - CWEIY,EA Ops-KSL-Mgt,JT MACKLEY & CO LTD,1001610216,368594.23,GRANTS,BN5 9XQ,CIS SUPPLIER,,ENV0005182C,Expense,GB315857150,2025-05-12,368594.23,GBP,35f4d48c190736978db5c86da3dd267adb8b4b0bb6a7f1f3ad16db5f205f99d7,7ada97c9296e00c5e78281f91754d39e71f8c16095b55a7f17f4ee1bbcf79bde,valid,valid,true,valid,
exact_row_duplicate,35f4d48c190736978db5c86da3dd267adb8b4b0bb6a7f1f3ad16db5f205f99d7,7,6,within_file,,9f1ebd0611f358fb0c692d08aefc988abc33132e4835f7d722325e472afee343,Defra__25k_May_25.csv,2025-05,502,2026-09-23T00:00:00+00:00,real_public_defra,false,,DEFRA,EA,12/05/2025,EXP EU CAPITAL GRANTS TO PTE SECTOR - PERS & NON PROFIT INSTIT'NS SERVING H'HOLD - CWEIY,EA Ops-KSL-Mgt,JT MACKLEY & CO LTD,1001610216,368594.23,GRANTS,BN5 9XQ,CIS SUPPLIER,,ENV0005182C,Expense,GB315857150,2025-05-12,368594.23,GBP,35f4d48c190736978db5c86da3dd267adb8b4b0bb6a7f1f3ad16db5f205f99d7,7ada97c9296e00c5e78281f91754d39e71f8c16095b55a7f17f4ee1bbcf79bde,valid,valid,true,valid,
exact_row_duplicate,35f4d48c190736978db5c86da3dd267adb8b4b0bb6a7f1f3ad16db5f205f99d7,7,6,within_file,,4934dc4bf28b951e7addb2a1bedc5ed7838d02020d4800199e082ff93ca67237,Defra__25k_May_25.csv,2025-05,503,2026-09-23T00:00:00+00:00,real_public_defra,false,,DEFRA,EA,12/05/2025,EXP EU CAPITAL GRANTS TO PTE SECTOR - PERS & NON PROFIT INSTIT'NS SERVING H'HOLD - CWEIY,EA Ops-KSL-Mgt,JT MACKLEY & CO LTD,1001610216,368594.23,GRANTS,BN5 9XQ,CIS SUPPLIER,,ENV0005182C,Expense,GB315857150,2025-05-12,368594.23,GBP,35f4d48c190736978db5c86da3dd267adb8b4b0bb6a7f1f3ad16db5f205f99d7,7ada97c9296e00c5e78281f91754d39e71f8c16095b55a7f17f4ee1bbcf79bde,valid,valid,true,valid,
exact_row_duplicate,35f4d48c190736978db5c86da3dd267adb8b4b0bb6a7f1f3ad16db5f205f99d7,7,6,within_file,,f694fff218b9ee322832ad19ffdfe92a959a20eeed408fcdfd78cee39c03747d,Defra__25k_May_25.csv,2025-05,504,2026-09-23T00:00:00+00:00,real_public_defra,false,,DEFRA,EA,12/05/2025,EXP EU CAPITAL GRANTS TO PTE SECTOR - PERS & NON PROFIT INSTIT'NS SERVING H'HOLD - CWEIY,EA Ops-KSL-Mgt,JT MACKLEY & CO LTD,1001610216,368594.23,GRANTS,BN5 9XQ,CIS SUPPLIER,,ENV0005182C,Expense,GB315857150,2025-05-12,368594.23,GBP,35f4d48c190736978db5c86da3dd267adb8b4b0bb6a7f1f3ad16db5f205f99d7,7ada97c9296e00c5e78281f91754d39e71f8c16095b55a7f17f4ee1bbcf79bde,valid,valid,true,valid,
exact_row_duplicate,35f4d48c190736978db5c86da3dd267adb8b4b0bb6a7f1f3ad16db5f205f99d7,7,6,within_file,,dc507db873f72f7377020add22f50a11c5441be430589b6067d16135090abd6f,Defra__25k_May_25.csv,2025-05,505,2026-09-23T00:00:00+00:00,real_public_defra,false,,DEFRA,EA,12/05/2025,EXP EU CAPITAL GRANTS TO PTE SECTOR - PERS & NON PROFIT INSTIT'NS SERVING H'HOLD - CWEIY,EA Ops-KSL-Mgt,JT MACKLEY & CO LTD,1001610216,368594.23,GRANTS,BN5 9XQ,CIS SUPPLIER,,ENV0005182C,Expense,GB315857150,2025-05-12,368594.23,GBP,35f4d48c190736978db5c86da3dd267adb8b4b0bb6a7f1f3ad16db5f205f99d7,7ada97c9296e00c5e78281f91754d39e71f8c16095b55a7f17f4ee1bbcf79bde,valid,valid,true,valid,
exact_row_duplicate,38de507221f485a7af37183a084ca92cdcbb971cbd260c414d84f2d4031580be,3,2,within_file,,a268aa220c3f972c15deeed22c83e84820af8a659bc9fed3352b76d084120bb1,Defra__25k_May_25.csv,2025-05,387,2026-09-23T00:00:00+00:00,real_public_defra,false,,DEFRA,EA,02/05/2025,Exp - Purchase Of Goods/Services - Contractors,EA Ops-CLA-FCRM OPS-Mgt,JN BENTLEY LTD,1001608392,53161.34,FEES AND COMMISSIONS,BD23 2QR,THIRD PARTY,,ENV7006050R,Expense,GB395739437,2025-05-02,53161.34,GBP,38de507221f485a7af37183a084ca92cdcbb971cbd260c414d84f2d4031580be,1595cb3932deb38479b0c75577c7d483c19904ba3a3e5765f6b8b5b83af73fb4,valid,valid,true,valid,
exact_row_duplicate,38de507221f485a7af37183a084ca92cdcbb971cbd260c414d84f2d4031580be,3,2,within_file,,d9b7c0774c83dd1c4948c98caaf17defdc1f544c9a0514b4d9ad5dc5f003d679,Defra__25k_May_25.csv,2025-05,388,2026-09-23T00:00:00+00:00,real_public_defra,false,,DEFRA,EA,02/05/2025,Exp - Purchase Of Goods/Services - Contractors,EA Ops-CLA-FCRM OPS-Mgt,JN BENTLEY LTD,1001608392,53161.34,FEES AND COMMISSIONS,BD23 2QR,THIRD PARTY,,ENV7006050R,Expense,GB395739437,2025-05-02,53161.34,GBP,38de507221f485a7af37183a084ca92cdcbb971cbd260c414d84f2d4031580be,1595cb3932deb38479b0c75577c7d483c19904ba3a3e5765f6b8b5b83af73fb4,valid,valid,true,valid,
exact_row_duplicate,38de507221f485a7af37183a084ca92cdcbb971cbd260c414d84f2d4031580be,3,2,within_file,,758e9501f8bfc81d70571539f9d9dfac8725de9a79a640f505ab731c42902c2a,Defra__25k_May_25.csv,2025-05,389,2026-09-23T00:00:00+00:00,real_public_defra,false,,DEFRA,EA,02/05/2025,Exp - Purchase Of Goods/Services - Contractors,EA Ops-CLA-FCRM OPS-Mgt,JN BENTLEY LTD,1001608392,53161.34,FEES AND COMMISSIONS,BD23 2QR,THIRD PARTY,,ENV7006050R,Expense,GB395739437,2025-05-02,53161.34,GBP,38de507221f485a7af37183a084ca92cdcbb971cbd260c414d84f2d4031580be,1595cb3932deb38479b0c75577c7d483c19904ba3a3e5765f6b8b5b83af73fb4,valid,valid,true,valid,
exact_row_duplicate,3d2ecae2bcf06e8f2ec8ccd3271f1c403d4164bc75c4da1554f96d08a9ff7353,3,2,within_file,,ae3dd014e61a6d13264a154bf01e36091bb32e7167a9df816237c5a7c80008b1,Defra__25k_May_25.csv,2025-05,391,2026-09-23T00:00:00+00:00,real_public_defra,false,,DEFRA,EA,02/05/2025,EXP EU CAPITAL GRANTS TO PTE SECTOR - PERS & NON PROFIT INSTIT'NS SERVING H'HOLD - CWEIY,EA Ops-EAN-Mgt,BAM NUTTALL LTD,1001608413,619088.54,GRANTS,GU15 3XW,CIS SUPPLIER,,ENVIMAN000745,Expense,GB340316204,2025-05-02,619088.54,GBP,3d2ecae2bcf06e8f2ec8ccd3271f1c403d4164bc75c4da1554f96d08a9ff7353,120b7e5ffb4b4ff635f787005a393900c378f7c993be2bb691df5f378e93a8ca,valid,valid,true,valid,
exact_row_duplicate,3d2ecae2bcf06e8f2ec8ccd3271f1c403d4164bc75c4da1554f96d08a9ff7353,3,2,within_file,,89acade595cdf13caa0dcf40792da6b28562843956b1834192e125e44be8cd86,Defra__25k_May_25.csv,2025-05,392,2026-09-23T00:00:00+00:00,real_public_defra,false,,DEFRA,EA,02/05/2025,EXP EU CAPITAL GRANTS TO PTE SECTOR - PERS & NON PROFIT INSTIT'NS SERVING H'HOLD - CWEIY,EA Ops-EAN-Mgt,BAM NUTTALL LTD,1001608413,619088.54,GRANTS,GU15 3XW,CIS SUPPLIER,,ENVIMAN000745,Expense,GB340316204,2025-05-02,619088.54,GBP,3d2ecae2bcf06e8f2ec8ccd3271f1c403d4164bc75c4da1554f96d08a9ff7353,120b7e5ffb4b4ff635f787005a393900c378f7c993be2bb691df5f378e93a8ca,valid,valid,true,valid,
exact_row_duplicate,3d2ecae2bcf06e8f2ec8ccd3271f1c403d4164bc75c4da1554f96d08a9ff7353,3,2,within_file,,b28da01b0c028048b1883208daa11cbc1fc30915855c3ba55f10e8efbab72f9c,Defra__25k_May_25.csv,2025-05,393,2026-09-23T00:00:00+00:00,real_public_defra,false,,DEFRA,EA,02/05/2025,EXP EU CAPITAL GRANTS TO PTE SECTOR - PERS & NON PROFIT INSTIT'NS SERVING H'HOLD - CWEIY,EA Ops-EAN-Mgt,BAM NUTTALL LTD,1001608413,619088.54,GRANTS,GU15 3XW,CIS SUPPLIER,,ENVIMAN000745,Expense,GB340316204,2025-05-02,619088.54,GBP,3d2ecae2bcf06e8f2ec8ccd3271f1c403d4164bc75c4da1554f96d08a9ff7353,120b7e5ffb4b4ff635f787005a393900c378f7c993be2bb691df5f378e93a8ca,valid,valid,true,valid,
exact_row_duplicate,45d5fc51babb32a9716218148729144c1b0414f80e8033f7dcbfa51f1091b851,2,1,within_file,,c35a7d37425696bae74f2b9d6be51d41119aa1c59565f05b833412928de451a4,Defra__25k_May_25.csv,2025-05,383,2026-09-23T00:00:00+00:00,real_public_defra,false,,DEFRA,EA,01/05/2025,EXP EU CAPITAL GRANTS TO PTE SECTOR - PERS & NON PROFIT INSTIT'NS SERVING H'HOLD - CWEIY,EA Ops-LNA-Mgt,JACKSON CIVIL ENGINEERING GROUP LTD.,1001608284,600257.16,GRANTS,IP1 5LT,CIS SUPPLIER,,ENV0002759C,Expense,GB 904443249,2025-05-01,600257.16,GBP,45d5fc51babb32a9716218148729144c1b0414f80e8033f7dcbfa51f1091b851,2fa5ad2fd102e27665acff185f5cfde74393dc7a9f77d819858784dd3a437641,valid,valid,true,valid,
exact_row_duplicate,45d5fc51babb32a9716218148729144c1b0414f80e8033f7dcbfa51f1091b851,2,1,within_file,,3cee09243555dfc52c6bdb0303e23cd7594b29c3a0648230f71eeaa219f92cac,Defra__25k_May_25.csv,2025-05,384,2026-09-23T00:00:00+00:00,real_public_defra,false,,DEFRA,EA,01/05/2025,EXP EU CAPITAL GRANTS TO PTE SECTOR - PERS & NON PROFIT INSTIT'NS SERVING H'HOLD - CWEIY,EA Ops-LNA-Mgt,JACKSON CIVIL ENGINEERING GROUP LTD.,1001608284,600257.16,GRANTS,IP1 5LT,CIS SUPPLIER,,ENV0002759C,Expense,GB 904443249,2025-05-01,600257.16,GBP,45d5fc51babb32a9716218148729144c1b0414f80e8033f7dcbfa51f1091b851,2fa5ad2fd102e27665acff185f5cfde74393dc7a9f77d819858784dd3a437641,valid,valid,true,valid,
exact_row_duplicate,483f97b45d137d5f33ef96c3305cba76a7bbfc66d915a397910365fa840f33f3,2,1,within_file,,e908d1e71b3c0b6a88eb75844e7efe26fbef0e8dba11533b9b530d18a5cb7c2e,Defra__25k_May_25.csv,2025-05,869,2026-09-23T00:00:00+00:00,real_public_defra,false,,DEFRA,EA,27/05/2025,Exp - Purchase Of Goods/Services - Consultancy,EA FCRM Dir-MPPD-PCM-SE,ARCADIS CONSULTING UK LTD,1001613589,179729.85,FEES AND COMMISSIONS,EC3M 4BY,SUPPLIER,,,Expense,GB 8727 99950,2025-05-27,179729.85,GBP,483f97b45d137d5f33ef96c3305cba76a7bbfc66d915a397910365fa840f33f3,ab25ddefb7e9ec3b15c5685be95a65f52d434bbaa40891813dbbb06a32a306ac,valid,valid,true,valid,
exact_row_duplicate,483f97b45d137d5f33ef96c3305cba76a7bbfc66d915a397910365fa840f33f3,2,1,within_file,,46071e2d92f4a51c153479806f8a8803bcc20b4c244e6b5534dd990c703df58d,Defra__25k_May_25.csv,2025-05,870,2026-09-23T00:00:00+00:00,real_public_defra,false,,DEFRA,EA,27/05/2025,Exp - Purchase Of Goods/Services - Consultancy,EA FCRM Dir-MPPD-PCM-SE,ARCADIS CONSULTING UK LTD,1001613589,179729.85,FEES AND COMMISSIONS,EC3M 4BY,SUPPLIER,,,Expense,GB 8727 99950,2025-05-27,179729.85,GBP,483f97b45d137d5f33ef96c3305cba76a7bbfc66d915a397910365fa840f33f3,ab25ddefb7e9ec3b15c5685be95a65f52d434bbaa40891813dbbb06a32a306ac,valid,valid,true,valid,
exact_row_duplicate,4990304e28f4dd8009978309db01013ec8540460183830dd02a36296b18fd7d5,2,1,within_file,,6c77506a24f654d40e416876605ea083e4eefdae2864db5edf7dc586c4925540,Defra__25k_May_25.csv,2025-05,880,2026-09-23T00:00:00+00:00,real_public_defra,false,,DEFRA,EA,28/05/2025,PPE - POA & AUC (OWNED) - COST - O/BAL,EA Ops-SSD-Mgt,VOLKERSTEVIN INFRASTRUCTURE LTD,1001613711,242655.44,TANGIBLE NBV,EN11 9BX,CIS SUPPLIER,,ENV0003545C,Asset,GB424894330,2025-05-28,242655.44,GBP,4990304e28f4dd8009978309db01013ec8540460183830dd02a36296b18fd7d5,a14a12301f46406a2d69a5cbd457bb5cd2540fd0645025b71ea8164c5a0ec633,valid,valid,true,valid,
exact_row_duplicate,4990304e28f4dd8009978309db01013ec8540460183830dd02a36296b18fd7d5,2,1,within_file,,95c0ab8954f605e1d46268be16038a18781898cba5fcf18f8f30c6e837788603,Defra__25k_May_25.csv,2025-05,881,2026-09-23T00:00:00+00:00,real_public_defra,false,,DEFRA,EA,28/05/2025,PPE - POA & AUC (OWNED) - COST - O/BAL,EA Ops-SSD-Mgt,VOLKERSTEVIN INFRASTRUCTURE LTD,1001613711,242655.44,TANGIBLE NBV,EN11 9BX,CIS SUPPLIER,,ENV0003545C,Asset,GB424894330,2025-05-28,242655.44,GBP,4990304e28f4dd8009978309db01013ec8540460183830dd02a36296b18fd7d5,a14a12301f46406a2d69a5cbd457bb5cd2540fd0645025b71ea8164c5a0ec633,valid,valid,true,valid,
exact_row_duplicate,4a8b80996738524c4b60d793385b37ca9715541e3c35192fdfdfc6363a84b1f5,2,1,within_file,,23b9f31d3df861458277d4865a09de333cf3864057a72d588ff8e964c0455eb8,Defra__25k_May_25.csv,2025-05,906,2026-09-23T00:00:00+00:00,real_public_defra,false,,DEFRA,EA,29/05/2025,EXP EU CAPITAL GRANTS TO PTE SECTOR - PERS & NON PROFIT INSTIT'NS SERVING H'HOLD - CWEIY,EA Ops-WSX-Mgt,ATKINSRÉALIS UK LTD,1001614091,146777.53,GRANTS,KT18 5BW,CIS SUPPLIER,,ENVIMSW002130,Expense,20986 1253,2025-05-29,146777.53,GBP,4a8b80996738524c4b60d793385b37ca9715541e3c35192fdfdfc6363a84b1f5,2c46f0e525395463bff91f54a5905397b6340c6d7e98aad55aece9ca3289d586,valid,valid,true,valid,
exact_row_duplicate,4a8b80996738524c4b60d793385b37ca9715541e3c35192fdfdfc6363a84b1f5,2,1,within_file,,d4f0ca4f864f689e3b6a9ef32910afe31c7a921bf00ea8cdf283e7ef8ef20ce2,Defra__25k_May_25.csv,2025-05,907,2026-09-23T00:00:00+00:00,real_public_defra,false,,DEFRA,EA,29/05/2025,EXP EU CAPITAL GRANTS TO PTE SECTOR - PERS & NON PROFIT INSTIT'NS SERVING H'HOLD - CWEIY,EA Ops-WSX-Mgt,ATKINSRÉALIS UK LTD,1001614091,146777.53,GRANTS,KT18 5BW,CIS SUPPLIER,,ENVIMSW002130,Expense,20986 1253,2025-05-29,146777.53,GBP,4a8b80996738524c4b60d793385b37ca9715541e3c35192fdfdfc6363a84b1f5,2c46f0e525395463bff91f54a5905397b6340c6d7e98aad55aece9ca3289d586,valid,valid,true,valid,
exact_row_duplicate,4e0d39dd34dc2630ebe99bf7760522a22c321d02ae6c0ee6921ed7986c6a5064,4,3,within_file,,10bc22319f1af36e0bbe8aab192001d585b17069fe1f9d36dadca7e69fcfcc09,Defra__25k_May_25.csv,2025-05,473,2026-09-23T00:00:00+00:00,real_public_defra,false,,DEFRA,EA,09/05/2025,EXP EU CAPITAL GRANTS TO PTE SECTOR - PERS & NON PROFIT INSTIT'NS SERVING H'HOLD - CWEIY,EA Ops-DCS-Mgt,KIER INTERGRATED SERVICES LTD,1001609826,77898.76,GRANTS,M2 2EE,SUPPLIER,,ENV0005442C,Expense,1055 40018,2025-05-09,77898.76,GBP,4e0d39dd34dc2630ebe99bf7760522a22c321d02ae6c0ee6921ed7986c6a5064,73d61b48831996b85285e649d0ac04adb8f61aaff79ecbe4a6b3a3da22c62b3f,valid,valid,true,valid,
exact_row_duplicate,4e0d39dd34dc2630ebe99bf7760522a22c321d02ae6c0ee6921ed7986c6a5064,4,3,within_file,,62bfa6edaf9e3ee3d4b6bb788d64dabf82392de1e023b64b05ce0cd683c82933,Defra__25k_May_25.csv,2025-05,474,2026-09-23T00:00:00+00:00,real_public_defra,false,,DEFRA,EA,09/05/2025,EXP EU CAPITAL GRANTS TO PTE SECTOR - PERS & NON PROFIT INSTIT'NS SERVING H'HOLD - CWEIY,EA Ops-DCS-Mgt,KIER INTERGRATED SERVICES LTD,1001609826,77898.76,GRANTS,M2 2EE,SUPPLIER,,ENV0005442C,Expense,1055 40018,2025-05-09,77898.76,GBP,4e0d39dd34dc2630ebe99bf7760522a22c321d02ae6c0ee6921ed7986c6a5064,73d61b48831996b85285e649d0ac04adb8f61aaff79ecbe4a6b3a3da22c62b3f,valid,valid,true,valid,
exact_row_duplicate,4e0d39dd34dc2630ebe99bf7760522a22c321d02ae6c0ee6921ed7986c6a5064,4,3,within_file,,1fd76768f15b7dba0f9ff468635468b8419e8a552aa126c5bb3232f8d91ab4d1,Defra__25k_May_25.csv,2025-05,475,2026-09-23T00:00:00+00:00,real_public_defra,false,,DEFRA,EA,09/05/2025,EXP EU CAPITAL GRANTS TO PTE SECTOR - PERS & NON PROFIT INSTIT'NS SERVING H'HOLD - CWEIY,EA Ops-DCS-Mgt,KIER INTERGRATED SERVICES LTD,1001609826,77898.76,GRANTS,M2 2EE,SUPPLIER,,ENV0005442C,Expense,1055 40018,2025-05-09,77898.76,GBP,4e0d39dd34dc2630ebe99bf7760522a22c321d02ae6c0ee6921ed7986c6a5064,73d61b48831996b85285e649d0ac04adb8f61aaff79ecbe4a6b3a3da22c62b3f,valid,valid,true,valid,
exact_row_duplicate,4e0d39dd34dc2630ebe99bf7760522a22c321d02ae6c0ee6921ed7986c6a5064,4,3,within_file,,8a510204726ea2ea7d5b50110e79dc6f145ad0dbf9a6a0379de01ef06d4dca7f,Defra__25k_May_25.csv,2025-05,476,2026-09-23T00:00:00+00:00,real_public_defra,false,,DEFRA,EA,09/05/2025,EXP EU CAPITAL GRANTS TO PTE SECTOR - PERS & NON PROFIT INSTIT'NS SERVING H'HOLD - CWEIY,EA Ops-DCS-Mgt,KIER INTERGRATED SERVICES LTD,1001609826,77898.76,GRANTS,M2 2EE,SUPPLIER,,ENV0005442C,Expense,1055 40018,2025-05-09,77898.76,GBP,4e0d39dd34dc2630ebe99bf7760522a22c321d02ae6c0ee6921ed7986c6a5064,73d61b48831996b85285e649d0ac04adb8f61aaff79ecbe4a6b3a3da22c62b3f,valid,valid,true,valid,
exact_row_duplicate,4ebb42cf8e51e8e142fb34e968e5ba8c25ea5523c86e3126d8f564c0bf1e10db,2,1,within_file,,403fa6b8d268c32ce85606ae7421a53d9d3d1e87772b0f6eca9b62c3a6ccbe86,Defra__25k_May_25.csv,2025-05,723,2026-09-23T00:00:00+00:00,real_public_defra,false,,DEFRA,EA,19/05/2025,EXP - PURCHASE OF GOODS/SERVICES - OTHER PROFESSIONAL SERVICES,EA FCRM Dir-MPPD-PCM-Mids,JEREMY BENN ASSOCIATES LTD,1001612006,152246.11,FEES AND COMMISSIONS,BD23 3AE,SUPPLIER,,,Expense,665 3009 41,2025-05-19,152246.11,GBP,4ebb42cf8e51e8e142fb34e968e5ba8c25ea5523c86e3126d8f564c0bf1e10db,b1cbff6160ede74b95c7938b204896e98ce4660e1333b957a277f9d80d1db4a4,valid,valid,true,valid,
exact_row_duplicate,4ebb42cf8e51e8e142fb34e968e5ba8c25ea5523c86e3126d8f564c0bf1e10db,2,1,within_file,,1c6b032d5b84c37383731952d29e9c4271fdadfc6f0547ff69899425d2e49261,Defra__25k_May_25.csv,2025-05,725,2026-09-23T00:00:00+00:00,real_public_defra,false,,DEFRA,EA,19/05/2025,EXP - PURCHASE OF GOODS/SERVICES - OTHER PROFESSIONAL SERVICES,EA FCRM Dir-MPPD-PCM-Mids,JEREMY BENN ASSOCIATES LTD,1001612006,152246.11,FEES AND COMMISSIONS,BD23 3AE,SUPPLIER,,,Expense,665 3009 41,2025-05-19,152246.11,GBP,4ebb42cf8e51e8e142fb34e968e5ba8c25ea5523c86e3126d8f564c0bf1e10db,b1cbff6160ede74b95c7938b204896e98ce4660e1333b957a277f9d80d1db4a4,valid,valid,true,valid,
exact_row_duplicate,4ec54a2fcb1712db96c2eb4a12ff37a8fc0a7d16af357737762ac05e568a6107,3,2,within_file,,91533cac14caa5919e0cee04b13b8aa888126e3f961942295c3469513663f4a3,Defra__25k_May_25.csv,2025-05,706,2026-09-23T00:00:00+00:00,real_public_defra,false,,DEFRA,EA,19/05/2025,Exp - Purchase Of Goods/Services - Contractors,EA E and B-NP-F&N-Partnerships,ANGLING TRUST,1001611757,191310,FEES AND COMMISSIONS,DE7 5GF,SUPPLIER,,ENVEBPLW13009,Expense,948411215,2025-05-19,191310,GBP,4ec54a2fcb1712db96c2eb4a12ff37a8fc0a7d16af357737762ac05e568a6107,d5cf17e94d8b878a5a06b1b5f6ac36832f6fd6a23eade5f1d3cc6ccab1615591,valid,valid,true,valid,
exact_row_duplicate,4ec54a2fcb1712db96c2eb4a12ff37a8fc0a7d16af357737762ac05e568a6107,3,2,within_file,,056c35bcb3f7f645eb530d3ceab95cac563cfddc3e783fc1f1dbfdae21fcb9e7,Defra__25k_May_25.csv,2025-05,707,2026-09-23T00:00:00+00:00,real_public_defra,false,,DEFRA,EA,19/05/2025,Exp - Purchase Of Goods/Services - Contractors,EA E and B-NP-F&N-Partnerships,ANGLING TRUST,1001611757,191310,FEES AND COMMISSIONS,DE7 5GF,SUPPLIER,,ENVEBPLW13009,Expense,948411215,2025-05-19,191310,GBP,4ec54a2fcb1712db96c2eb4a12ff37a8fc0a7d16af357737762ac05e568a6107,d5cf17e94d8b878a5a06b1b5f6ac36832f6fd6a23eade5f1d3cc6ccab1615591,valid,valid,true,valid,
exact_row_duplicate,4ec54a2fcb1712db96c2eb4a12ff37a8fc0a7d16af357737762ac05e568a6107,3,2,within_file,,e5b3e4c5226a6f34c5b8a411ed455b7c1359a7b11deeb7ea55c2a4738623654d,Defra__25k_May_25.csv,2025-05,708,2026-09-23T00:00:00+00:00,real_public_defra,false,,DEFRA,EA,19/05/2025,Exp - Purchase Of Goods/Services - Contractors,EA E and B-NP-F&N-Partnerships,ANGLING TRUST,1001611757,191310,FEES AND COMMISSIONS,DE7 5GF,SUPPLIER,,ENVEBPLW13009,Expense,948411215,2025-05-19,191310,GBP,4ec54a2fcb1712db96c2eb4a12ff37a8fc0a7d16af357737762ac05e568a6107,d5cf17e94d8b878a5a06b1b5f6ac36832f6fd6a23eade5f1d3cc6ccab1615591,valid,valid,true,valid,
exact_row_duplicate,51f35526c1e06c478e2249992643001d92a13100da05f9a821e9feee2f8c744d,2,1,within_file,,cf2a12c82121807889b18a7cff8ecaf916294a4e547f50cb576a052d8b3ff9ec,Defra__25k_May_25.csv,2025-05,588,2026-09-23T00:00:00+00:00,real_public_defra,false,,DEFRA,EA,14/05/2025,EXP - PURCHASE OF GOODS/SERVICES - ICT OUTSOURCING & MAINT/SUPPORT,EA Ops-IM&R-DigiS-Forecasting & Warning,FUJITSU SERVICES LTD,1001610984,129155.63,FEES AND COMMISSIONS,B37 7YU,CIS SUPPLIER,,,Expense,576983668,2025-05-14,129155.63,GBP,51f35526c1e06c478e2249992643001d92a13100da05f9a821e9feee2f8c744d,e9b7135d1b77bca112685b29ec46a2e204060ebcd13ab10c9129a861142ea6f5,valid,valid,true,valid,
exact_row_duplicate,51f35526c1e06c478e2249992643001d92a13100da05f9a821e9feee2f8c744d,2,1,within_file,,347013862fad666ee5575eea15e721290beb87969f43f4db32a7728dd3bb332e,Defra__25k_May_25.csv,2025-05,589,2026-09-23T00:00:00+00:00,real_public_defra,false,,DEFRA,EA,14/05/2025,EXP - PURCHASE OF GOODS/SERVICES - ICT OUTSOURCING & MAINT/SUPPORT,EA Ops-IM&R-DigiS-Forecasting & Warning,FUJITSU SERVICES LTD,1001610984,129155.63,FEES AND COMMISSIONS,B37 7YU,CIS SUPPLIER,,,Expense,576983668,2025-05-14,129155.63,GBP,51f35526c1e06c478e2249992643001d92a13100da05f9a821e9feee2f8c744d,e9b7135d1b77bca112685b29ec46a2e204060ebcd13ab10c9129a861142ea6f5,valid,valid,true,valid,
exact_row_duplicate,5757414b606c69929e17fb10526adcd0478012d6c68a6c8b05cf32b0f3126cb6,3,2,within_file,,86f90fb19729bc3447c0ea8ce3a68f6453b105ad09d85c1d29c319b8ab3eeb83,Defra__25k_May_25.csv,2025-05,575,2026-09-23T00:00:00+00:00,real_public_defra,false,,DEFRA,EA,14/05/2025,"EXP - PURCHASE OF GOODS/SERVICES - OTHER - V&P, BOATS & AIRCRAFT - PURCHASE",EA STA-CNS-DGFS-Mgt,NOVUNA VEHICLE SOLUTIONS,1001610907,183231.62,TRANSPORT & PLANT,RG14 2NU,SUPPLIER,,ENVHORES00187,Expense,GB 823824822,2025-05-14,183231.62,GBP,5757414b606c69929e17fb10526adcd0478012d6c68a6c8b05cf32b0f3126cb6,e6dc3473c834a98ef24580595a73e2ba9bd5798c91be6d639a06000852bda6c9,valid,valid,true,valid,
exact_row_duplicate,5757414b606c69929e17fb10526adcd0478012d6c68a6c8b05cf32b0f3126cb6,3,2,within_file,,8a19c161af367ad87fb4c21eb958712e23d9e5c9f2fab88fca8368ed870144ce,Defra__25k_May_25.csv,2025-05,576,2026-09-23T00:00:00+00:00,real_public_defra,false,,DEFRA,EA,14/05/2025,"EXP - PURCHASE OF GOODS/SERVICES - OTHER - V&P, BOATS & AIRCRAFT - PURCHASE",EA STA-CNS-DGFS-Mgt,NOVUNA VEHICLE SOLUTIONS,1001610907,183231.62,TRANSPORT & PLANT,RG14 2NU,SUPPLIER,,ENVHORES00187,Expense,GB 823824822,2025-05-14,183231.62,GBP,5757414b606c69929e17fb10526adcd0478012d6c68a6c8b05cf32b0f3126cb6,e6dc3473c834a98ef24580595a73e2ba9bd5798c91be6d639a06000852bda6c9,valid,valid,true,valid,
exact_row_duplicate,5757414b606c69929e17fb10526adcd0478012d6c68a6c8b05cf32b0f3126cb6,3,2,within_file,,fab1ca78947b33b0c947c365ee958657537aae46af484073f7bf080a29272fe9,Defra__25k_May_25.csv,2025-05,577,2026-09-23T00:00:00+00:00,real_public_defra,false,,DEFRA,EA,14/05/2025,"EXP - PURCHASE OF GOODS/SERVICES - OTHER - V&P, BOATS & AIRCRAFT - PURCHASE",EA STA-CNS-DGFS-Mgt,NOVUNA VEHICLE SOLUTIONS,1001610907,183231.62,TRANSPORT & PLANT,RG14 2NU,SUPPLIER,,ENVHORES00187,Expense,GB 823824822,2025-05-14,183231.62,GBP,5757414b606c69929e17fb10526adcd0478012d6c68a6c8b05cf32b0f3126cb6,e6dc3473c834a98ef24580595a73e2ba9bd5798c91be6d639a06000852bda6c9,valid,valid,true,valid,
exact_row_duplicate,5776696edc039dca20025aa4469fa51f997ab170b0f2a41c2bdc9bc4ffb71795,2,1,within_file,,33a102dddc9e2c990b6d73d5e5f21934b7ac049e10b7101c0d03cfe1a00d8ef1,Defra__25k_May_25.csv,2025-05,767,2026-09-23T00:00:00+00:00,real_public_defra,false,,DEFRA,EA,21/05/2025,PPE - POA & AUC (OWNED) - COST - O/BAL,EA Ops-GMC-Mgt,JACOBS UK LTD,1001612567,176821.54,TANGIBLE NBV,SE1 2QG,CIS SUPPLIER,,ENVIMNW000100,Asset,GB624298920,2025-05-21,176821.54,GBP,5776696edc039dca20025aa4469fa51f997ab170b0f2a41c2bdc9bc4ffb71795,c5f3a67eb6cd3e2b936e564fee41011fb67eb137b388ea17a9bbef91a39e4953,valid,valid,true,valid,
exact_row_duplicate,5776696edc039dca20025aa4469fa51f997ab170b0f2a41c2bdc9bc4ffb71795,2,1,within_file,,118a1790dcd5f23da26209f7ccebfb75c674bd5071f4538e6e01b89b382f2fb5,Defra__25k_May_25.csv,2025-05,768,2026-09-23T00:00:00+00:00,real_public_defra,false,,DEFRA,EA,21/05/2025,PPE - POA & AUC (OWNED) - COST - O/BAL,EA Ops-GMC-Mgt,JACOBS UK LTD,1001612567,176821.54,TANGIBLE NBV,SE1 2QG,CIS SUPPLIER,,ENVIMNW000100,Asset,GB624298920,2025-05-21,176821.54,GBP,5776696edc039dca20025aa4469fa51f997ab170b0f2a41c2bdc9bc4ffb71795,c5f3a67eb6cd3e2b936e564fee41011fb67eb137b388ea17a9bbef91a39e4953,valid,valid,true,valid,
exact_row_duplicate,5bf76d6141ab287e7113776d1a8321e92f187e3fa7d39454725f603d4bc5a7f4,2,1,within_file,,d1709f71a117a588f93569ffafcf2ffa3a4afe09b6ab3de3a2bee819aa5c5411,Defra__25k_May_25.csv,2025-05,689,2026-09-23T00:00:00+00:00,real_public_defra,false,,DEFRA,EA,16/05/2025,EXP - PURCHASE OF GOODS/SERVICES - OTHER - INSURANCE PREMIUMS,EA STA-CNS-DGFS-Mgt,AON LTD,1001611677,3442471.33,INSURANCE,LE1 1DR,SUPPLIER,,ENVHORES00187,Expense,GB 480840148,2025-05-16,3442471.33,GBP,5bf76d6141ab287e7113776d1a8321e92f187e3fa7d39454725f603d4bc5a7f4,1ca66287714fb43939bd9c7a87358d0a0f72597f529bbc210881649b37a4dbec,valid,valid,true,valid,
exact_row_duplicate,5bf76d6141ab287e7113776d1a8321e92f187e3fa7d39454725f603d4bc5a7f4,2,1,within_file,,2309d50d9c941ec332f8b0b21e8f1cb726431d6cbfb6d0195493538eb61c0241,Defra__25k_May_25.csv,2025-05,690,2026-09-23T00:00:00+00:00,real_public_defra,false,,DEFRA,EA,16/05/2025,EXP - PURCHASE OF GOODS/SERVICES - OTHER - INSURANCE PREMIUMS,EA STA-CNS-DGFS-Mgt,AON LTD,1001611677,3442471.33,INSURANCE,LE1 1DR,SUPPLIER,,ENVHORES00187,Expense,GB 480840148,2025-05-16,3442471.33,GBP,5bf76d6141ab287e7113776d1a8321e92f187e3fa7d39454725f603d4bc5a7f4,1ca66287714fb43939bd9c7a87358d0a0f72597f529bbc210881649b37a4dbec,valid,valid,true,valid,
exact_row_duplicate,5e8f759eaf531a47899b0209a50ba2856d4e37c444d94c4b4b603e70d8c7588f,2,1,within_file,,42e07a0acaf63bfd6917f4f6663ddfbd1f07cc8d6ffc87e67207b458d4972ee2,Defra__25k_May_25.csv,2025-05,459,2026-09-23T00:00:00+00:00,real_public_defra,false,,DEFRA,EA,08/05/2025,Exp - Purchase Of Goods/Services - Contractors,EA Ops-LNA-FCRM OPS Supra Area MEICA-Mgt,AMALGAMATED CONSTRUCTION LTD,1001609687,29057.34,FEES AND COMMISSIONS,LS15 8ZB,CIS SUPPLIER,,ENV6007251R,Expense,GB927150433,2025-05-08,29057.34,GBP,5e8f759eaf531a47899b0209a50ba2856d4e37c444d94c4b4b603e70d8c7588f,817967c72abd123ac46a384029923ba555375a0b58f47db71ff0d3b2e22eae28,valid,valid,true,valid,
exact_row_duplicate,5e8f759eaf531a47899b0209a50ba2856d4e37c444d94c4b4b603e70d8c7588f,2,1,within_file,,d6bfa10a05825c4e6e755eebbac0543010c8eeb822548cbcc0e618dbd9586a44,Defra__25k_May_25.csv,2025-05,460,2026-09-23T00:00:00+00:00,real_public_defra,false,,DEFRA,EA,08/05/2025,Exp - Purchase Of Goods/Services - Contractors,EA Ops-LNA-FCRM OPS Supra Area MEICA-Mgt,AMALGAMATED CONSTRUCTION LTD,1001609687,29057.34,FEES AND COMMISSIONS,LS15 8ZB,CIS SUPPLIER,,ENV6007251R,Expense,GB927150433,2025-05-08,29057.34,GBP,5e8f759eaf531a47899b0209a50ba2856d4e37c444d94c4b4b603e70d8c7588f,817967c72abd123ac46a384029923ba555375a0b58f47db71ff0d3b2e22eae28,valid,valid,true,valid,
exact_row_duplicate,624a7cb741cbfd1d35d4f62896fa209f327c9d82af89a95cd12dde612e0377aa,2,1,within_file,,d7c9108bea9d2633f07b3c73384d76620ca8189aadc6c037107b9d2b9672bcf0,Defra__25k_May_25.csv,2025-05,785,2026-09-23T00:00:00+00:00,real_public_defra,false,,DEFRA,EA,22/05/2025,EXP EU CAPITAL GRANTS TO PTE SECTOR - PERS & NON PROFIT INSTIT'NS SERVING H'HOLD - CWEIY,EA Ops-YOR-Mgt,OVE ARUP & PARTNERS LTD,1001612719,146680.83,GRANTS,NE1 3PL,SUPPLIER,,ENV0003357C,Expense,GB524461265,2025-05-22,146680.83,GBP,624a7cb741cbfd1d35d4f62896fa209f327c9d82af89a95cd12dde612e0377aa,48eaeb1ca5e9ac442e4f1ecb64ff8d574bcd1fa7d25abcae3165e2f531f09be6,valid,valid,true,valid,
exact_row_duplicate,624a7cb741cbfd1d35d4f62896fa209f327c9d82af89a95cd12dde612e0377aa,2,1,within_file,,78403d3e6700fd18b84cc72754fee0a4dcff647441e4b37dd398fafc90f3760d,Defra__25k_May_25.csv,2025-05,786,2026-09-23T00:00:00+00:00,real_public_defra,false,,DEFRA,EA,22/05/2025,EXP EU CAPITAL GRANTS TO PTE SECTOR - PERS & NON PROFIT INSTIT'NS SERVING H'HOLD - CWEIY,EA Ops-YOR-Mgt,OVE ARUP & PARTNERS LTD,1001612719,146680.83,GRANTS,NE1 3PL,SUPPLIER,,ENV0003357C,Expense,GB524461265,2025-05-22,146680.83,GBP,624a7cb741cbfd1d35d4f62896fa209f327c9d82af89a95cd12dde612e0377aa,48eaeb1ca5e9ac442e4f1ecb64ff8d574bcd1fa7d25abcae3165e2f531f09be6,valid,valid,true,valid,
exact_row_duplicate,6314d083123e5c69366e48d958e440e0f32be2fff30866c1df73677ab3ef6314,2,1,within_file,,e5819fa1f2665fdb2adf5d72e095b1ea0b3351e40455ef54eb23c858663b132f,Defra__25k_May_25.csv,2025-05,377,2026-09-23T00:00:00+00:00,real_public_defra,false,,DEFRA,EA,01/05/2025,EXP - PURCHASE OF GOODS/SERVICES - OTHER PROFESSIONAL SERVICES,EA E and B-Water-WQ&I-Int Water Plg and Prog,HITACHI SOLUTIONS EUROPE LTD,1001608221,111633.29,FEES AND COMMISSIONS,EC2 4AY,SUPPLIER,,,Expense,,2025-05-01,111633.29,GBP,6314d083123e5c69366e48d958e440e0f32be2fff30866c1df73677ab3ef6314,d8a5661f766dd30dfaa777a47f590a534a7f17faf3d026110386e059be9f0e65,valid,valid,true,valid,
exact_row_duplicate,6314d083123e5c69366e48d958e440e0f32be2fff30866c1df73677ab3ef6314,2,1,within_file,,f016b69db48da2a8bfc8cc583b375398efd93f4161f2fe4156286e86139c8370,Defra__25k_May_25.csv,2025-05,378,2026-09-23T00:00:00+00:00,real_public_defra,false,,DEFRA,EA,01/05/2025,EXP - PURCHASE OF GOODS/SERVICES - OTHER PROFESSIONAL SERVICES,EA E and B-Water-WQ&I-Int Water Plg and Prog,HITACHI SOLUTIONS EUROPE LTD,1001608221,111633.29,FEES AND COMMISSIONS,EC2 4AY,SUPPLIER,,,Expense,,2025-05-01,111633.29,GBP,6314d083123e5c69366e48d958e440e0f32be2fff30866c1df73677ab3ef6314,d8a5661f766dd30dfaa777a47f590a534a7f17faf3d026110386e059be9f0e65,valid,valid,true,valid,
exact_row_duplicate,66cc92f64558b181070bb2e29c97d995113062bdc3c02e01f0b1512367bcf282,5,4,within_file,,64376ecbad72b6a21960e41503c3da5028f2d5b9f6abe050ca86be4066060746,Defra__25k_May_25.csv,2025-05,650,2026-09-23T00:00:00+00:00,real_public_defra,false,,DEFRA,EA,15/05/2025,EXP EU CAPITAL GRANTS TO PTE SECTOR - PERS & NON PROFIT INSTIT'NS SERVING H'HOLD - CWEIY,EA Ops-WMD-Mgt,OVE ARUP & PARTNERS LTD,1001611416,240275.72,GRANTS,NE1 3PL,SUPPLIER,,ENV0001190C,Expense,GB524461265,2025-05-15,240275.72,GBP,66cc92f64558b181070bb2e29c97d995113062bdc3c02e01f0b1512367bcf282,5e2c0ab83042511340bd47e8a1afa29b0da33d198a9b8613dad8de67abeee2d6,valid,valid,true,valid,
exact_row_duplicate,66cc92f64558b181070bb2e29c97d995113062bdc3c02e01f0b1512367bcf282,5,4,within_file,,f5baf1a59fac7c213991715f1f3850f54da9b0d4707f0247df0cd006d00c04b6,Defra__25k_May_25.csv,2025-05,651,2026-09-23T00:00:00+00:00,real_public_defra,false,,DEFRA,EA,15/05/2025,EXP EU CAPITAL GRANTS TO PTE SECTOR - PERS & NON PROFIT INSTIT'NS SERVING H'HOLD - CWEIY,EA Ops-WMD-Mgt,OVE ARUP & PARTNERS LTD,1001611416,240275.72,GRANTS,NE1 3PL,SUPPLIER,,ENV0001190C,Expense,GB524461265,2025-05-15,240275.72,GBP,66cc92f64558b181070bb2e29c97d995113062bdc3c02e01f0b1512367bcf282,5e2c0ab83042511340bd47e8a1afa29b0da33d198a9b8613dad8de67abeee2d6,valid,valid,true,valid,
exact_row_duplicate,66cc92f64558b181070bb2e29c97d995113062bdc3c02e01f0b1512367bcf282,5,4,within_file,,2ef8439eed2f12bbcbb3f5db6d8aee68e6131b267dac63e7ee560122583b2cfd,Defra__25k_May_25.csv,2025-05,652,2026-09-23T00:00:00+00:00,real_public_defra,false,,DEFRA,EA,15/05/2025,EXP EU CAPITAL GRANTS TO PTE SECTOR - PERS & NON PROFIT INSTIT'NS SERVING H'HOLD - CWEIY,EA Ops-WMD-Mgt,OVE ARUP & PARTNERS LTD,1001611416,240275.72,GRANTS,NE1 3PL,SUPPLIER,,ENV0001190C,Expense,GB524461265,2025-05-15,240275.72,GBP,66cc92f64558b181070bb2e29c97d995113062bdc3c02e01f0b1512367bcf282,5e2c0ab83042511340bd47e8a1afa29b0da33d198a9b8613dad8de67abeee2d6,valid,valid,true,valid,
exact_row_duplicate,66cc92f64558b181070bb2e29c97d995113062bdc3c02e01f0b1512367bcf282,5,4,within_file,,d2b2e5a1aa85c5720b8b618895cde1c1351850349d1243e83a6b837dbdf018c7,Defra__25k_May_25.csv,2025-05,653,2026-09-23T00:00:00+00:00,real_public_defra,false,,DEFRA,EA,15/05/2025,EXP EU CAPITAL GRANTS TO PTE SECTOR - PERS & NON PROFIT INSTIT'NS SERVING H'HOLD - CWEIY,EA Ops-WMD-Mgt,OVE ARUP & PARTNERS LTD,1001611416,240275.72,GRANTS,NE1 3PL,SUPPLIER,,ENV0001190C,Expense,GB524461265,2025-05-15,240275.72,GBP,66cc92f64558b181070bb2e29c97d995113062bdc3c02e01f0b1512367bcf282,5e2c0ab83042511340bd47e8a1afa29b0da33d198a9b8613dad8de67abeee2d6,valid,valid,true,valid,
exact_row_duplicate,66cc92f64558b181070bb2e29c97d995113062bdc3c02e01f0b1512367bcf282,5,4,within_file,,ae454dd241cba511c945e748640aa2fafd5bd21970cbe9b7bfb4f4f12d324e6a,Defra__25k_May_25.csv,2025-05,654,2026-09-23T00:00:00+00:00,real_public_defra,false,,DEFRA,EA,15/05/2025,EXP EU CAPITAL GRANTS TO PTE SECTOR - PERS & NON PROFIT INSTIT'NS SERVING H'HOLD - CWEIY,EA Ops-WMD-Mgt,OVE ARUP & PARTNERS LTD,1001611416,240275.72,GRANTS,NE1 3PL,SUPPLIER,,ENV0001190C,Expense,GB524461265,2025-05-15,240275.72,GBP,66cc92f64558b181070bb2e29c97d995113062bdc3c02e01f0b1512367bcf282,5e2c0ab83042511340bd47e8a1afa29b0da33d198a9b8613dad8de67abeee2d6,valid,valid,true,valid,
exact_row_duplicate,6903a6db4e7418099d328e81132342f25930c0ec507d445878b95707d88b9d64,7,6,within_file,,621ac8c96345e04fd1403441c4cb9f6b9de3b808cbff2d8eda0a247eea24b9d5,Defra__25k_May_25.csv,2025-05,811,2026-09-23T00:00:00+00:00,real_public_defra,false,,DEFRA,EA,23/05/2025,PPE - POA & AUC (OWNED) - COST - O/BAL,EA STA-CNS-DGFS-Mgt,LISTER WILDER LTD,1001613147,379089.03,TANGIBLE NBV,RG7 1HR,SUPPLIER,,ENV0006176C,Asset,GB 435 3703 62,2025-05-23,379089.03,GBP,6903a6db4e7418099d328e81132342f25930c0ec507d445878b95707d88b9d64,7f63ff022e7a1186f2c997ae4291de1fdeb3f88065308ea830c73df09d9f082c,valid,valid,true,valid,
exact_row_duplicate,6903a6db4e7418099d328e81132342f25930c0ec507d445878b95707d88b9d64,7,6,within_file,,88e0cf057dd907e6ff36061665932ef5aadcf1d8e34e1d90fbd8407483ee24f2,Defra__25k_May_25.csv,2025-05,812,2026-09-23T00:00:00+00:00,real_public_defra,false,,DEFRA,EA,23/05/2025,PPE - POA & AUC (OWNED) - COST - O/BAL,EA STA-CNS-DGFS-Mgt,LISTER WILDER LTD,1001613147,379089.03,TANGIBLE NBV,RG7 1HR,SUPPLIER,,ENV0006176C,Asset,GB 435 3703 62,2025-05-23,379089.03,GBP,6903a6db4e7418099d328e81132342f25930c0ec507d445878b95707d88b9d64,7f63ff022e7a1186f2c997ae4291de1fdeb3f88065308ea830c73df09d9f082c,valid,valid,true,valid,
exact_row_duplicate,6903a6db4e7418099d328e81132342f25930c0ec507d445878b95707d88b9d64,7,6,within_file,,9fd153b5906417fb4273a16195879ed92ab2aa401bbdc506425be3dc722d6f71,Defra__25k_May_25.csv,2025-05,813,2026-09-23T00:00:00+00:00,real_public_defra,false,,DEFRA,EA,23/05/2025,PPE - POA & AUC (OWNED) - COST - O/BAL,EA STA-CNS-DGFS-Mgt,LISTER WILDER LTD,1001613147,379089.03,TANGIBLE NBV,RG7 1HR,SUPPLIER,,ENV0006176C,Asset,GB 435 3703 62,2025-05-23,379089.03,GBP,6903a6db4e7418099d328e81132342f25930c0ec507d445878b95707d88b9d64,7f63ff022e7a1186f2c997ae4291de1fdeb3f88065308ea830c73df09d9f082c,valid,valid,true,valid,
exact_row_duplicate,6903a6db4e7418099d328e81132342f25930c0ec507d445878b95707d88b9d64,7,6,within_file,,bf0e5c88a57632e0d14c0ddd3b3992e0717e515eb823ac8fb5e9caf9336cfc4c,Defra__25k_May_25.csv,2025-05,814,2026-09-23T00:00:00+00:00,real_public_defra,false,,DEFRA,EA,23/05/2025,PPE - POA & AUC (OWNED) - COST - O/BAL,EA STA-CNS-DGFS-Mgt,LISTER WILDER LTD,1001613147,379089.03,TANGIBLE NBV,RG7 1HR,SUPPLIER,,ENV0006176C,Asset,GB 435 3703 62,2025-05-23,379089.03,GBP,6903a6db4e7418099d328e81132342f25930c0ec507d445878b95707d88b9d64,7f63ff022e7a1186f2c997ae4291de1fdeb3f88065308ea830c73df09d9f082c,valid,valid,true,valid,
exact_row_duplicate,6903a6db4e7418099d328e81132342f25930c0ec507d445878b95707d88b9d64,7,6,within_file,,32187cf136972c7a468d6651ef7b314e21cbf2dd555e785e8dca53e561972f0b,Defra__25k_May_25.csv,2025-05,815,2026-09-23T00:00:00+00:00,real_public_defra,false,,DEFRA,EA,23/05/2025,PPE - POA & AUC (OWNED) - COST - O/BAL,EA STA-CNS-DGFS-Mgt,LISTER WILDER LTD,1001613147,379089.03,TANGIBLE NBV,RG7 1HR,SUPPLIER,,ENV0006176C,Asset,GB 435 3703 62,2025-05-23,379089.03,GBP,6903a6db4e7418099d328e81132342f25930c0ec507d445878b95707d88b9d64,7f63ff022e7a1186f2c997ae4291de1fdeb3f88065308ea830c73df09d9f082c,valid,valid,true,valid,
exact_row_duplicate,6903a6db4e7418099d328e81132342f25930c0ec507d445878b95707d88b9d64,7,6,within_file,,57946560e40b7397cb458cd0c810532cc6be36f867a0d9f3308b154f5281ce96,Defra__25k_May_25.csv,2025-05,816,2026-09-23T00:00:00+00:00,real_public_defra,false,,DEFRA,EA,23/05/2025,PPE - POA & AUC (OWNED) - COST - O/BAL,EA STA-CNS-DGFS-Mgt,LISTER WILDER LTD,1001613147,379089.03,TANGIBLE NBV,RG7 1HR,SUPPLIER,,ENV0006176C,Asset,GB 435 3703 62,2025-05-23,379089.03,GBP,6903a6db4e7418099d328e81132342f25930c0ec507d445878b95707d88b9d64,7f63ff022e7a1186f2c997ae4291de1fdeb3f88065308ea830c73df09d9f082c,valid,valid,true,valid,
exact_row_duplicate,6903a6db4e7418099d328e81132342f25930c0ec507d445878b95707d88b9d64,7,6,within_file,,db30ab0a0d3da607a52586fe490c47f0286c0112bfcdf5a4dbee01c9e0f4d151,Defra__25k_May_25.csv,2025-05,817,2026-09-23T00:00:00+00:00,real_public_defra,false,,DEFRA,EA,23/05/2025,PPE - POA & AUC (OWNED) - COST - O/BAL,EA STA-CNS-DGFS-Mgt,LISTER WILDER LTD,1001613147,379089.03,TANGIBLE NBV,RG7 1HR,SUPPLIER,,ENV0006176C,Asset,GB 435 3703 62,2025-05-23,379089.03,GBP,6903a6db4e7418099d328e81132342f25930c0ec507d445878b95707d88b9d64,7f63ff022e7a1186f2c997ae4291de1fdeb3f88065308ea830c73df09d9f082c,valid,valid,true,valid,
exact_row_duplicate,72b71d5fe590775d52b87976ca8f7245189863ee2425e17645dfa493370c46ce,2,1,within_file,,73904bbb52442d09f0710bff31c0731d530245f8009ff1b425e8cb2906183327,Defra__25k_May_25.csv,2025-05,602,2026-09-23T00:00:00+00:00,real_public_defra,false,,DEFRA,EA,14/05/2025,EXP - PURCHASE OF GOODS/SERVICES - OTHER PROFESSIONAL SERVICES,EA Ops-GPM-Monitoring-Survey-AirContracts,NPL MANAGEMENT LTD,2001002237,140241.06,FEES AND COMMISSIONS,TW11 0LW,SUPPLIER,,,Expense,GB200429166,2025-05-14,140241.06,GBP,72b71d5fe590775d52b87976ca8f7245189863ee2425e17645dfa493370c46ce,a36350bd35a6d19c53903548e987a614cb93b5822e3c46a1668de70aeb4b9ccf,valid,valid,true,valid,
exact_row_duplicate,72b71d5fe590775d52b87976ca8f7245189863ee2425e17645dfa493370c46ce,2,1,within_file,,87f1d971bc81a5d69ed53cebe080b6f4e603b7956e7489d8eea2de7314b0c541,Defra__25k_May_25.csv,2025-05,603,2026-09-23T00:00:00+00:00,real_public_defra,false,,DEFRA,EA,14/05/2025,EXP - PURCHASE OF GOODS/SERVICES - OTHER PROFESSIONAL SERVICES,EA Ops-GPM-Monitoring-Survey-AirContracts,NPL MANAGEMENT LTD,2001002237,140241.06,FEES AND COMMISSIONS,TW11 0LW,SUPPLIER,,,Expense,GB200429166,2025-05-14,140241.06,GBP,72b71d5fe590775d52b87976ca8f7245189863ee2425e17645dfa493370c46ce,a36350bd35a6d19c53903548e987a614cb93b5822e3c46a1668de70aeb4b9ccf,valid,valid,true,valid,
exact_row_duplicate,73a0d70919fbc5842a3f39a560840513e205881f7287b1fd6a2b08971c8357b8,5,4,within_file,,5c3f0086251ea44fbe1defa51eda8c1189864baa626cd9ae27bc93150528951c,Defra__25k_May_25.csv,2025-05,756,2026-09-23T00:00:00+00:00,real_public_defra,false,,DEFRA,EA,21/05/2025,PPE - POA & AUC (OWNED) - COST - O/BAL,EA Ops-KSL-Mgt,VOLKERSTEVIN INFRASTRUCTURE LTD,1001612504,354942.19,TANGIBLE NBV,EN11 9BX,CIS SUPPLIER,,ENV0003358C,Asset,GB424894330,2025-05-21,354942.19,GBP,73a0d70919fbc5842a3f39a560840513e205881f7287b1fd6a2b08971c8357b8,ba0e94ce73a54c2a96d1c3accaa13404bad127b6cfa12873f909bbbc5e7a4efc,valid,valid,true,valid,
exact_row_duplicate,73a0d70919fbc5842a3f39a560840513e205881f7287b1fd6a2b08971c8357b8,5,4,within_file,,10201ca8f4bbf1e7a32067699f1184debce9ee7dcfd62062145c74cbb301b4a1,Defra__25k_May_25.csv,2025-05,757,2026-09-23T00:00:00+00:00,real_public_defra,false,,DEFRA,EA,21/05/2025,PPE - POA & AUC (OWNED) - COST - O/BAL,EA Ops-KSL-Mgt,VOLKERSTEVIN INFRASTRUCTURE LTD,1001612504,354942.19,TANGIBLE NBV,EN11 9BX,CIS SUPPLIER,,ENV0003358C,Asset,GB424894330,2025-05-21,354942.19,GBP,73a0d70919fbc5842a3f39a560840513e205881f7287b1fd6a2b08971c8357b8,ba0e94ce73a54c2a96d1c3accaa13404bad127b6cfa12873f909bbbc5e7a4efc,valid,valid,true,valid,
exact_row_duplicate,73a0d70919fbc5842a3f39a560840513e205881f7287b1fd6a2b08971c8357b8,5,4,within_file,,43999c5d10f4e1c32d27fa7b115d16e60e8622979dda1aa6dec0413f9eecb168,Defra__25k_May_25.csv,2025-05,758,2026-09-23T00:00:00+00:00,real_public_defra,false,,DEFRA,EA,21/05/2025,PPE - POA & AUC (OWNED) - COST - O/BAL,EA Ops-KSL-Mgt,VOLKERSTEVIN INFRASTRUCTURE LTD,1001612504,354942.19,TANGIBLE NBV,EN11 9BX,CIS SUPPLIER,,ENV0003358C,Asset,GB424894330,2025-05-21,354942.19,GBP,73a0d70919fbc5842a3f39a560840513e205881f7287b1fd6a2b08971c8357b8,ba0e94ce73a54c2a96d1c3accaa13404bad127b6cfa12873f909bbbc5e7a4efc,valid,valid,true,valid,
exact_row_duplicate,73a0d70919fbc5842a3f39a560840513e205881f7287b1fd6a2b08971c8357b8,5,4,within_file,,9275e05c4140ef5ea7776dd4a8eefc45c0da32ddefa67d9ef0ddc46d6cde24db,Defra__25k_May_25.csv,2025-05,759,2026-09-23T00:00:00+00:00,real_public_defra,false,,DEFRA,EA,21/05/2025,PPE - POA & AUC (OWNED) - COST - O/BAL,EA Ops-KSL-Mgt,VOLKERSTEVIN INFRASTRUCTURE LTD,1001612504,354942.19,TANGIBLE NBV,EN11 9BX,CIS SUPPLIER,,ENV0003358C,Asset,GB424894330,2025-05-21,354942.19,GBP,73a0d70919fbc5842a3f39a560840513e205881f7287b1fd6a2b08971c8357b8,ba0e94ce73a54c2a96d1c3accaa13404bad127b6cfa12873f909bbbc5e7a4efc,valid,valid,true,valid,
exact_row_duplicate,73a0d70919fbc5842a3f39a560840513e205881f7287b1fd6a2b08971c8357b8,5,4,within_file,,49470aa390a63ec832fc35407e01293b4cd005f25e4a95ba879d78c1df6df2a4,Defra__25k_May_25.csv,2025-05,760,2026-09-23T00:00:00+00:00,real_public_defra,false,,DEFRA,EA,21/05/2025,PPE - POA & AUC (OWNED) - COST - O/BAL,EA Ops-KSL-Mgt,VOLKERSTEVIN INFRASTRUCTURE LTD,1001612504,354942.19,TANGIBLE NBV,EN11 9BX,CIS SUPPLIER,,ENV0003358C,Asset,GB424894330,2025-05-21,354942.19,GBP,73a0d70919fbc5842a3f39a560840513e205881f7287b1fd6a2b08971c8357b8,ba0e94ce73a54c2a96d1c3accaa13404bad127b6cfa12873f909bbbc5e7a4efc,valid,valid,true,valid,
exact_row_duplicate,74c2980dfb6c07e8dc5abeacfdc36eded46ca9af16b20f94af0c134fa7660264,2,1,within_file,,ab05dc9b6ca536a0e2065a2d1754fabea0f6bdbf6c1e1c0106d254c0bc079ddf,Defra__25k_May_25.csv,2025-05,490,2026-09-23T00:00:00+00:00,real_public_defra,false,,DEFRA,EA,09/05/2025,EXP EU CAPITAL GRANTS TO PTE SECTOR - PERS & NON PROFIT INSTIT'NS SERVING H'HOLD - CWEIY,EA Ops-WMD-Mgt,OVE ARUP & PARTNERS LTD,1001610020,42137.32,GRANTS,NE1 3PL,SUPPLIER,,ENV0002599C,Expense,GB524461265,2025-05-09,42137.32,GBP,74c2980dfb6c07e8dc5abeacfdc36eded46ca9af16b20f94af0c134fa7660264,34003bbd9c31e8f1ff75afc0aa4fa33d3b9cb830f5de9a30e177ac1663c3e8ce,valid,valid,true,valid,
exact_row_duplicate,74c2980dfb6c07e8dc5abeacfdc36eded46ca9af16b20f94af0c134fa7660264,2,1,within_file,,6edda504e246afffc53565cbc69b9a90ea7e6a1a73af0e13eb79312416cdd346,Defra__25k_May_25.csv,2025-05,491,2026-09-23T00:00:00+00:00,real_public_defra,false,,DEFRA,EA,09/05/2025,EXP EU CAPITAL GRANTS TO PTE SECTOR - PERS & NON PROFIT INSTIT'NS SERVING H'HOLD - CWEIY,EA Ops-WMD-Mgt,OVE ARUP & PARTNERS LTD,1001610020,42137.32,GRANTS,NE1 3PL,SUPPLIER,,ENV0002599C,Expense,GB524461265,2025-05-09,42137.32,GBP,74c2980dfb6c07e8dc5abeacfdc36eded46ca9af16b20f94af0c134fa7660264,34003bbd9c31e8f1ff75afc0aa4fa33d3b9cb830f5de9a30e177ac1663c3e8ce,valid,valid,true,valid,
exact_row_duplicate,75c6cda63247a8b7b2e5cb59b09d4544e2ca1ba1a6786b824cbf8c2b215b1edf,2,1,within_file,,24d033a5ffda38dfe26a2b1b7f55f086c9fe4a4defe8f9145f3f701c990e5d22,Defra__25k_May_25.csv,2025-05,728,2026-09-23T00:00:00+00:00,real_public_defra,false,,DEFRA,EA,20/05/2025,PPE - POA & AUC (OWNED) - COST - O/BAL,EA Ops-KSL-Mgt,JEREMY BENN ASSOCIATES LTD,1001612101,170263.55,TANGIBLE NBV,BD23 3AE,SUPPLIER,,ENV0004363C,Asset,665 3009 41,2025-05-20,170263.55,GBP,75c6cda63247a8b7b2e5cb59b09d4544e2ca1ba1a6786b824cbf8c2b215b1edf,b15e9de1ab669ceab286f2e7f9db4d2e155a6f51f5b45cb054e41926ecc165bd,valid,valid,true,valid,
exact_row_duplicate,75c6cda63247a8b7b2e5cb59b09d4544e2ca1ba1a6786b824cbf8c2b215b1edf,2,1,within_file,,8626feb833fddf061588943d4fd5bc4c9e83ad8ab1bdcf4bca9771645d4951c7,Defra__25k_May_25.csv,2025-05,729,2026-09-23T00:00:00+00:00,real_public_defra,false,,DEFRA,EA,20/05/2025,PPE - POA & AUC (OWNED) - COST - O/BAL,EA Ops-KSL-Mgt,JEREMY BENN ASSOCIATES LTD,1001612101,170263.55,TANGIBLE NBV,BD23 3AE,SUPPLIER,,ENV0004363C,Asset,665 3009 41,2025-05-20,170263.55,GBP,75c6cda63247a8b7b2e5cb59b09d4544e2ca1ba1a6786b824cbf8c2b215b1edf,b15e9de1ab669ceab286f2e7f9db4d2e155a6f51f5b45cb054e41926ecc165bd,valid,valid,true,valid,
exact_row_duplicate,793bb1e95127674da72895e7a3baffa19cffeeda2d2a8529a9f4d8ec46235eb0,2,1,within_file,,6ba8aba1c005f288ae7cab4366ec5fc5ee6a104f69a6dd455f06c35998319f35,Defra__25k_May_25.csv,2025-05,454,2026-09-23T00:00:00+00:00,real_public_defra,false,,DEFRA,EA,08/05/2025,EXP - PURCHASE OF GOODS/SERVICES - CONSULTANCY - TECHNICAL,EA Ops-KSL-Waterways-Medway,JEREMY BENN ASSOCIATES LTD,1001609413,126240.98,FEES AND COMMISSIONS,BD23 3AE,SUPPLIER,,ENV7005786R,Expense,665 3009 41,2025-05-08,126240.98,GBP,793bb1e95127674da72895e7a3baffa19cffeeda2d2a8529a9f4d8ec46235eb0,f74ca747e776d03dd19ad1e59861faab35c3a840e4f47b86281800a7b4dc84a6,valid,valid,true,valid,
exact_row_duplicate,793bb1e95127674da72895e7a3baffa19cffeeda2d2a8529a9f4d8ec46235eb0,2,1,within_file,,828aeece211c9359c09a60adc10ed8b47468097ae8f5d281e485b9f680e2da1d,Defra__25k_May_25.csv,2025-05,455,2026-09-23T00:00:00+00:00,real_public_defra,false,,DEFRA,EA,08/05/2025,EXP - PURCHASE OF GOODS/SERVICES - CONSULTANCY - TECHNICAL,EA Ops-KSL-Waterways-Medway,JEREMY BENN ASSOCIATES LTD,1001609413,126240.98,FEES AND COMMISSIONS,BD23 3AE,SUPPLIER,,ENV7005786R,Expense,665 3009 41,2025-05-08,126240.98,GBP,793bb1e95127674da72895e7a3baffa19cffeeda2d2a8529a9f4d8ec46235eb0,f74ca747e776d03dd19ad1e59861faab35c3a840e4f47b86281800a7b4dc84a6,valid,valid,true,valid,
exact_row_duplicate,7c5993c6a473f01ed64280e4e732fafd95a3fef5a0087b17710735fd8bf337b2,2,1,within_file,,af3f542eb408e4a104b9eba871b8e98dac9f20f8a2ac90f8be1e044bcee70bdf,Defra__25k_May_25.csv,2025-05,886,2026-09-23T00:00:00+00:00,real_public_defra,false,,DEFRA,EA,28/05/2025,EXP EU CAPITAL GRANTS TO PTE SECTOR - PERS & NON PROFIT INSTIT'NS SERVING H'HOLD - CWEIY,EA Ops-CLA-Mgt,JACOBS UK LTD,1001613766,36947.95,GRANTS,SE1 2QG,CIS SUPPLIER,,ENV0000009C,Expense,GB624298920,2025-05-28,36947.95,GBP,7c5993c6a473f01ed64280e4e732fafd95a3fef5a0087b17710735fd8bf337b2,00002bf1bb2b9e166a16b4fa5bdbb55ebf3160c5778b466e5f5c0c523b87aa58,valid,valid,true,valid,
exact_row_duplicate,7c5993c6a473f01ed64280e4e732fafd95a3fef5a0087b17710735fd8bf337b2,2,1,within_file,,c6583e44809d22c7092a8dbf1c1d43d13ff3746714d37ca7be0fcf24f17fc266,Defra__25k_May_25.csv,2025-05,887,2026-09-23T00:00:00+00:00,real_public_defra,false,,DEFRA,EA,28/05/2025,EXP EU CAPITAL GRANTS TO PTE SECTOR - PERS & NON PROFIT INSTIT'NS SERVING H'HOLD - CWEIY,EA Ops-CLA-Mgt,JACOBS UK LTD,1001613766,36947.95,GRANTS,SE1 2QG,CIS SUPPLIER,,ENV0000009C,Expense,GB624298920,2025-05-28,36947.95,GBP,7c5993c6a473f01ed64280e4e732fafd95a3fef5a0087b17710735fd8bf337b2,00002bf1bb2b9e166a16b4fa5bdbb55ebf3160c5778b466e5f5c0c523b87aa58,valid,valid,true,valid,
exact_row_duplicate,8281897912172ee9dcb24ae335d7adec4c12a27b726fd6cbf0e7f0c7ccbe6f01,2,1,within_file,,8f3eadcc51c802005159cf228912ed88bec4bb7db8a7ac004bcef60c27fa8ab1,Defra__25k_May_25.csv,2025-05,898,2026-09-23T00:00:00+00:00,real_public_defra,false,,DEFRA,EA,28/05/2025,EXP EU CAPITAL GRANTS TO PTE SECTOR - PERS & NON PROFIT INSTIT'NS SERVING H'HOLD - CWEIY,EA Ops-WMD-Mgt,JACKSON CIVIL ENGINEERING GROUP LTD.,1001613996,460256.63,GRANTS,IP15LT,CIS SUPPLIER,,ENVIMMI001456,Expense,GB 904443249,2025-05-28,460256.63,GBP,8281897912172ee9dcb24ae335d7adec4c12a27b726fd6cbf0e7f0c7ccbe6f01,8c12f01434bf99826d43146056cff6554e7a8275d585551780fe43ae67fed200,valid,valid,true,valid,
exact_row_duplicate,8281897912172ee9dcb24ae335d7adec4c12a27b726fd6cbf0e7f0c7ccbe6f01,2,1,within_file,,cc28272ed67c32d4ff39c0260275810fdae3f1f29e6f35ef1a2f5d68383fca5e,Defra__25k_May_25.csv,2025-05,899,2026-09-23T00:00:00+00:00,real_public_defra,false,,DEFRA,EA,28/05/2025,EXP EU CAPITAL GRANTS TO PTE SECTOR - PERS & NON PROFIT INSTIT'NS SERVING H'HOLD - CWEIY,EA Ops-WMD-Mgt,JACKSON CIVIL ENGINEERING GROUP LTD.,1001613996,460256.63,GRANTS,IP15LT,CIS SUPPLIER,,ENVIMMI001456,Expense,GB 904443249,2025-05-28,460256.63,GBP,8281897912172ee9dcb24ae335d7adec4c12a27b726fd6cbf0e7f0c7ccbe6f01,8c12f01434bf99826d43146056cff6554e7a8275d585551780fe43ae67fed200,valid,valid,true,valid,
exact_row_duplicate,84e398312def04d11dbc587c91ae919a64c4586ef887421551799dc049cefbaf,2,1,within_file,,2a8033fed64fa7b2a5504482981c07af46d00c9d088a598e85f0fdb4a7d62b88,Defra__25k_May_25.csv,2025-05,790,2026-09-23T00:00:00+00:00,real_public_defra,false,,DEFRA,EA,22/05/2025,EXP - PURCHASE OF GOODS/SERVICES - TRAINING & DEVELOPMENT,EA STA-L&A-Mgt,CALDER WORLD OF TRAVEL,1001612772,58762.4,TRAINING,LS16 6RF,SUPPLIER,,,Expense,,2025-05-22,58762.4,GBP,84e398312def04d11dbc587c91ae919a64c4586ef887421551799dc049cefbaf,610b1d806b5f0f1519d18e7f3cc42db6c8c24d884943346a8327e5535d7db798,valid,valid,true,valid,
exact_row_duplicate,84e398312def04d11dbc587c91ae919a64c4586ef887421551799dc049cefbaf,2,1,within_file,,7cda67fa527b922d071857e3c01be2a3b014c16b0695b5fa6ecb3dc150b8cb11,Defra__25k_May_25.csv,2025-05,791,2026-09-23T00:00:00+00:00,real_public_defra,false,,DEFRA,EA,22/05/2025,EXP - PURCHASE OF GOODS/SERVICES - TRAINING & DEVELOPMENT,EA STA-L&A-Mgt,CALDER WORLD OF TRAVEL,1001612772,58762.4,TRAINING,LS16 6RF,SUPPLIER,,,Expense,,2025-05-22,58762.4,GBP,84e398312def04d11dbc587c91ae919a64c4586ef887421551799dc049cefbaf,610b1d806b5f0f1519d18e7f3cc42db6c8c24d884943346a8327e5535d7db798,valid,valid,true,valid,
exact_row_duplicate,851ddd05b2a849e08671c4b0ae5b85068446e5981cc41efb935d32edba1448f6,2,1,within_file,,22634fc6ba6eac7b60b34c3bc5ce3388605eba4f6993a50699f715f405fe929e,Defra__25k_May_25.csv,2025-05,512,2026-09-23T00:00:00+00:00,real_public_defra,false,,DEFRA,EA,12/05/2025,PPE - POA & AUC (OWNED) - COST - O/BAL,EA Ops-LNA-Mgt,JACKSON CIVIL ENGINEERING GROUP LTD.,1001610313,697603.12,TANGIBLE NBV,IP1 5LT,CIS SUPPLIER,,ENV0005793C,Asset,GB 904443249,2025-05-12,697603.12,GBP,851ddd05b2a849e08671c4b0ae5b85068446e5981cc41efb935d32edba1448f6,f7434e7d25e6036f52934b68abdb08d99c0947d30a202a6de897ee1440b2b3c3,valid,valid,true,valid,
exact_row_duplicate,851ddd05b2a849e08671c4b0ae5b85068446e5981cc41efb935d32edba1448f6,2,1,within_file,,a124271aa36b03519d71346ba5b20dd4964966fb7cab58dfa8707194abeeb370,Defra__25k_May_25.csv,2025-05,513,2026-09-23T00:00:00+00:00,real_public_defra,false,,DEFRA,EA,12/05/2025,PPE - POA & AUC (OWNED) - COST - O/BAL,EA Ops-LNA-Mgt,JACKSON CIVIL ENGINEERING GROUP LTD.,1001610313,697603.12,TANGIBLE NBV,IP1 5LT,CIS SUPPLIER,,ENV0005793C,Asset,GB 904443249,2025-05-12,697603.12,GBP,851ddd05b2a849e08671c4b0ae5b85068446e5981cc41efb935d32edba1448f6,f7434e7d25e6036f52934b68abdb08d99c0947d30a202a6de897ee1440b2b3c3,valid,valid,true,valid,
exact_row_duplicate,855d790a6279cfb6c6bebb043f4e121df39745fa70386d6d85e0cf25f3cee95a,2,1,within_file,,a2ebfede839ab0e74e51be69449bb48b71c7cc451e6d13e98b43df189c4c866c,Defra__25k_May_25.csv,2025-05,367,2026-09-23T00:00:00+00:00,real_public_defra,false,,DEFRA,EA,01/05/2025,EXP - PURCHASE OF GOODS/SERVICES - SUPPORT - CIS CAPGEMINI CONTRACT,EA FINANCE-CIS-MGT,CAPGEMINI UK PLC,1001608067,168665.05,FEES AND COMMISSIONS,GU21 6DB,THIRD PARTY,,ENVCIS111925R,Expense,GB232441107,2025-05-01,168665.05,GBP,855d790a6279cfb6c6bebb043f4e121df39745fa70386d6d85e0cf25f3cee95a,9c71b2083c7a053f59082e44a28f4633a43c29b28e4e407c91ae873eb3c35dcb,valid,valid,true,valid,
exact_row_duplicate,855d790a6279cfb6c6bebb043f4e121df39745fa70386d6d85e0cf25f3cee95a,2,1,within_file,,b018d0680a44ceaa60dcd7c5140774bd25f0546306798e0f295352b3a6f49906,Defra__25k_May_25.csv,2025-05,368,2026-09-23T00:00:00+00:00,real_public_defra,false,,DEFRA,EA,01/05/2025,EXP - PURCHASE OF GOODS/SERVICES - SUPPORT - CIS CAPGEMINI CONTRACT,EA FINANCE-CIS-MGT,CAPGEMINI UK PLC,1001608067,168665.05,FEES AND COMMISSIONS,GU21 6DB,THIRD PARTY,,ENVCIS111925R,Expense,GB232441107,2025-05-01,168665.05,GBP,855d790a6279cfb6c6bebb043f4e121df39745fa70386d6d85e0cf25f3cee95a,9c71b2083c7a053f59082e44a28f4633a43c29b28e4e407c91ae873eb3c35dcb,valid,valid,true,valid,
exact_row_duplicate,8571c217d88b43faf2f075212a2a0ec509383e7359c4a189640453b883cd323e,2,1,within_file,,84fe6e3e96e4fff08d2c895c1e30a40e1505803c98316834afe52120965dbe4f,Defra__25k_May_25.csv,2025-05,410,2026-09-23T00:00:00+00:00,real_public_defra,false,,DEFRA,EA,06/05/2025,Exp - Purchase Of Goods/Services - Contractors,EA Ops-EMD-FCRM OPS North-Field Askham,WHITEHOUSE CONSTRUCTION CO LTD,1001608630,71548.43,FEES AND COMMISSIONS,DE6 1JU,CIS SUPPLIER,,ENV6003425R,Expense,GB295396506,2025-05-06,71548.43,GBP,8571c217d88b43faf2f075212a2a0ec509383e7359c4a189640453b883cd323e,7404d02bafe0694c5561a032e2bcbc5c2d3dbf02c3c12d0a69e854d44f689338,valid,valid,true,valid,
exact_row_duplicate,8571c217d88b43faf2f075212a2a0ec509383e7359c4a189640453b883cd323e,2,1,within_file,,a4d0735868cc7171cad1d6b2deb6afab43dce106265a28bcd7fc26845ed919ff,Defra__25k_May_25.csv,2025-05,411,2026-09-23T00:00:00+00:00,real_public_defra,false,,DEFRA,EA,06/05/2025,Exp - Purchase Of Goods/Services - Contractors,EA Ops-EMD-FCRM OPS North-Field Askham,WHITEHOUSE CONSTRUCTION CO LTD,1001608630,71548.43,FEES AND COMMISSIONS,DE6 1JU,CIS SUPPLIER,,ENV6003425R,Expense,GB295396506,2025-05-06,71548.43,GBP,8571c217d88b43faf2f075212a2a0ec509383e7359c4a189640453b883cd323e,7404d02bafe0694c5561a032e2bcbc5c2d3dbf02c3c12d0a69e854d44f689338,valid,valid,true,valid,
exact_row_duplicate,859fddd11d1307e51c5655439a781442ab912978e3388c5924510fe88e91a4d2,2,1,within_file,,51c372d415e53e056bd136751ceafbdf9b45f82dec2000fb8fc848e9b4b02ef0,November_Over__25K_Transparency.csv,2025-11,384,2026-09-23T00:00:00+00:00,real_public_defra,false,,DE,CCW,17/11/2025,Professional Services,ADR CCW Trading Ltd,DISPUTE RESOLUTION OMBUDSMAN,D30465,"£28,615.00",Professional Services,SG1 2AD,LARGE,N/A,N/A,Programme,GB190348111,2025-11-17,28615.00,GBP,859fddd11d1307e51c5655439a781442ab912978e3388c5924510fe88e91a4d2,c592e85c19b576ef17060b92428e3f7e6e7860060ddc8dbc8c4730c1c53607ed,valid,valid,true,valid,
exact_row_duplicate,859fddd11d1307e51c5655439a781442ab912978e3388c5924510fe88e91a4d2,2,1,within_file,,56be5a3102b13bb34545589da5524487d7e2d37f55fa7865d837a8db22c1de59,November_Over__25K_Transparency.csv,2025-11,437,2026-09-23T00:00:00+00:00,real_public_defra,false,,DE,CCW,17/11/2025,Professional Services,ADR CCW Trading Ltd,DISPUTE RESOLUTION OMBUDSMAN,D30465,"£28,615.00",Professional Services,SG1 2AD,LARGE,N/A,N/A,Programme,GB190348111,2025-11-17,28615.00,GBP,859fddd11d1307e51c5655439a781442ab912978e3388c5924510fe88e91a4d2,c592e85c19b576ef17060b92428e3f7e6e7860060ddc8dbc8c4730c1c53607ed,valid,valid,true,valid,
exact_row_duplicate,86430ebf1050a54ab8f1630d20f83e68064626453107326625c04fc67bffe487,3,2,within_file,,5ebf5e7a7ae2f804af67d692c436b6e20efae91381e560eee275a9de79baccf4,Defra__25k_May_25.csv,2025-05,606,2026-09-23T00:00:00+00:00,real_public_defra,false,,DEFRA,EA,15/05/2025,PPE - POA & AUC (OWNED) - COST - O/BAL,EA Ops-YOR-Mgt,BAM NUTTALL LTD,1001611155,74995.52,TANGIBLE NBV,GU15 3XW,CIS SUPPLIER,,ENV0002212C,Asset,GB340316204,2025-05-15,74995.52,GBP,86430ebf1050a54ab8f1630d20f83e68064626453107326625c04fc67bffe487,5bfa807bd4bb47be4839e030cd8b0323d53c2dea9560933fc092a1aecf5d3f60,valid,valid,true,valid,
exact_row_duplicate,86430ebf1050a54ab8f1630d20f83e68064626453107326625c04fc67bffe487,3,2,within_file,,10646613205d35f7b30453b716e64b71ba4834fae5871f5a3f7f30cfa97c8728,Defra__25k_May_25.csv,2025-05,607,2026-09-23T00:00:00+00:00,real_public_defra,false,,DEFRA,EA,15/05/2025,PPE - POA & AUC (OWNED) - COST - O/BAL,EA Ops-YOR-Mgt,BAM NUTTALL LTD,1001611155,74995.52,TANGIBLE NBV,GU15 3XW,CIS SUPPLIER,,ENV0002212C,Asset,GB340316204,2025-05-15,74995.52,GBP,86430ebf1050a54ab8f1630d20f83e68064626453107326625c04fc67bffe487,5bfa807bd4bb47be4839e030cd8b0323d53c2dea9560933fc092a1aecf5d3f60,valid,valid,true,valid,
exact_row_duplicate,86430ebf1050a54ab8f1630d20f83e68064626453107326625c04fc67bffe487,3,2,within_file,,f8a1cec9d0694b142ce9ac389a9527d1732448ef188ef0cb4f3e66fd26f2c980,Defra__25k_May_25.csv,2025-05,609,2026-09-23T00:00:00+00:00,real_public_defra,false,,DEFRA,EA,15/05/2025,PPE - POA & AUC (OWNED) - COST - O/BAL,EA Ops-YOR-Mgt,BAM NUTTALL LTD,1001611155,74995.52,TANGIBLE NBV,GU15 3XW,CIS SUPPLIER,,ENV0002212C,Asset,GB340316204,2025-05-15,74995.52,GBP,86430ebf1050a54ab8f1630d20f83e68064626453107326625c04fc67bffe487,5bfa807bd4bb47be4839e030cd8b0323d53c2dea9560933fc092a1aecf5d3f60,valid,valid,true,valid,
exact_row_duplicate,872feb5d6ce971254c9094d1dc21257c175038e852176ac189dbf7e01dcecd68,2,1,within_file,,e7592173582a2a2cf487ff08fb0c41f894a04c5463708422ed28389a9c3541d6,Defra__25k_May_25.csv,2025-05,865,2026-09-23T00:00:00+00:00,real_public_defra,false,,DEFRA,EA,27/05/2025,PPE - POA & AUC (OWNED) - COST - O/BAL,EA Ops-WSX-Mgt,LAND & WATER SERVICES LTD,1001613564,39888.67,TANGIBLE NBV,GU4 8RU,CIS SUPPLIER,,ENV0004096C,Asset,GB880055431,2025-05-27,39888.67,GBP,872feb5d6ce971254c9094d1dc21257c175038e852176ac189dbf7e01dcecd68,2eff0df107b034b900484a5878c3aeecb59f50384fb11f81111cdd4eeefeea58,valid,valid,true,valid,
exact_row_duplicate,872feb5d6ce971254c9094d1dc21257c175038e852176ac189dbf7e01dcecd68,2,1,within_file,,8bab13fd2be54be43c8051e5d30fd832d22d531a91663994bb82dd72a49e9ecb,Defra__25k_May_25.csv,2025-05,866,2026-09-23T00:00:00+00:00,real_public_defra,false,,DEFRA,EA,27/05/2025,PPE - POA & AUC (OWNED) - COST - O/BAL,EA Ops-WSX-Mgt,LAND & WATER SERVICES LTD,1001613564,39888.67,TANGIBLE NBV,GU4 8RU,CIS SUPPLIER,,ENV0004096C,Asset,GB880055431,2025-05-27,39888.67,GBP,872feb5d6ce971254c9094d1dc21257c175038e852176ac189dbf7e01dcecd68,2eff0df107b034b900484a5878c3aeecb59f50384fb11f81111cdd4eeefeea58,valid,valid,true,valid,
exact_row_duplicate,8bb40b4000a24343ae8cfb1b8e32b4201c15e8e855f09a343cbdf4366ec905d1,2,1,within_file,,f92f5e3eeb7364351c008e57b4c2d2804e571f532556bc91774f69fe18914da3,Defra__25k_May_25.csv,2025-05,438,2026-09-23T00:00:00+00:00,real_public_defra,false,,DEFRA,EA,07/05/2025,EXP - PURCHASE OF GOODS/SERVICES - OTHER - RESERVOIR OPERATING AGREEMENTS,EA Ops-NEA-Env Mgt WLB Ops-Land & Water Kielder,NORTHUMBRIAN WATER,1001609198,509043.6,OTHER COSTS,DH1 5FJ,CIS SUPPLIER,,,Expense,499980359,2025-05-07,509043.6,GBP,8bb40b4000a24343ae8cfb1b8e32b4201c15e8e855f09a343cbdf4366ec905d1,792cd3b9ae428c94d268b02af8607c054a6a2f05e4e85017f0dfaf8e5c20a620,valid,valid,true,valid,
exact_row_duplicate,8bb40b4000a24343ae8cfb1b8e32b4201c15e8e855f09a343cbdf4366ec905d1,2,1,within_file,,f2ce1f6fd491e2cd903d34c63032858706af4bde710ebc5e5622d6bd395f5837,Defra__25k_May_25.csv,2025-05,439,2026-09-23T00:00:00+00:00,real_public_defra,false,,DEFRA,EA,07/05/2025,EXP - PURCHASE OF GOODS/SERVICES - OTHER - RESERVOIR OPERATING AGREEMENTS,EA Ops-NEA-Env Mgt WLB Ops-Land & Water Kielder,NORTHUMBRIAN WATER,1001609198,509043.6,OTHER COSTS,DH1 5FJ,CIS SUPPLIER,,,Expense,499980359,2025-05-07,509043.6,GBP,8bb40b4000a24343ae8cfb1b8e32b4201c15e8e855f09a343cbdf4366ec905d1,792cd3b9ae428c94d268b02af8607c054a6a2f05e4e85017f0dfaf8e5c20a620,valid,valid,true,valid,
exact_row_duplicate,8bf4168963c0a99b64ecf37f37773b00846e47bdd0573929d59b55a558050efc,3,2,within_file,,f42f56d0ff12ad23e1e1694c1c2da7e9e2be1e97a6c7eb018d0a9545addba433,Defra__25k_May_25.csv,2025-05,444,2026-09-23T00:00:00+00:00,real_public_defra,false,,DEFRA,EA,07/05/2025,PPE - POA & AUC (OWNED) - COST - O/BAL,EA STA-CNS-DGFS-Mgt,LISTER WILDER LTD,1001609229,126326.4,TANGIBLE NBV,RG7 1HR,SUPPLIER,,ENV0006176C,Asset,GB 435 3703 62,2025-05-07,126326.4,GBP,8bf4168963c0a99b64ecf37f37773b00846e47bdd0573929d59b55a558050efc,8a873511aa13f2ff48cfba1f1720e0a1cbaa57159806cadd53608ae6b23aa498,valid,valid,true,valid,
exact_row_duplicate,8bf4168963c0a99b64ecf37f37773b00846e47bdd0573929d59b55a558050efc,3,2,within_file,,1297d3836156d0c978360547ae03983bc9b8fe6bc5f06f781bc963eac97a1d29,Defra__25k_May_25.csv,2025-05,445,2026-09-23T00:00:00+00:00,real_public_defra,false,,DEFRA,EA,07/05/2025,PPE - POA & AUC (OWNED) - COST - O/BAL,EA STA-CNS-DGFS-Mgt,LISTER WILDER LTD,1001609229,126326.4,TANGIBLE NBV,RG7 1HR,SUPPLIER,,ENV0006176C,Asset,GB 435 3703 62,2025-05-07,126326.4,GBP,8bf4168963c0a99b64ecf37f37773b00846e47bdd0573929d59b55a558050efc,8a873511aa13f2ff48cfba1f1720e0a1cbaa57159806cadd53608ae6b23aa498,valid,valid,true,valid,
exact_row_duplicate,8bf4168963c0a99b64ecf37f37773b00846e47bdd0573929d59b55a558050efc,3,2,within_file,,78ff9beb8925c4b74f9f07ab4e0753dfc72b2b3194df1af5929d8179a9a6d016,Defra__25k_May_25.csv,2025-05,446,2026-09-23T00:00:00+00:00,real_public_defra,false,,DEFRA,EA,07/05/2025,PPE - POA & AUC (OWNED) - COST - O/BAL,EA STA-CNS-DGFS-Mgt,LISTER WILDER LTD,1001609229,126326.4,TANGIBLE NBV,RG7 1HR,SUPPLIER,,ENV0006176C,Asset,GB 435 3703 62,2025-05-07,126326.4,GBP,8bf4168963c0a99b64ecf37f37773b00846e47bdd0573929d59b55a558050efc,8a873511aa13f2ff48cfba1f1720e0a1cbaa57159806cadd53608ae6b23aa498,valid,valid,true,valid,
exact_row_duplicate,8e7ec8162cab3c53b4ed16dac41c462d597281719bcadfb07c86b2da6edfec88,3,2,within_file,,bf77b2cd1b9ec8a607cd5c453324f5cee63b436c85cac190cefdbe6092d7f709,Defra__25k_May_25.csv,2025-05,557,2026-09-23T00:00:00+00:00,real_public_defra,false,,DEFRA,EA,13/05/2025,PPE - POA & AUC (OWNED) - COST - O/BAL,EA Ops-WSX-Mgt,KIER INTERGRATED SERVICES LTD,1001610661,372685.05,TANGIBLE NBV,SG19 2BD,SUPPLIER,,ENVIMSW002039,Asset,1055 40018,2025-05-13,372685.05,GBP,8e7ec8162cab3c53b4ed16dac41c462d597281719bcadfb07c86b2da6edfec88,334c26564d3b58f2ebd66c826474a70f964d972d62d3dfeb302b05554291273a,valid,valid,true,valid,
exact_row_duplicate,8e7ec8162cab3c53b4ed16dac41c462d597281719bcadfb07c86b2da6edfec88,3,2,within_file,,5d2d5fc5d948d89b198ef91a68112737c82fc705aae8e877a4834b1737ae21ac,Defra__25k_May_25.csv,2025-05,558,2026-09-23T00:00:00+00:00,real_public_defra,false,,DEFRA,EA,13/05/2025,PPE - POA & AUC (OWNED) - COST - O/BAL,EA Ops-WSX-Mgt,KIER INTERGRATED SERVICES LTD,1001610661,372685.05,TANGIBLE NBV,SG19 2BD,SUPPLIER,,ENVIMSW002039,Asset,1055 40018,2025-05-13,372685.05,GBP,8e7ec8162cab3c53b4ed16dac41c462d597281719bcadfb07c86b2da6edfec88,334c26564d3b58f2ebd66c826474a70f964d972d62d3dfeb302b05554291273a,valid,valid,true,valid,
exact_row_duplicate,8e7ec8162cab3c53b4ed16dac41c462d597281719bcadfb07c86b2da6edfec88,3,2,within_file,,029bb803d36a432f2bd37b48f4231feec0eea2597ab3832f2195e19cdf93918f,Defra__25k_May_25.csv,2025-05,559,2026-09-23T00:00:00+00:00,real_public_defra,false,,DEFRA,EA,13/05/2025,PPE - POA & AUC (OWNED) - COST - O/BAL,EA Ops-WSX-Mgt,KIER INTERGRATED SERVICES LTD,1001610661,372685.05,TANGIBLE NBV,SG19 2BD,SUPPLIER,,ENVIMSW002039,Asset,1055 40018,2025-05-13,372685.05,GBP,8e7ec8162cab3c53b4ed16dac41c462d597281719bcadfb07c86b2da6edfec88,334c26564d3b58f2ebd66c826474a70f964d972d62d3dfeb302b05554291273a,valid,valid,true,valid,
exact_row_duplicate,8fc61ce77253947211ebcf644675b21b6f766b8d6ce23ff6bc799167d13de4f9,2,1,within_file,,af8d677b01398061c487bfd24049c291528265079e1bae486e5be33bcff35152,Defra__25k_May_25.csv,2025-05,370,2026-09-23T00:00:00+00:00,real_public_defra,false,,DEFRA,EA,01/05/2025,EXP EU CAPITAL GRANTS TO PTE SECTOR - PERS & NON PROFIT INSTIT'NS SERVING H'HOLD - CWEIY,EA Ops-YOR-Mgt,OVE ARUP & PARTNERS LTD,1001608083,43170.01,GRANTS,NE1 3PL,SUPPLIER,,ENV0004255C,Expense,GB524461265,2025-05-01,43170.01,GBP,8fc61ce77253947211ebcf644675b21b6f766b8d6ce23ff6bc799167d13de4f9,efe120c6323847777d3d5be1ae8c36dd812869814a9924a4cc2be3d22b719710,valid,valid,true,valid,
exact_row_duplicate,8fc61ce77253947211ebcf644675b21b6f766b8d6ce23ff6bc799167d13de4f9,2,1,within_file,,b2ae8e0278fca379b9585a50f93c4c4539d18679095bf4de00baaee8166ffca7,Defra__25k_May_25.csv,2025-05,371,2026-09-23T00:00:00+00:00,real_public_defra,false,,DEFRA,EA,01/05/2025,EXP EU CAPITAL GRANTS TO PTE SECTOR - PERS & NON PROFIT INSTIT'NS SERVING H'HOLD - CWEIY,EA Ops-YOR-Mgt,OVE ARUP & PARTNERS LTD,1001608083,43170.01,GRANTS,NE1 3PL,SUPPLIER,,ENV0004255C,Expense,GB524461265,2025-05-01,43170.01,GBP,8fc61ce77253947211ebcf644675b21b6f766b8d6ce23ff6bc799167d13de4f9,efe120c6323847777d3d5be1ae8c36dd812869814a9924a4cc2be3d22b719710,valid,valid,true,valid,
exact_row_duplicate,91039e307e25ec267b427339a7488fb7a9f2ad8c8720a0e534653aa2ffc59813,2,1,within_file,,982c939c2c5e1a8186c5842a581dc0ea56aaadb3aa95feb851bba6a1e34b7e48,Defra__25k_May_25.csv,2025-05,400,2026-09-23T00:00:00+00:00,real_public_defra,false,,DEFRA,EA,02/05/2025,EXP - PURCHASE OF GOODS/SERVICES - OTHER - EQUIPMENT - OPERATIONAL,EA FCRM Dir-AME-Asset Operations and Improvements,GEODESIGN BARRIERS LTD,1001608554,47430.72,OTHER COSTS,CV34 4HL,SUPPLIER,,ENV6001959R,Expense,,2025-05-02,47430.72,GBP,91039e307e25ec267b427339a7488fb7a9f2ad8c8720a0e534653aa2ffc59813,01029380b1dea59d1b9c3a90dff841222fee6ccea6091d1c47ba077b813eeaab,valid,valid,true,valid,
exact_row_duplicate,91039e307e25ec267b427339a7488fb7a9f2ad8c8720a0e534653aa2ffc59813,2,1,within_file,,f4928d1636c59ad2f480b2adb40fcc8fa4c35bb991c16104d748b1af39148f09,Defra__25k_May_25.csv,2025-05,401,2026-09-23T00:00:00+00:00,real_public_defra,false,,DEFRA,EA,02/05/2025,EXP - PURCHASE OF GOODS/SERVICES - OTHER - EQUIPMENT - OPERATIONAL,EA FCRM Dir-AME-Asset Operations and Improvements,GEODESIGN BARRIERS LTD,1001608554,47430.72,OTHER COSTS,CV34 4HL,SUPPLIER,,ENV6001959R,Expense,,2025-05-02,47430.72,GBP,91039e307e25ec267b427339a7488fb7a9f2ad8c8720a0e534653aa2ffc59813,01029380b1dea59d1b9c3a90dff841222fee6ccea6091d1c47ba077b813eeaab,valid,valid,true,valid,
exact_row_duplicate,926555f79971f3f47325e5a17b06e39f82fec99e5e4f859e2bbefecf53dd1c58,2,1,within_file,,be9cba2db80c48a58b7bad9680689e20202618186d4d43bcc286762538fef982,Defra__25k_May_25.csv,2025-05,598,2026-09-23T00:00:00+00:00,real_public_defra,false,,DEFRA,EA,14/05/2025,Exp - Purchase Of Goods/Services - Consultancy,EA FCRM Dir-MPPD-CAFM-Commercial Services,AECOM LTD,1001611083,85946.17,FEES AND COMMISSIONS,E1 8FA,SUPPLIER,,,Expense,611853162,2025-05-14,85946.17,GBP,926555f79971f3f47325e5a17b06e39f82fec99e5e4f859e2bbefecf53dd1c58,fa2fe2e0f320dee35c51b025df41db413e2901e6c3fded65c19d9c9cc829ba89,valid,valid,true,valid,
exact_row_duplicate,926555f79971f3f47325e5a17b06e39f82fec99e5e4f859e2bbefecf53dd1c58,2,1,within_file,,4d3ee5b5e463b4c834bd465ac29ae8cd4297bed942f2a3ee99b0ec0445495f33,Defra__25k_May_25.csv,2025-05,599,2026-09-23T00:00:00+00:00,real_public_defra,false,,DEFRA,EA,14/05/2025,Exp - Purchase Of Goods/Services - Consultancy,EA FCRM Dir-MPPD-CAFM-Commercial Services,AECOM LTD,1001611083,85946.17,FEES AND COMMISSIONS,E1 8FA,SUPPLIER,,,Expense,611853162,2025-05-14,85946.17,GBP,926555f79971f3f47325e5a17b06e39f82fec99e5e4f859e2bbefecf53dd1c58,fa2fe2e0f320dee35c51b025df41db413e2901e6c3fded65c19d9c9cc829ba89,valid,valid,true,valid,
exact_row_duplicate,9a515dfa39a30c41c312a31ca736bfd2c735afa5a2f47558635445ebb576a286,2,1,within_file,,9c087ee901b3b02752e237a91ab0ac9dfad9eb6b5eb18871992f306768eae44c,Defra__25k_May_25.csv,2025-05,402,2026-09-23T00:00:00+00:00,real_public_defra,false,,DEFRA,EA,02/05/2025,EXP - PURCHASE OF GOODS/SERVICES - OTHER - CONSUMABLES (LABS ONLY),EA Ops-GPM-Monitoring-Labs-Starcross Op,VWR INTERNATIONAL LTD,1001608557,123372.45,OTHER COSTS,LE17 4XN,SUPPLIER,,,Expense,,2025-05-02,123372.45,GBP,9a515dfa39a30c41c312a31ca736bfd2c735afa5a2f47558635445ebb576a286,9205eecdd9d836b65b0952e51efc507959690bd7d461cd541ff42005a7e3a3b9,valid,valid,true,valid,
exact_row_duplicate,9a515dfa39a30c41c312a31ca736bfd2c735afa5a2f47558635445ebb576a286,2,1,within_file,,248ec93a3e030b759dd0ed6d0339db3ba4cb060d3cb708dfde7fe8fa0e9111a1,Defra__25k_May_25.csv,2025-05,403,2026-09-23T00:00:00+00:00,real_public_defra,false,,DEFRA,EA,02/05/2025,EXP - PURCHASE OF GOODS/SERVICES - OTHER - CONSUMABLES (LABS ONLY),EA Ops-GPM-Monitoring-Labs-Starcross Op,VWR INTERNATIONAL LTD,1001608557,123372.45,OTHER COSTS,LE17 4XN,SUPPLIER,,,Expense,,2025-05-02,123372.45,GBP,9a515dfa39a30c41c312a31ca736bfd2c735afa5a2f47558635445ebb576a286,9205eecdd9d836b65b0952e51efc507959690bd7d461cd541ff42005a7e3a3b9,valid,valid,true,valid,
exact_row_duplicate,9a73c5f17eef9c35d3b60a5e658bd755f1d1e7f79d2a5eca63a18adc84322f34,2,1,within_file,,1ef2b95e80f3db0d5028cc09ce28a80f6ebab1fcd9f4faa5be515d261fa8b5cb,Over__25K_Transparency_Jan_26.csv,2026-01,361,2026-09-23T00:00:00+00:00,real_public_defra,false,,DE,NATURAL ENGLAND,16/01/2026,EXP - PURCHASE OF GOODS/SERVICES - RESEARCH & DEVELOPMENT - OTHER OUTSOURCED,Natural Capital & Ecosystem Assessment - Terrestrial,UK CENTRE FOR ECOLOGY & HYDROLOGY,1010144675,"£26,150.24",Research-Research-Research-Unclassified,OX10 8BB,SUPPLIER,C29803,00000000,Expense,336 940192,2026-01-16,26150.24,GBP,9a73c5f17eef9c35d3b60a5e658bd755f1d1e7f79d2a5eca63a18adc84322f34,c13068bc3ebba5fc9cf652319df2604966b20c8ec77935e124407f8e4fb03cab,valid,valid,true,valid,
exact_row_duplicate,9a73c5f17eef9c35d3b60a5e658bd755f1d1e7f79d2a5eca63a18adc84322f34,2,1,within_file,,8eb496d6c96c342243ad4e72772b0b4748fc3ae6a47189e0298168682e005537,Over__25K_Transparency_Jan_26.csv,2026-01,362,2026-09-23T00:00:00+00:00,real_public_defra,false,,DE,NATURAL ENGLAND,16/01/2026,EXP - PURCHASE OF GOODS/SERVICES - RESEARCH & DEVELOPMENT - OTHER OUTSOURCED,Natural Capital & Ecosystem Assessment - Terrestrial,UK CENTRE FOR ECOLOGY & HYDROLOGY,1010144675,"£26,150.24",Research-Research-Research-Unclassified,OX10 8BB,SUPPLIER,C29803,00000000,Expense,336 940192,2026-01-16,26150.24,GBP,9a73c5f17eef9c35d3b60a5e658bd755f1d1e7f79d2a5eca63a18adc84322f34,c13068bc3ebba5fc9cf652319df2604966b20c8ec77935e124407f8e4fb03cab,valid,valid,true,valid,
exact_row_duplicate,a097bebbe71d8c48c2b5643cb692367300b6f9654b4a039c713de41b7e447538,2,1,within_file,,f2d97b5410a9cce0caf6a729789afbea6a33738b628b65926af3f99ed3f3583b,Defra__25k_May_25.csv,2025-05,873,2026-09-23T00:00:00+00:00,real_public_defra,false,,DEFRA,EA,28/05/2025,Exp - Purchase Of Goods/Services - Consultancy,EA FCRM Dir-MPPD-PCM-NE,TURNER & TOWNSEND PROJECT MANAGEMENT LTD,1001613696,154301.28,FEES AND COMMISSIONS,LS18 4GH,SUPPLIER,,,Expense,764244132,2025-05-28,154301.28,GBP,a097bebbe71d8c48c2b5643cb692367300b6f9654b4a039c713de41b7e447538,2b354607443f25d2ed367ba7c0ee62da1d977f14d6b54866a958f152141e2fd6,valid,valid,true,valid,
exact_row_duplicate,a097bebbe71d8c48c2b5643cb692367300b6f9654b4a039c713de41b7e447538,2,1,within_file,,ea3b71f5815b7e2364b632942d08d476edf357fffc4896878f7c36a68db42571,Defra__25k_May_25.csv,2025-05,874,2026-09-23T00:00:00+00:00,real_public_defra,false,,DEFRA,EA,28/05/2025,Exp - Purchase Of Goods/Services - Consultancy,EA FCRM Dir-MPPD-PCM-NE,TURNER & TOWNSEND PROJECT MANAGEMENT LTD,1001613696,154301.28,FEES AND COMMISSIONS,LS18 4GH,SUPPLIER,,,Expense,764244132,2025-05-28,154301.28,GBP,a097bebbe71d8c48c2b5643cb692367300b6f9654b4a039c713de41b7e447538,2b354607443f25d2ed367ba7c0ee62da1d977f14d6b54866a958f152141e2fd6,valid,valid,true,valid,
exact_row_duplicate,a1577b4856bdf94084e145804d8c1c85b765f45a5abe42c2a0889b24e3cad4b7,2,1,within_file,,6cb89b600d87d900efdf792b3ba5208e6b7a36ea5b921f53736d574694105521,Defra__25k_May_25.csv,2025-05,418,2026-09-23T00:00:00+00:00,real_public_defra,false,,DEFRA,EA,06/05/2025,Exp - Purchase Of Goods/Services - Consultancy,EA FCRM Dir-MPPD-PCM-SW,ARCADIS CONSULTING UK LTD,1001608655,221106.03,FEES AND COMMISSIONS,EC3M 4BY,SUPPLIER,,,Expense,GB 8727 99950,2025-05-06,221106.03,GBP,a1577b4856bdf94084e145804d8c1c85b765f45a5abe42c2a0889b24e3cad4b7,a51457dfecd221f40a3bbc8fd448589bacbe4ca261d0746b2f392ffed868b1ff,valid,valid,true,valid,
exact_row_duplicate,a1577b4856bdf94084e145804d8c1c85b765f45a5abe42c2a0889b24e3cad4b7,2,1,within_file,,ffe5210c9fa46a4d084a125da8b4ca2887fc759117146277d99dafbf57cc3720,Defra__25k_May_25.csv,2025-05,419,2026-09-23T00:00:00+00:00,real_public_defra,false,,DEFRA,EA,06/05/2025,Exp - Purchase Of Goods/Services - Consultancy,EA FCRM Dir-MPPD-PCM-SW,ARCADIS CONSULTING UK LTD,1001608655,221106.03,FEES AND COMMISSIONS,EC3M 4BY,SUPPLIER,,,Expense,GB 8727 99950,2025-05-06,221106.03,GBP,a1577b4856bdf94084e145804d8c1c85b765f45a5abe42c2a0889b24e3cad4b7,a51457dfecd221f40a3bbc8fd448589bacbe4ca261d0746b2f392ffed868b1ff,valid,valid,true,valid,
exact_row_duplicate,a63f7e0824bf0247b3f908ee2a0e0249f3d3b45ca250e70942bbcac2b59de528,2,1,within_file,,3953e5241220b0276244f206c6882d200714d583fa6b5c24fb7672f035991c42,Defra__25k_May_25.csv,2025-05,857,2026-09-23T00:00:00+00:00,real_public_defra,false,,DEFRA,EA,27/05/2025,PPE - POA & AUC (OWNED) - COST - O/BAL,EA Ops-WSX-Mgt,GALLIFORD TRY CONSTRUCTION LTD,1001613543,179377.5,TANGIBLE NBV,UB8 2AD,CIS SUPPLIER,,ENV0002924C,Asset,GB223413506,2025-05-27,179377.5,GBP,a63f7e0824bf0247b3f908ee2a0e0249f3d3b45ca250e70942bbcac2b59de528,503a5af01541d324aa90cbe3164f338453a17b68774c5f635547cce55d64f465,valid,valid,true,valid,
exact_row_duplicate,a63f7e0824bf0247b3f908ee2a0e0249f3d3b45ca250e70942bbcac2b59de528,2,1,within_file,,e9648f1f643de61b27bf0d3ade6d28430a55a114c7fc0a57fd32fb08b42ce7ed,Defra__25k_May_25.csv,2025-05,858,2026-09-23T00:00:00+00:00,real_public_defra,false,,DEFRA,EA,27/05/2025,PPE - POA & AUC (OWNED) - COST - O/BAL,EA Ops-WSX-Mgt,GALLIFORD TRY CONSTRUCTION LTD,1001613543,179377.5,TANGIBLE NBV,UB8 2AD,CIS SUPPLIER,,ENV0002924C,Asset,GB223413506,2025-05-27,179377.5,GBP,a63f7e0824bf0247b3f908ee2a0e0249f3d3b45ca250e70942bbcac2b59de528,503a5af01541d324aa90cbe3164f338453a17b68774c5f635547cce55d64f465,valid,valid,true,valid,
exact_row_duplicate,a718b5bb6f1a02c0e3101734783d6ae75d99581966440dcd6aba62a99774acbb,3,2,within_file,,a22ca8a826f1d135ea2aeb45b5d083f97e0a14cc7a0a28d857eec0b5e1937cc3,Defra__25k_May_25.csv,2025-05,647,2026-09-23T00:00:00+00:00,real_public_defra,false,,DEFRA,EA,15/05/2025,EXP EU CAPITAL GRANTS TO PTE SECTOR - PERS & NON PROFIT INSTIT'NS SERVING H'HOLD - CWEIY,EA Ops-CLA-Mgt,JACOBS UK LTD,1001611415,39199.11,GRANTS,SE1 2QG,CIS SUPPLIER,,ENV0000495C,Expense,GB624298920,2025-05-15,39199.11,GBP,a718b5bb6f1a02c0e3101734783d6ae75d99581966440dcd6aba62a99774acbb,1d1fd5b4a178ebdb7fa1ffa02fa691eda352d7847b17815c6856f500461e4f22,valid,valid,true,valid,
exact_row_duplicate,a718b5bb6f1a02c0e3101734783d6ae75d99581966440dcd6aba62a99774acbb,3,2,within_file,,6cf103d4da1d65bf951b4c116575dd83abcb27e9fe0d0504a4b9d06d5d6c7114,Defra__25k_May_25.csv,2025-05,648,2026-09-23T00:00:00+00:00,real_public_defra,false,,DEFRA,EA,15/05/2025,EXP EU CAPITAL GRANTS TO PTE SECTOR - PERS & NON PROFIT INSTIT'NS SERVING H'HOLD - CWEIY,EA Ops-CLA-Mgt,JACOBS UK LTD,1001611415,39199.11,GRANTS,SE1 2QG,CIS SUPPLIER,,ENV0000495C,Expense,GB624298920,2025-05-15,39199.11,GBP,a718b5bb6f1a02c0e3101734783d6ae75d99581966440dcd6aba62a99774acbb,1d1fd5b4a178ebdb7fa1ffa02fa691eda352d7847b17815c6856f500461e4f22,valid,valid,true,valid,
exact_row_duplicate,a718b5bb6f1a02c0e3101734783d6ae75d99581966440dcd6aba62a99774acbb,3,2,within_file,,cd496b4af4e6fd5099112d9a5a17aec8cdb2f886979ff11e56e379b109e444f2,Defra__25k_May_25.csv,2025-05,649,2026-09-23T00:00:00+00:00,real_public_defra,false,,DEFRA,EA,15/05/2025,EXP EU CAPITAL GRANTS TO PTE SECTOR - PERS & NON PROFIT INSTIT'NS SERVING H'HOLD - CWEIY,EA Ops-CLA-Mgt,JACOBS UK LTD,1001611415,39199.11,GRANTS,SE1 2QG,CIS SUPPLIER,,ENV0000495C,Expense,GB624298920,2025-05-15,39199.11,GBP,a718b5bb6f1a02c0e3101734783d6ae75d99581966440dcd6aba62a99774acbb,1d1fd5b4a178ebdb7fa1ffa02fa691eda352d7847b17815c6856f500461e4f22,valid,valid,true,valid,
exact_row_duplicate,a77c5846aa67b5635abadbdb377b70717c7eb0c9db20de36bf75aebac4f73fdc,3,2,within_file,,af188a5561430e6052eaa605e60ca80fbba676592ab2ce409d18984e5377b421,Defra__25k_May_25.csv,2025-05,565,2026-09-23T00:00:00+00:00,real_public_defra,false,,DEFRA,EA,13/05/2025,Exp - Purchase Of Goods/Services - Contractors,EA Ops-HNL-FCRM OPS East-Asset Perf Lower Lee & Roding,ECS ENGINEERING SERVICES LTD,1001610726,28816.81,FEES AND COMMISSIONS,NG172JZ,CIS SUPPLIER,,ENV7005742R,Expense,646710631,2025-05-13,28816.81,GBP,a77c5846aa67b5635abadbdb377b70717c7eb0c9db20de36bf75aebac4f73fdc,1e65892b10b85598961f5f3195484e72c45b2f2ac22991c8bf479ec4012aad90,valid,valid,true,valid,
exact_row_duplicate,a77c5846aa67b5635abadbdb377b70717c7eb0c9db20de36bf75aebac4f73fdc,3,2,within_file,,2145be79353dadc4a70e089e93856096b02b075572ca0788441b1769b7b937c7,Defra__25k_May_25.csv,2025-05,566,2026-09-23T00:00:00+00:00,real_public_defra,false,,DEFRA,EA,13/05/2025,Exp - Purchase Of Goods/Services - Contractors,EA Ops-HNL-FCRM OPS East-Asset Perf Lower Lee & Roding,ECS ENGINEERING SERVICES LTD,1001610726,28816.81,FEES AND COMMISSIONS,NG172JZ,CIS SUPPLIER,,ENV7005742R,Expense,646710631,2025-05-13,28816.81,GBP,a77c5846aa67b5635abadbdb377b70717c7eb0c9db20de36bf75aebac4f73fdc,1e65892b10b85598961f5f3195484e72c45b2f2ac22991c8bf479ec4012aad90,valid,valid,true,valid,
exact_row_duplicate,a77c5846aa67b5635abadbdb377b70717c7eb0c9db20de36bf75aebac4f73fdc,3,2,within_file,,05f724988465b18225bda794454218f52eed52fd05ebee41da786a3e7806e435,Defra__25k_May_25.csv,2025-05,567,2026-09-23T00:00:00+00:00,real_public_defra,false,,DEFRA,EA,13/05/2025,Exp - Purchase Of Goods/Services - Contractors,EA Ops-HNL-FCRM OPS East-Asset Perf Lower Lee & Roding,ECS ENGINEERING SERVICES LTD,1001610726,28816.81,FEES AND COMMISSIONS,NG172JZ,CIS SUPPLIER,,ENV7005742R,Expense,646710631,2025-05-13,28816.81,GBP,a77c5846aa67b5635abadbdb377b70717c7eb0c9db20de36bf75aebac4f73fdc,1e65892b10b85598961f5f3195484e72c45b2f2ac22991c8bf479ec4012aad90,valid,valid,true,valid,
exact_row_duplicate,ab344fa2d57610f5b7822115c6e864af03bd2f9bb1625e6127d43a66e9dac1a1,3,2,within_file,,a4f3bbde733ce3ba2bd3872a5d3a4b4e140b92b7e32ec508a18687d7c82fba3a,Defra__25k_May_25.csv,2025-05,843,2026-09-23T00:00:00+00:00,real_public_defra,false,,DEFRA,EA,27/05/2025,EXP EU CAPITAL GRANTS TO PTE SECTOR - PERS & NON PROFIT INSTIT'NS SERVING H'HOLD - CWEIY,EA Ops-KSL-Mgt,JT MACKLEY & CO LTD,1001613413,74989.18,GRANTS,BN5 9XQ,CIS SUPPLIER,,ENV0002758C,Expense,GB315857150,2025-05-27,74989.18,GBP,ab344fa2d57610f5b7822115c6e864af03bd2f9bb1625e6127d43a66e9dac1a1,d1738af7bdbb221679a5a22bd075f2813408186db5910ffbe9dabbcf7ae0e3e4,valid,valid,true,valid,
exact_row_duplicate,ab344fa2d57610f5b7822115c6e864af03bd2f9bb1625e6127d43a66e9dac1a1,3,2,within_file,,27e5c55e912570479bcc8580395265acae1bc66371d6d7ffa9897e451371d510,Defra__25k_May_25.csv,2025-05,844,2026-09-23T00:00:00+00:00,real_public_defra,false,,DEFRA,EA,27/05/2025,EXP EU CAPITAL GRANTS TO PTE SECTOR - PERS & NON PROFIT INSTIT'NS SERVING H'HOLD - CWEIY,EA Ops-KSL-Mgt,JT MACKLEY & CO LTD,1001613413,74989.18,GRANTS,BN5 9XQ,CIS SUPPLIER,,ENV0002758C,Expense,GB315857150,2025-05-27,74989.18,GBP,ab344fa2d57610f5b7822115c6e864af03bd2f9bb1625e6127d43a66e9dac1a1,d1738af7bdbb221679a5a22bd075f2813408186db5910ffbe9dabbcf7ae0e3e4,valid,valid,true,valid,
exact_row_duplicate,ab344fa2d57610f5b7822115c6e864af03bd2f9bb1625e6127d43a66e9dac1a1,3,2,within_file,,ac40a5cf5ede87e893de29cb05dde49c7123c356518c4733eb88fd6d07310612,Defra__25k_May_25.csv,2025-05,845,2026-09-23T00:00:00+00:00,real_public_defra,false,,DEFRA,EA,27/05/2025,EXP EU CAPITAL GRANTS TO PTE SECTOR - PERS & NON PROFIT INSTIT'NS SERVING H'HOLD - CWEIY,EA Ops-KSL-Mgt,JT MACKLEY & CO LTD,1001613413,74989.18,GRANTS,BN5 9XQ,CIS SUPPLIER,,ENV0002758C,Expense,GB315857150,2025-05-27,74989.18,GBP,ab344fa2d57610f5b7822115c6e864af03bd2f9bb1625e6127d43a66e9dac1a1,d1738af7bdbb221679a5a22bd075f2813408186db5910ffbe9dabbcf7ae0e3e4,valid,valid,true,valid,
exact_row_duplicate,ac02e2308e5aa58c808e5cfecc05c301e1f69f341ac379334fe975c579f487ae,2,1,within_file,,aa35f0a9d3bb02e967239007b5c638924042549df73fedaa356a99d08bcd3674,Defra__25k_May_25.csv,2025-05,935,2026-09-23T00:00:00+00:00,real_public_defra,false,,DEFRA,EA,30/05/2025,Exp - Purchase Of Goods/Services - Consultancy,EA FCRM Dir-MPPD-PCM-East,MOTT MACDONALD LTD,1001614457,126291.42,FEES AND COMMISSIONS,CR0 2EE,SUPPLIER,,,Expense,GB 523765636,2025-05-30,126291.42,GBP,ac02e2308e5aa58c808e5cfecc05c301e1f69f341ac379334fe975c579f487ae,c8d4e9fc61d163c6f242d44d3c2ee71e529d9bdec4c4483b2bf16b6aa9418c11,valid,valid,true,valid,
exact_row_duplicate,ac02e2308e5aa58c808e5cfecc05c301e1f69f341ac379334fe975c579f487ae,2,1,within_file,,27b89056f0c5b5cd52b91c09e97acbe751ad49c49052244334f822a82c28cf98,Defra__25k_May_25.csv,2025-05,936,2026-09-23T00:00:00+00:00,real_public_defra,false,,DEFRA,EA,30/05/2025,Exp - Purchase Of Goods/Services - Consultancy,EA FCRM Dir-MPPD-PCM-East,MOTT MACDONALD LTD,1001614457,126291.42,FEES AND COMMISSIONS,CR0 2EE,SUPPLIER,,,Expense,GB 523765636,2025-05-30,126291.42,GBP,ac02e2308e5aa58c808e5cfecc05c301e1f69f341ac379334fe975c579f487ae,c8d4e9fc61d163c6f242d44d3c2ee71e529d9bdec4c4483b2bf16b6aa9418c11,valid,valid,true,valid,
exact_row_duplicate,acc814889f452c713d6e946a6e27fb42e793f3ff6eb6101b82d10746baf17a0b,2,1,within_file,,543f70a4358be975c13514b3c28cbf312764a60a0337536ffb392425ca91922b,Defra__25k_May_25.csv,2025-05,750,2026-09-23T00:00:00+00:00,real_public_defra,false,,DEFRA,EA,20/05/2025,EXP - PURCHASE OF GOODS/SERVICES - CONSULTANCY - TECHNICAL,EA FCRM Dir-MPPD-PCM-SW,WSP UK LTD,1001612306,46566.1,FEES AND COMMISSIONS,WC2A 1AF,CIS SUPPLIER,,ENVNCPMSCONSW,Expense,GB 905 0549 42,2025-05-20,46566.1,GBP,acc814889f452c713d6e946a6e27fb42e793f3ff6eb6101b82d10746baf17a0b,d5983a1d0d617758d62b7a15ee7b55a586684edf77e05ae4400103e76cea56e3,valid,valid,true,valid,
exact_row_duplicate,acc814889f452c713d6e946a6e27fb42e793f3ff6eb6101b82d10746baf17a0b,2,1,within_file,,1516cc244d62eb1470db331e34d03b7b6bb515598a1761a50787e00190059d01,Defra__25k_May_25.csv,2025-05,751,2026-09-23T00:00:00+00:00,real_public_defra,false,,DEFRA,EA,20/05/2025,EXP - PURCHASE OF GOODS/SERVICES - CONSULTANCY - TECHNICAL,EA FCRM Dir-MPPD-PCM-SW,WSP UK LTD,1001612306,46566.1,FEES AND COMMISSIONS,WC2A 1AF,CIS SUPPLIER,,ENVNCPMSCONSW,Expense,GB 905 0549 42,2025-05-20,46566.1,GBP,acc814889f452c713d6e946a6e27fb42e793f3ff6eb6101b82d10746baf17a0b,d5983a1d0d617758d62b7a15ee7b55a586684edf77e05ae4400103e76cea56e3,valid,valid,true,valid,
exact_row_duplicate,ad6909cb4961e08c01785f0e46d46e7ad0929cd676557b6d91b0946d6901f78f,5,4,within_file,,49b293cbdb455564cf5525f961ca451a2f5cf0e8b5a38b82ca0846a0d4b81223,Defra__25k_May_25.csv,2025-05,545,2026-09-23T00:00:00+00:00,real_public_defra,false,,DEFRA,EA,13/05/2025,EXP EU CAPITAL GRANTS TO PTE SECTOR - PERS & NON PROFIT INSTIT'NS SERVING H'HOLD - CWEIY,EA Ops-SSD-Mgt,JEREMY BENN ASSOCIATES LTD,1001610533,182066.57,GRANTS,BD23 3AE,SUPPLIER,,ENV0004615C,Expense,665 3009 41,2025-05-13,182066.57,GBP,ad6909cb4961e08c01785f0e46d46e7ad0929cd676557b6d91b0946d6901f78f,b5749e3971b5b0e85d45342afddcc3c8ce896f0b259ea85d2daaad656e54d484,valid,valid,true,valid,
exact_row_duplicate,ad6909cb4961e08c01785f0e46d46e7ad0929cd676557b6d91b0946d6901f78f,5,4,within_file,,782f954ddc977730bb90117443d3fc7e64dd44f1398a613ad75ac501e6019826,Defra__25k_May_25.csv,2025-05,546,2026-09-23T00:00:00+00:00,real_public_defra,false,,DEFRA,EA,13/05/2025,EXP EU CAPITAL GRANTS TO PTE SECTOR - PERS & NON PROFIT INSTIT'NS SERVING H'HOLD - CWEIY,EA Ops-SSD-Mgt,JEREMY BENN ASSOCIATES LTD,1001610533,182066.57,GRANTS,BD23 3AE,SUPPLIER,,ENV0004615C,Expense,665 3009 41,2025-05-13,182066.57,GBP,ad6909cb4961e08c01785f0e46d46e7ad0929cd676557b6d91b0946d6901f78f,b5749e3971b5b0e85d45342afddcc3c8ce896f0b259ea85d2daaad656e54d484,valid,valid,true,valid,
exact_row_duplicate,ad6909cb4961e08c01785f0e46d46e7ad0929cd676557b6d91b0946d6901f78f,5,4,within_file,,ad0ac4fc171c33dc802f74e1c4e0ad8713109f03ee7dfd3fb8420cf7f1dae974,Defra__25k_May_25.csv,2025-05,547,2026-09-23T00:00:00+00:00,real_public_defra,false,,DEFRA,EA,13/05/2025,EXP EU CAPITAL GRANTS TO PTE SECTOR - PERS & NON PROFIT INSTIT'NS SERVING H'HOLD - CWEIY,EA Ops-SSD-Mgt,JEREMY BENN ASSOCIATES LTD,1001610533,182066.57,GRANTS,BD23 3AE,SUPPLIER,,ENV0004615C,Expense,665 3009 41,2025-05-13,182066.57,GBP,ad6909cb4961e08c01785f0e46d46e7ad0929cd676557b6d91b0946d6901f78f,b5749e3971b5b0e85d45342afddcc3c8ce896f0b259ea85d2daaad656e54d484,valid,valid,true,valid,
exact_row_duplicate,ad6909cb4961e08c01785f0e46d46e7ad0929cd676557b6d91b0946d6901f78f,5,4,within_file,,3116ac539a1d3aee38e024df587be4d6cd3c1aac01d7a7e57732e198fbf514e4,Defra__25k_May_25.csv,2025-05,548,2026-09-23T00:00:00+00:00,real_public_defra,false,,DEFRA,EA,13/05/2025,EXP EU CAPITAL GRANTS TO PTE SECTOR - PERS & NON PROFIT INSTIT'NS SERVING H'HOLD - CWEIY,EA Ops-SSD-Mgt,JEREMY BENN ASSOCIATES LTD,1001610533,182066.57,GRANTS,BD23 3AE,SUPPLIER,,ENV0004615C,Expense,665 3009 41,2025-05-13,182066.57,GBP,ad6909cb4961e08c01785f0e46d46e7ad0929cd676557b6d91b0946d6901f78f,b5749e3971b5b0e85d45342afddcc3c8ce896f0b259ea85d2daaad656e54d484,valid,valid,true,valid,
exact_row_duplicate,ad6909cb4961e08c01785f0e46d46e7ad0929cd676557b6d91b0946d6901f78f,5,4,within_file,,aaaca6fc90746cf9d899330c5f3b72c3251ed8b42c9d5a6bbdc95bb84942e6cc,Defra__25k_May_25.csv,2025-05,549,2026-09-23T00:00:00+00:00,real_public_defra,false,,DEFRA,EA,13/05/2025,EXP EU CAPITAL GRANTS TO PTE SECTOR - PERS & NON PROFIT INSTIT'NS SERVING H'HOLD - CWEIY,EA Ops-SSD-Mgt,JEREMY BENN ASSOCIATES LTD,1001610533,182066.57,GRANTS,BD23 3AE,SUPPLIER,,ENV0004615C,Expense,665 3009 41,2025-05-13,182066.57,GBP,ad6909cb4961e08c01785f0e46d46e7ad0929cd676557b6d91b0946d6901f78f,b5749e3971b5b0e85d45342afddcc3c8ce896f0b259ea85d2daaad656e54d484,valid,valid,true,valid,
exact_row_duplicate,ad9a785e0960e4c38173f505ab1bea4be5e18e1c07e5d4943fad451c33ce1378,3,2,within_file,,7328cae7f569b59b12dfae9afda86dc0c663f827301044dc581d26699899a28b,Defra__25k_May_25.csv,2025-05,846,2026-09-23T00:00:00+00:00,real_public_defra,false,,DEFRA,EA,27/05/2025,PPE - POA & AUC (OWNED) - COST - O/BAL,EA Ops-GMC-Mgt,A E YATES LTD,1001613414,138377.95,TANGIBLE NBV,BL6 4SB,SUPPLIER,,ENV0004788C,Asset,GB145669831,2025-05-27,138377.95,GBP,ad9a785e0960e4c38173f505ab1bea4be5e18e1c07e5d4943fad451c33ce1378,24a563e4d0cbaf9e03bc5131bec9831d16824a50077401f2cbe74b7e994a865e,valid,valid,true,valid,
exact_row_duplicate,ad9a785e0960e4c38173f505ab1bea4be5e18e1c07e5d4943fad451c33ce1378,3,2,within_file,,055490ad0d57f7596b0ba6b129c1d5c09ee5318c3da4f1481f7efdd8066a95a9,Defra__25k_May_25.csv,2025-05,847,2026-09-23T00:00:00+00:00,real_public_defra,false,,DEFRA,EA,27/05/2025,PPE - POA & AUC (OWNED) - COST - O/BAL,EA Ops-GMC-Mgt,A E YATES LTD,1001613414,138377.95,TANGIBLE NBV,BL6 4SB,SUPPLIER,,ENV0004788C,Asset,GB145669831,2025-05-27,138377.95,GBP,ad9a785e0960e4c38173f505ab1bea4be5e18e1c07e5d4943fad451c33ce1378,24a563e4d0cbaf9e03bc5131bec9831d16824a50077401f2cbe74b7e994a865e,valid,valid,true,valid,
exact_row_duplicate,ad9a785e0960e4c38173f505ab1bea4be5e18e1c07e5d4943fad451c33ce1378,3,2,within_file,,c42b0f2c2c865594f80fbb575ae5b2b4b3ef629a3806d073995d5c83ee2dcfec,Defra__25k_May_25.csv,2025-05,848,2026-09-23T00:00:00+00:00,real_public_defra,false,,DEFRA,EA,27/05/2025,PPE - POA & AUC (OWNED) - COST - O/BAL,EA Ops-GMC-Mgt,A E YATES LTD,1001613414,138377.95,TANGIBLE NBV,BL6 4SB,SUPPLIER,,ENV0004788C,Asset,GB145669831,2025-05-27,138377.95,GBP,ad9a785e0960e4c38173f505ab1bea4be5e18e1c07e5d4943fad451c33ce1378,24a563e4d0cbaf9e03bc5131bec9831d16824a50077401f2cbe74b7e994a865e,valid,valid,true,valid,
exact_row_duplicate,b02bf67a461fdcc91fbe659f464907d69e0da814c1771d62575595b97d1623ce,2,1,within_file,,8794205f815a939fa4583d14cb459bb27690607fb8836787c4fb8b3bc7265594,Defra__25k_May_25.csv,2025-05,523,2026-09-23T00:00:00+00:00,real_public_defra,false,,DEFRA,EA,12/05/2025,EXP EU CAPITAL GRANTS TO PTE SECTOR - PERS & NON PROFIT INSTIT'NS SERVING H'HOLD - CWEIY,EA Ops-THM-Mgt,BAM NUTTALL LTD,1001610397,311274.22,GRANTS,GU15 3XW,CIS SUPPLIER,,ENVIMSE500289,Expense,GB340316204,2025-05-12,311274.22,GBP,b02bf67a461fdcc91fbe659f464907d69e0da814c1771d62575595b97d1623ce,eaaeb020eb5b1efb3d5643a1cfb8fe12976305d3e16cd1ac5024f8af85707f4e,valid,valid,true,valid,
exact_row_duplicate,b02bf67a461fdcc91fbe659f464907d69e0da814c1771d62575595b97d1623ce,2,1,within_file,,1cba83b16bde26259772dd38952daacfc5f908e507d78f5daa998723d36b12e9,Defra__25k_May_25.csv,2025-05,524,2026-09-23T00:00:00+00:00,real_public_defra,false,,DEFRA,EA,12/05/2025,EXP EU CAPITAL GRANTS TO PTE SECTOR - PERS & NON PROFIT INSTIT'NS SERVING H'HOLD - CWEIY,EA Ops-THM-Mgt,BAM NUTTALL LTD,1001610397,311274.22,GRANTS,GU15 3XW,CIS SUPPLIER,,ENVIMSE500289,Expense,GB340316204,2025-05-12,311274.22,GBP,b02bf67a461fdcc91fbe659f464907d69e0da814c1771d62575595b97d1623ce,eaaeb020eb5b1efb3d5643a1cfb8fe12976305d3e16cd1ac5024f8af85707f4e,valid,valid,true,valid,
exact_row_duplicate,b0c66c5a56dcd093d19b27020a573b63df71326b67fabd0228a06388e5869e63,2,1,within_file,,deaad6993818136fbf14e7cfde8f7050cf8c100599ee682cc0fb6383897964e9,Defra__25k_May_25.csv,2025-05,585,2026-09-23T00:00:00+00:00,real_public_defra,false,,DEFRA,EA,14/05/2025,EXP EU CAPITAL GRANTS TO PTE SECTOR - PERS & NON PROFIT INSTIT'NS SERVING H'HOLD - CWEIY,EA Ops-CLA-Mgt,JACOBS UK LTD,1001610979,114887.47,GRANTS,SE1 2QG,CIS SUPPLIER,,ENV0000495C,Expense,GB624298920,2025-05-14,114887.47,GBP,b0c66c5a56dcd093d19b27020a573b63df71326b67fabd0228a06388e5869e63,89b1c142c69f777c8318dac1010b522ed04e8a18d8a4450adee471098e69e28d,valid,valid,true,valid,
exact_row_duplicate,b0c66c5a56dcd093d19b27020a573b63df71326b67fabd0228a06388e5869e63,2,1,within_file,,2c59cabb8b1df488d33f39184dec25c6f78b440f71e8c0ee11758611d1dd57aa,Defra__25k_May_25.csv,2025-05,586,2026-09-23T00:00:00+00:00,real_public_defra,false,,DEFRA,EA,14/05/2025,EXP EU CAPITAL GRANTS TO PTE SECTOR - PERS & NON PROFIT INSTIT'NS SERVING H'HOLD - CWEIY,EA Ops-CLA-Mgt,JACOBS UK LTD,1001610979,114887.47,GRANTS,SE1 2QG,CIS SUPPLIER,,ENV0000495C,Expense,GB624298920,2025-05-14,114887.47,GBP,b0c66c5a56dcd093d19b27020a573b63df71326b67fabd0228a06388e5869e63,89b1c142c69f777c8318dac1010b522ed04e8a18d8a4450adee471098e69e28d,valid,valid,true,valid,
exact_row_duplicate,b6794620485c1f35039632398f30c1837555ec97ee4fe8c0e7616b8fe5d31f32,2,1,within_file,,0b661436d6be1b36490085a6c690ce1e30fd6d84f45aa8108217e91f1ec57b49,Defra__25k_May_25.csv,2025-05,529,2026-09-23T00:00:00+00:00,real_public_defra,false,,DEFRA,EA,12/05/2025,EXP - PURCHASE OF GOODS/SERVICES - OTHER - GRANTS AND CONTRIBUTIONS,EA FCRM Dir-PMA-Portfolio Management Office,FORESTRY ENGLAND,2001002234,76652.42,OTHER COSTS,BS16 1EJ,CUSTOMER,,ENV6005726R,Expense,888 83 0561,2025-05-12,76652.42,GBP,b6794620485c1f35039632398f30c1837555ec97ee4fe8c0e7616b8fe5d31f32,de41cea5724cc0cf3fe1e1117c746aafc6128028a46004b5138cc0bd42df8b09,valid,valid,true,valid,
exact_row_duplicate,b6794620485c1f35039632398f30c1837555ec97ee4fe8c0e7616b8fe5d31f32,2,1,within_file,,8d87c9df14076fe14335bfe165d1155f034fe84b961b3cc966be30af0bb7594d,Defra__25k_May_25.csv,2025-05,530,2026-09-23T00:00:00+00:00,real_public_defra,false,,DEFRA,EA,12/05/2025,EXP - PURCHASE OF GOODS/SERVICES - OTHER - GRANTS AND CONTRIBUTIONS,EA FCRM Dir-PMA-Portfolio Management Office,FORESTRY ENGLAND,2001002234,76652.42,OTHER COSTS,BS16 1EJ,CUSTOMER,,ENV6005726R,Expense,888 83 0561,2025-05-12,76652.42,GBP,b6794620485c1f35039632398f30c1837555ec97ee4fe8c0e7616b8fe5d31f32,de41cea5724cc0cf3fe1e1117c746aafc6128028a46004b5138cc0bd42df8b09,valid,valid,true,valid,
exact_row_duplicate,bcb6a07431366f446b594520212355a92f39b84a8f89b4c9d7a25316b0e5fa17,2,1,within_file,,1a9a5098496814f9c7d14bad80351062241dddeb86e4e83c541c6b411a7c50e4,Defra__25k_May_25.csv,2025-05,830,2026-09-23T00:00:00+00:00,real_public_defra,false,,DEFRA,EA,23/05/2025,EXP - PURCHASE OF GOODS/SERVICES - END USER SOFTWARE AND HARDWARE,EA FCRM Dir-AME-Asset Management Systems,BUILT INTELLIGENCE LTD,1001613280,115200,INFORMATION TECHNOLOGY,BA20 2FG,SUPPLIER,,,Expense,172429407,2025-05-23,115200,GBP,bcb6a07431366f446b594520212355a92f39b84a8f89b4c9d7a25316b0e5fa17,bd0c01bd7b5559695eafadf096a5cf1bdd26fb6a6dd4a05e2f95fb9008381bd6,valid,valid,true,valid,
exact_row_duplicate,bcb6a07431366f446b594520212355a92f39b84a8f89b4c9d7a25316b0e5fa17,2,1,within_file,,fd689841ff76e5d9baa6f4c6115616539c40a056432a9f9d96e9db6cc67a7f99,Defra__25k_May_25.csv,2025-05,831,2026-09-23T00:00:00+00:00,real_public_defra,false,,DEFRA,EA,23/05/2025,EXP - PURCHASE OF GOODS/SERVICES - END USER SOFTWARE AND HARDWARE,EA FCRM Dir-AME-Asset Management Systems,BUILT INTELLIGENCE LTD,1001613280,115200,INFORMATION TECHNOLOGY,BA20 2FG,SUPPLIER,,,Expense,172429407,2025-05-23,115200,GBP,bcb6a07431366f446b594520212355a92f39b84a8f89b4c9d7a25316b0e5fa17,bd0c01bd7b5559695eafadf096a5cf1bdd26fb6a6dd4a05e2f95fb9008381bd6,valid,valid,true,valid,
exact_row_duplicate,bec025b175a09422654c4977ad5b6c0224016c49e3ab3481fd7e50d60b2947a4,2,1,within_file,,1c7263412678fb4818b11359a02d4f154e88af95f4fafeb8947f166a9abd9c39,Defra__25k_May_25.csv,2025-05,595,2026-09-23T00:00:00+00:00,real_public_defra,false,,DEFRA,EA,14/05/2025,Exp - Purchase Of Goods/Services - Contractors,EA Ops-EMD-Mgt,PREMIER SURVEYS,1001611032,25560,FEES AND COMMISSIONS,NG5 1DX,SUPPLIER,,ENV7006135R,Expense,GB 522 4282 72,2025-05-14,25560,GBP,bec025b175a09422654c4977ad5b6c0224016c49e3ab3481fd7e50d60b2947a4,36102b1ccba440dd5a09eff9ab16144fd6f29e79be061c4edc62c9bdf12490cd,valid,valid,true,valid,
exact_row_duplicate,bec025b175a09422654c4977ad5b6c0224016c49e3ab3481fd7e50d60b2947a4,2,1,within_file,,c29b897a52b92204807bf13cfbe5eccf75a497f4601ccfdc167c893df6c6240d,Defra__25k_May_25.csv,2025-05,596,2026-09-23T00:00:00+00:00,real_public_defra,false,,DEFRA,EA,14/05/2025,Exp - Purchase Of Goods/Services - Contractors,EA Ops-EMD-Mgt,PREMIER SURVEYS,1001611032,25560,FEES AND COMMISSIONS,NG5 1DX,SUPPLIER,,ENV7006135R,Expense,GB 522 4282 72,2025-05-14,25560,GBP,bec025b175a09422654c4977ad5b6c0224016c49e3ab3481fd7e50d60b2947a4,36102b1ccba440dd5a09eff9ab16144fd6f29e79be061c4edc62c9bdf12490cd,valid,valid,true,valid,
exact_row_duplicate,becd144fe2955b94155c06b10beaa6b0fe0b07dd7cd958221f6253c22a93fc61,2,1,within_file,,1a7938ff3985b72e82adb636198415c6c1d2d9fec4ca68bfc2cea6db9f27e0f0,Defra__25k_May_25.csv,2025-05,641,2026-09-23T00:00:00+00:00,real_public_defra,false,,DEFRA,EA,15/05/2025,PPE - POA & AUC (OWNED) - COST - O/BAL,EA Ops-WSX-Mgt,KIER INTERGRATED SERVICES LTD,1001611375,777740.65,TANGIBLE NBV,SG19 2BD,SUPPLIER,,ENV0001197C,Asset,1055 40018,2025-05-15,777740.65,GBP,becd144fe2955b94155c06b10beaa6b0fe0b07dd7cd958221f6253c22a93fc61,8abd4dc8c13719c0e627cfc2f05bee843bcb007f5147a9ed02214b750ef4ef65,valid,valid,true,valid,
exact_row_duplicate,becd144fe2955b94155c06b10beaa6b0fe0b07dd7cd958221f6253c22a93fc61,2,1,within_file,,6e58291cc31c8e6d5075939b786fd3af788632e5ea46085120efb3205609ecb2,Defra__25k_May_25.csv,2025-05,643,2026-09-23T00:00:00+00:00,real_public_defra,false,,DEFRA,EA,15/05/2025,PPE - POA & AUC (OWNED) - COST - O/BAL,EA Ops-WSX-Mgt,KIER INTERGRATED SERVICES LTD,1001611375,777740.65,TANGIBLE NBV,SG19 2BD,SUPPLIER,,ENV0001197C,Asset,1055 40018,2025-05-15,777740.65,GBP,becd144fe2955b94155c06b10beaa6b0fe0b07dd7cd958221f6253c22a93fc61,8abd4dc8c13719c0e627cfc2f05bee843bcb007f5147a9ed02214b750ef4ef65,valid,valid,true,valid,
exact_row_duplicate,c19538280f4bf745d529a5664822a3c4dbe6474703b7c32c81c928ea82e9d51d,2,1,within_file,,927ec319be9866be4cae75e49799fcc264f4bdb6d1056d51bef282c68c546dc6,Defra__25k_May_25.csv,2025-05,484,2026-09-23T00:00:00+00:00,real_public_defra,false,,DEFRA,EA,09/05/2025,Exp - Purchase Of Goods/Services - Contractors,EA Ops-EMD-FCRM OPS South-Field Draycott,WHITEHOUSE CONSTRUCTION CO LTD,1001609945,108059.94,FEES AND COMMISSIONS,DE6 1JU,CIS SUPPLIER,,ENV6004922R,Expense,GB295396506,2025-05-09,108059.94,GBP,c19538280f4bf745d529a5664822a3c4dbe6474703b7c32c81c928ea82e9d51d,59cad9db1790446151775fc1a40393f37f5e1f25e759cb77fc9db7b7f1930e73,valid,valid,true,valid,
exact_row_duplicate,c19538280f4bf745d529a5664822a3c4dbe6474703b7c32c81c928ea82e9d51d,2,1,within_file,,4441637857664f0da69df1506f5cffce76745530877d9b261977e57b4df88914,Defra__25k_May_25.csv,2025-05,485,2026-09-23T00:00:00+00:00,real_public_defra,false,,DEFRA,EA,09/05/2025,Exp - Purchase Of Goods/Services - Contractors,EA Ops-EMD-FCRM OPS South-Field Draycott,WHITEHOUSE CONSTRUCTION CO LTD,1001609945,108059.94,FEES AND COMMISSIONS,DE6 1JU,CIS SUPPLIER,,ENV6004922R,Expense,GB295396506,2025-05-09,108059.94,GBP,c19538280f4bf745d529a5664822a3c4dbe6474703b7c32c81c928ea82e9d51d,59cad9db1790446151775fc1a40393f37f5e1f25e759cb77fc9db7b7f1930e73,valid,valid,true,valid,
exact_row_duplicate,c32ac2693ecebf621946798f4d57316c9ed74b43a441041acb35d4c79a5b8980,4,3,within_file,,5bd3dfd1520bef50b762669c8105e413f26f67150f714dc9ce0c443a9aa6d3a3,Defra__25k_May_25.csv,2025-05,942,2026-09-23T00:00:00+00:00,real_public_defra,false,,DEFRA,EA,30/05/2025,EXP EU CAPITAL GRANTS TO PTE SECTOR - PERS & NON PROFIT INSTIT'NS SERVING H'HOLD - CWEIY,EA Ops-CLA-Mgt,JACOBS UK LTD,1001614497,100660.4,GRANTS,SE1 2QG,CIS SUPPLIER,,ENV0000489C,Expense,GB624298920,2025-05-30,100660.4,GBP,c32ac2693ecebf621946798f4d57316c9ed74b43a441041acb35d4c79a5b8980,ea2c5821a3e9b1865d9727ce85e5b48291b90fc77d84060e8abab936e265edc7,valid,valid,true,valid,
exact_row_duplicate,c32ac2693ecebf621946798f4d57316c9ed74b43a441041acb35d4c79a5b8980,4,3,within_file,,e2b24e4b771ad3f528ccbfecfa3776f08d1a7084b136a08fa0a181034998b60b,Defra__25k_May_25.csv,2025-05,943,2026-09-23T00:00:00+00:00,real_public_defra,false,,DEFRA,EA,30/05/2025,EXP EU CAPITAL GRANTS TO PTE SECTOR - PERS & NON PROFIT INSTIT'NS SERVING H'HOLD - CWEIY,EA Ops-CLA-Mgt,JACOBS UK LTD,1001614497,100660.4,GRANTS,SE1 2QG,CIS SUPPLIER,,ENV0000489C,Expense,GB624298920,2025-05-30,100660.4,GBP,c32ac2693ecebf621946798f4d57316c9ed74b43a441041acb35d4c79a5b8980,ea2c5821a3e9b1865d9727ce85e5b48291b90fc77d84060e8abab936e265edc7,valid,valid,true,valid,
exact_row_duplicate,c32ac2693ecebf621946798f4d57316c9ed74b43a441041acb35d4c79a5b8980,4,3,within_file,,957e625ae4fa41611f25a829a81fa5ed62409694359077ae3d9e82bb03c5bb1c,Defra__25k_May_25.csv,2025-05,944,2026-09-23T00:00:00+00:00,real_public_defra,false,,DEFRA,EA,30/05/2025,EXP EU CAPITAL GRANTS TO PTE SECTOR - PERS & NON PROFIT INSTIT'NS SERVING H'HOLD - CWEIY,EA Ops-CLA-Mgt,JACOBS UK LTD,1001614497,100660.4,GRANTS,SE1 2QG,CIS SUPPLIER,,ENV0000489C,Expense,GB624298920,2025-05-30,100660.4,GBP,c32ac2693ecebf621946798f4d57316c9ed74b43a441041acb35d4c79a5b8980,ea2c5821a3e9b1865d9727ce85e5b48291b90fc77d84060e8abab936e265edc7,valid,valid,true,valid,
exact_row_duplicate,c32ac2693ecebf621946798f4d57316c9ed74b43a441041acb35d4c79a5b8980,4,3,within_file,,e8d27c3d8f7df8afe0cba43df3d43153050071178ce54afc1b687c0e1be25bc6,Defra__25k_May_25.csv,2025-05,945,2026-09-23T00:00:00+00:00,real_public_defra,false,,DEFRA,EA,30/05/2025,EXP EU CAPITAL GRANTS TO PTE SECTOR - PERS & NON PROFIT INSTIT'NS SERVING H'HOLD - CWEIY,EA Ops-CLA-Mgt,JACOBS UK LTD,1001614497,100660.4,GRANTS,SE1 2QG,CIS SUPPLIER,,ENV0000489C,Expense,GB624298920,2025-05-30,100660.4,GBP,c32ac2693ecebf621946798f4d57316c9ed74b43a441041acb35d4c79a5b8980,ea2c5821a3e9b1865d9727ce85e5b48291b90fc77d84060e8abab936e265edc7,valid,valid,true,valid,
exact_row_duplicate,c3e7495ccf453fb2f8f61dec874b3823d9c3aec0082ce64463a6458695e7e32f,3,2,within_file,,2855353e652229a5a59052acd1348f0a904fb9ff09117d592b2a1cc46a5e8a2a,Defra__25k_May_25.csv,2025-05,808,2026-09-23T00:00:00+00:00,real_public_defra,false,,DEFRA,EA,23/05/2025,EXP EU CAPITAL GRANTS TO PTE SECTOR - PERS & NON PROFIT INSTIT'NS SERVING H'HOLD - CWEIY,EA Ops-LNA-Mgt,JACKSON CIVIL ENGINEERING GROUP LTD.,1001613117,804356.3,GRANTS,IP1 5LT,CIS SUPPLIER,,ENV0002759C,Expense,GB 904443249,2025-05-23,804356.3,GBP,c3e7495ccf453fb2f8f61dec874b3823d9c3aec0082ce64463a6458695e7e32f,68ecd744b5834215730d92a8a9ab7c309ebe8f55e55f1a0dcbc50e12f4560dd3,valid,valid,true,valid,
exact_row_duplicate,c3e7495ccf453fb2f8f61dec874b3823d9c3aec0082ce64463a6458695e7e32f,3,2,within_file,,f53e17c6ef8dea41fc04c6d5bfeacb83ec0112d30e961a5205dee203ae5bf5d5,Defra__25k_May_25.csv,2025-05,809,2026-09-23T00:00:00+00:00,real_public_defra,false,,DEFRA,EA,23/05/2025,EXP EU CAPITAL GRANTS TO PTE SECTOR - PERS & NON PROFIT INSTIT'NS SERVING H'HOLD - CWEIY,EA Ops-LNA-Mgt,JACKSON CIVIL ENGINEERING GROUP LTD.,1001613117,804356.3,GRANTS,IP1 5LT,CIS SUPPLIER,,ENV0002759C,Expense,GB 904443249,2025-05-23,804356.3,GBP,c3e7495ccf453fb2f8f61dec874b3823d9c3aec0082ce64463a6458695e7e32f,68ecd744b5834215730d92a8a9ab7c309ebe8f55e55f1a0dcbc50e12f4560dd3,valid,valid,true,valid,
exact_row_duplicate,c3e7495ccf453fb2f8f61dec874b3823d9c3aec0082ce64463a6458695e7e32f,3,2,within_file,,9d75f285817fe5eca328c6ccc53fbc31e69e1f74928a083cb21dd67438086853,Defra__25k_May_25.csv,2025-05,810,2026-09-23T00:00:00+00:00,real_public_defra,false,,DEFRA,EA,23/05/2025,EXP EU CAPITAL GRANTS TO PTE SECTOR - PERS & NON PROFIT INSTIT'NS SERVING H'HOLD - CWEIY,EA Ops-LNA-Mgt,JACKSON CIVIL ENGINEERING GROUP LTD.,1001613117,804356.3,GRANTS,IP1 5LT,CIS SUPPLIER,,ENV0002759C,Expense,GB 904443249,2025-05-23,804356.3,GBP,c3e7495ccf453fb2f8f61dec874b3823d9c3aec0082ce64463a6458695e7e32f,68ecd744b5834215730d92a8a9ab7c309ebe8f55e55f1a0dcbc50e12f4560dd3,valid,valid,true,valid,
exact_row_duplicate,c4ae0b3fb7bf8ec320c4b59e9195614f52d2913bc0c0b12ae4fe3d0a0de08706,2,1,within_file,,8015be8daa10fdb268eaa64198fead8a530597ee5a7a630c47dc608bb61c0a88,November_Over__25K_Transparency.csv,2025-11,381,2026-09-23T00:00:00+00:00,real_public_defra,false,,DE,CCW,06/11/2025,Software,ICT Services,PHOENIX SOFTWARE LIMITED,OP/I075433,"£35,901.00",Software,YO42 1NS,LARGE,N/A,N/A,Programme,755349015,2025-11-06,35901.00,GBP,c4ae0b3fb7bf8ec320c4b59e9195614f52d2913bc0c0b12ae4fe3d0a0de08706,a4233846c83429744fad2e55663cb92f9e8a4c28fe8642e123809c2061943ce1,valid,valid,true,valid,
exact_row_duplicate,c4ae0b3fb7bf8ec320c4b59e9195614f52d2913bc0c0b12ae4fe3d0a0de08706,2,1,within_file,,f973d4122a9e46af7bf7d06bb5c4cc3b6590d846baca5ecbb98676587abe316e,November_Over__25K_Transparency.csv,2025-11,434,2026-09-23T00:00:00+00:00,real_public_defra,false,,DE,CCW,06/11/2025,Software,ICT Services,PHOENIX SOFTWARE LIMITED,OP/I075433,"£35,901.00",Software,YO42 1NS,LARGE,N/A,N/A,Programme,755349015,2025-11-06,35901.00,GBP,c4ae0b3fb7bf8ec320c4b59e9195614f52d2913bc0c0b12ae4fe3d0a0de08706,a4233846c83429744fad2e55663cb92f9e8a4c28fe8642e123809c2061943ce1,valid,valid,true,valid,
exact_row_duplicate,c69cd6189e2c2ab3f193a2326e253882a45707590ceaee9e6a8df59e155632dd,4,3,within_file,,23689e9bef0f69a36d17d0122a037dd7b84d9ccecdaffdbacea2c47ad7ad3d20,Defra__25k_May_25.csv,2025-05,622,2026-09-23T00:00:00+00:00,real_public_defra,false,,DEFRA,EA,15/05/2025,PPE - POA & AUC (OWNED) - COST - O/BAL,EA Ops-GMC-Mgt,XYLEM WATER SOLUTIONS UK LTD,1001611241,27760.8,TANGIBLE NBV,NG4 2AN,SUPPLIER,,ENV0007947C,Asset,,2025-05-15,27760.8,GBP,c69cd6189e2c2ab3f193a2326e253882a45707590ceaee9e6a8df59e155632dd,22f2bcf0a1ac2a60b79f3672ec67bf1d9a9d7bd10662fa6dd2fd9f2f907ee696,valid,valid,true,valid,
exact_row_duplicate,c69cd6189e2c2ab3f193a2326e253882a45707590ceaee9e6a8df59e155632dd,4,3,within_file,,8be9b9610638ebb854065acbb8d65ced4824df08ac3824f53c7f8d70305af970,Defra__25k_May_25.csv,2025-05,623,2026-09-23T00:00:00+00:00,real_public_defra,false,,DEFRA,EA,15/05/2025,PPE - POA & AUC (OWNED) - COST - O/BAL,EA Ops-GMC-Mgt,XYLEM WATER SOLUTIONS UK LTD,1001611241,27760.8,TANGIBLE NBV,NG4 2AN,SUPPLIER,,ENV0007947C,Asset,,2025-05-15,27760.8,GBP,c69cd6189e2c2ab3f193a2326e253882a45707590ceaee9e6a8df59e155632dd,22f2bcf0a1ac2a60b79f3672ec67bf1d9a9d7bd10662fa6dd2fd9f2f907ee696,valid,valid,true,valid,
exact_row_duplicate,c69cd6189e2c2ab3f193a2326e253882a45707590ceaee9e6a8df59e155632dd,4,3,within_file,,f9724fe79b673db8fafa97cc88984efc17d1bcfebff9c66b6310afda8d55c2af,Defra__25k_May_25.csv,2025-05,624,2026-09-23T00:00:00+00:00,real_public_defra,false,,DEFRA,EA,15/05/2025,PPE - POA & AUC (OWNED) - COST - O/BAL,EA Ops-GMC-Mgt,XYLEM WATER SOLUTIONS UK LTD,1001611241,27760.8,TANGIBLE NBV,NG4 2AN,SUPPLIER,,ENV0007947C,Asset,,2025-05-15,27760.8,GBP,c69cd6189e2c2ab3f193a2326e253882a45707590ceaee9e6a8df59e155632dd,22f2bcf0a1ac2a60b79f3672ec67bf1d9a9d7bd10662fa6dd2fd9f2f907ee696,valid,valid,true,valid,
exact_row_duplicate,c69cd6189e2c2ab3f193a2326e253882a45707590ceaee9e6a8df59e155632dd,4,3,within_file,,973b06fb814a0c8fa8db7902afebe8d24c3b9d37c856475f450a05da2b269733,Defra__25k_May_25.csv,2025-05,625,2026-09-23T00:00:00+00:00,real_public_defra,false,,DEFRA,EA,15/05/2025,PPE - POA & AUC (OWNED) - COST - O/BAL,EA Ops-GMC-Mgt,XYLEM WATER SOLUTIONS UK LTD,1001611241,27760.8,TANGIBLE NBV,NG4 2AN,SUPPLIER,,ENV0007947C,Asset,,2025-05-15,27760.8,GBP,c69cd6189e2c2ab3f193a2326e253882a45707590ceaee9e6a8df59e155632dd,22f2bcf0a1ac2a60b79f3672ec67bf1d9a9d7bd10662fa6dd2fd9f2f907ee696,valid,valid,true,valid,
exact_row_duplicate,c9e537a28a03efcbe55d86f012e438b3214357336468c9a490a3436fea2ddcf1,2,1,within_file,,9e9bc0b612589158b14a1b87284331a63e8916b4f8de1abb1e8d0e4e090d5b33,Defra__25k_May_25.csv,2025-05,590,2026-09-23T00:00:00+00:00,real_public_defra,false,,DEFRA,EA,14/05/2025,EXP - PURCHASE OF GOODS/SERVICES - CONSULTANCY - TECHNICAL,EA Ops-LNA-Env Mgt Central-Hydrology,OVE ARUP & PARTNERS LTD,1001610998,236904.24,FEES AND COMMISSIONS,NE1 3PL,SUPPLIER,,ENV7004192R,Expense,GB524461265,2025-05-14,236904.24,GBP,c9e537a28a03efcbe55d86f012e438b3214357336468c9a490a3436fea2ddcf1,873fc5053128bd97e39894722d45536588cd1420bf7f34e81f368f378389bb60,valid,valid,true,valid,
exact_row_duplicate,c9e537a28a03efcbe55d86f012e438b3214357336468c9a490a3436fea2ddcf1,2,1,within_file,,7c80948d8c6a6a26a24d51869af40a1044a485719d196582893e47fd3aaf5e08,Defra__25k_May_25.csv,2025-05,591,2026-09-23T00:00:00+00:00,real_public_defra,false,,DEFRA,EA,14/05/2025,EXP - PURCHASE OF GOODS/SERVICES - CONSULTANCY - TECHNICAL,EA Ops-LNA-Env Mgt Central-Hydrology,OVE ARUP & PARTNERS LTD,1001610998,236904.24,FEES AND COMMISSIONS,NE1 3PL,SUPPLIER,,ENV7004192R,Expense,GB524461265,2025-05-14,236904.24,GBP,c9e537a28a03efcbe55d86f012e438b3214357336468c9a490a3436fea2ddcf1,873fc5053128bd97e39894722d45536588cd1420bf7f34e81f368f378389bb60,valid,valid,true,valid,
exact_row_duplicate,cb1f0739aca8886e689cc4a82edf079d3b94c4f8d9700ec820353e71e76d85d1,4,3,within_file,,29477d8d12e14c4f11a5731915064e4dd856943e82e354e0d068bc9211c1a2c6,Defra__25k_May_25.csv,2025-05,926,2026-09-23T00:00:00+00:00,real_public_defra,false,,DEFRA,EA,29/05/2025,EXP EU CAPITAL GRANTS TO PTE SECTOR - PERS & NON PROFIT INSTIT'NS SERVING H'HOLD - CWEIY,EA Ops-CLA-Mgt,VOLKERSTEVIN INFRASTRUCTURE LTD,1001614370,68143.81,GRANTS,EN11 9BX,CIS SUPPLIER,,ENV0001397C,Expense,GB424894330,2025-05-29,68143.81,GBP,cb1f0739aca8886e689cc4a82edf079d3b94c4f8d9700ec820353e71e76d85d1,c2a81aad85783349949aa3a49b5a0f27ccf9b614ac05a7526a7ff991f7c9309d,valid,valid,true,valid,
exact_row_duplicate,cb1f0739aca8886e689cc4a82edf079d3b94c4f8d9700ec820353e71e76d85d1,4,3,within_file,,b00a88b7110490c5d84d652fcb877161397a05e4cff2ac953242fab6e67a55cf,Defra__25k_May_25.csv,2025-05,927,2026-09-23T00:00:00+00:00,real_public_defra,false,,DEFRA,EA,29/05/2025,EXP EU CAPITAL GRANTS TO PTE SECTOR - PERS & NON PROFIT INSTIT'NS SERVING H'HOLD - CWEIY,EA Ops-CLA-Mgt,VOLKERSTEVIN INFRASTRUCTURE LTD,1001614370,68143.81,GRANTS,EN11 9BX,CIS SUPPLIER,,ENV0001397C,Expense,GB424894330,2025-05-29,68143.81,GBP,cb1f0739aca8886e689cc4a82edf079d3b94c4f8d9700ec820353e71e76d85d1,c2a81aad85783349949aa3a49b5a0f27ccf9b614ac05a7526a7ff991f7c9309d,valid,valid,true,valid,
exact_row_duplicate,cb1f0739aca8886e689cc4a82edf079d3b94c4f8d9700ec820353e71e76d85d1,4,3,within_file,,1a36b91ef5b6138b2a24dbaaf0990bae74bafc4b6be623aa28b586bf7c3ea44c,Defra__25k_May_25.csv,2025-05,928,2026-09-23T00:00:00+00:00,real_public_defra,false,,DEFRA,EA,29/05/2025,EXP EU CAPITAL GRANTS TO PTE SECTOR - PERS & NON PROFIT INSTIT'NS SERVING H'HOLD - CWEIY,EA Ops-CLA-Mgt,VOLKERSTEVIN INFRASTRUCTURE LTD,1001614370,68143.81,GRANTS,EN11 9BX,CIS SUPPLIER,,ENV0001397C,Expense,GB424894330,2025-05-29,68143.81,GBP,cb1f0739aca8886e689cc4a82edf079d3b94c4f8d9700ec820353e71e76d85d1,c2a81aad85783349949aa3a49b5a0f27ccf9b614ac05a7526a7ff991f7c9309d,valid,valid,true,valid,
exact_row_duplicate,cb1f0739aca8886e689cc4a82edf079d3b94c4f8d9700ec820353e71e76d85d1,4,3,within_file,,5d0285b2bf4531bd2be7a15019d5f5c88ff74fc76bb99e421c81153ed84d5ac8,Defra__25k_May_25.csv,2025-05,929,2026-09-23T00:00:00+00:00,real_public_defra,false,,DEFRA,EA,29/05/2025,EXP EU CAPITAL GRANTS TO PTE SECTOR - PERS & NON PROFIT INSTIT'NS SERVING H'HOLD - CWEIY,EA Ops-CLA-Mgt,VOLKERSTEVIN INFRASTRUCTURE LTD,1001614370,68143.81,GRANTS,EN11 9BX,CIS SUPPLIER,,ENV0001397C,Expense,GB424894330,2025-05-29,68143.81,GBP,cb1f0739aca8886e689cc4a82edf079d3b94c4f8d9700ec820353e71e76d85d1,c2a81aad85783349949aa3a49b5a0f27ccf9b614ac05a7526a7ff991f7c9309d,valid,valid,true,valid,
exact_row_duplicate,cf7e7558fc189195a3f4bad346e010cef4aaa661d0567c66d647bd09c302e902,2,1,within_file,,09daa0e2b16d780e484ca2e84c809b8b9e6feaf8d3aa3f04d85917c6e810f450,November_Over__25K_Transparency.csv,2025-11,382,2026-09-23T00:00:00+00:00,real_public_defra,false,,DE,CCW,06/11/2025,Research & Design,Consumer Panel,TAYLOR McKENZIE RESEARCH & MARKETING LTD,12119,"£137,672.40",Research & Design,PA11 3JA,LARGE,N/A,N/A,Programme,774523611,2025-11-06,137672.40,GBP,cf7e7558fc189195a3f4bad346e010cef4aaa661d0567c66d647bd09c302e902,386076f1000873c98f6fc6337d450fe2698a0ebf6c9ae7b5cfd54b563afb43ba,valid,valid,true,valid,
exact_row_duplicate,cf7e7558fc189195a3f4bad346e010cef4aaa661d0567c66d647bd09c302e902,2,1,within_file,,5e52a0ffdc4876d3c1544c83c11d68e1c8693fee7209d08350e988f23c6c6b94,November_Over__25K_Transparency.csv,2025-11,435,2026-09-23T00:00:00+00:00,real_public_defra,false,,DE,CCW,06/11/2025,Research & Design,Consumer Panel,TAYLOR McKENZIE RESEARCH & MARKETING LTD,12119,"£137,672.40",Research & Design,PA11 3JA,LARGE,N/A,N/A,Programme,774523611,2025-11-06,137672.40,GBP,cf7e7558fc189195a3f4bad346e010cef4aaa661d0567c66d647bd09c302e902,386076f1000873c98f6fc6337d450fe2698a0ebf6c9ae7b5cfd54b563afb43ba,valid,valid,true,valid,
exact_row_duplicate,d007becfc9877e3db6d72b1884c150babc86bf5de5477e6a09b0bf34a38f4671,2,1,within_file,,244c5c1c637890af09eca6d4b5464af959a772c0471096e6f8b8b2f1ea930794,Defra__25k_May_25.csv,2025-05,913,2026-09-23T00:00:00+00:00,real_public_defra,false,,DEFRA,EA,29/05/2025,EXP EU CAPITAL GRANTS TO PTE SECTOR - PERS & NON PROFIT INSTIT'NS SERVING H'HOLD - CWEIY,EA Ops-WSX-Mgt,ATKINSRÉALIS UK LTD,1001614175,101752.68,GRANTS,KT18 5BW,CIS SUPPLIER,,ENVIMSW002130,Expense,20986 1253,2025-05-29,101752.68,GBP,d007becfc9877e3db6d72b1884c150babc86bf5de5477e6a09b0bf34a38f4671,f6a56862c6d9c52a64088bb7b2ab27ffe67c3fcfa5a581164b2bda64b42af0be,valid,valid,true,valid,
exact_row_duplicate,d007becfc9877e3db6d72b1884c150babc86bf5de5477e6a09b0bf34a38f4671,2,1,within_file,,ea2ac1cf71430cba250e80eb662c0a99607c424f167fd6404a91325b5961fedb,Defra__25k_May_25.csv,2025-05,914,2026-09-23T00:00:00+00:00,real_public_defra,false,,DEFRA,EA,29/05/2025,EXP EU CAPITAL GRANTS TO PTE SECTOR - PERS & NON PROFIT INSTIT'NS SERVING H'HOLD - CWEIY,EA Ops-WSX-Mgt,ATKINSRÉALIS UK LTD,1001614175,101752.68,GRANTS,KT18 5BW,CIS SUPPLIER,,ENVIMSW002130,Expense,20986 1253,2025-05-29,101752.68,GBP,d007becfc9877e3db6d72b1884c150babc86bf5de5477e6a09b0bf34a38f4671,f6a56862c6d9c52a64088bb7b2ab27ffe67c3fcfa5a581164b2bda64b42af0be,valid,valid,true,valid,
exact_row_duplicate,dab9407667006413ac778f26901f1118287c6424cabd0876f61560a992f5009a,2,1,within_file,,70fc1fae102848837579655bb541334afd514f3b3d7d4ce661c03cd0d6481336,Defra__25k_May_25.csv,2025-05,682,2026-09-23T00:00:00+00:00,real_public_defra,false,,DEFRA,EA,16/05/2025,Exp - Purchase Of Goods/Services - Contractors,EA Ops-NEA-FCRM OPS-Field,GROUND CONTROL LTD,1001611594,25541.03,FEES AND COMMISSIONS,CM12 0EQ,CIS SUPPLIER,,ENV6003687R,Expense,GB406427959,2025-05-16,25541.03,GBP,dab9407667006413ac778f26901f1118287c6424cabd0876f61560a992f5009a,e87ae1e4762f4062b6bdcbdcb29d3fea8c0bf528e153cdaa509eb55a948831ab,valid,valid,true,valid,
exact_row_duplicate,dab9407667006413ac778f26901f1118287c6424cabd0876f61560a992f5009a,2,1,within_file,,d254e8c74c9e2cde8fefbcfcbb68adc55415c5e4823c56a9b663cb55acda2ca8,Defra__25k_May_25.csv,2025-05,683,2026-09-23T00:00:00+00:00,real_public_defra,false,,DEFRA,EA,16/05/2025,Exp - Purchase Of Goods/Services - Contractors,EA Ops-NEA-FCRM OPS-Field,GROUND CONTROL LTD,1001611594,25541.03,FEES AND COMMISSIONS,CM12 0EQ,CIS SUPPLIER,,ENV6003687R,Expense,GB406427959,2025-05-16,25541.03,GBP,dab9407667006413ac778f26901f1118287c6424cabd0876f61560a992f5009a,e87ae1e4762f4062b6bdcbdcb29d3fea8c0bf528e153cdaa509eb55a948831ab,valid,valid,true,valid,
exact_row_duplicate,dc68cabcaf0299fb78998335dafc793a0cf20e3a7fd387f5600a6d031d3ad9f4,3,2,within_file,,a29c4414bec694c70a66daa06ed02f1177185ae8bdb04bf7e739cacc7cd2bd11,Defra__25k_May_25.csv,2025-05,562,2026-09-23T00:00:00+00:00,real_public_defra,false,,DEFRA,EA,13/05/2025,PPE - POA & AUC (OWNED) - COST - O/BAL,EA Ops-YOR-Mgt,BAM NUTTALL LTD,1001610707,515693.6,TANGIBLE NBV,GU15 3XW,CIS SUPPLIER,,ENV0002176C,Asset,GB340316204,2025-05-13,515693.6,GBP,dc68cabcaf0299fb78998335dafc793a0cf20e3a7fd387f5600a6d031d3ad9f4,d6b8324a3893dfffaafeaea16a2af18e6fe6a57858c2987377c29e4e5f863ebb,valid,valid,true,valid,
exact_row_duplicate,dc68cabcaf0299fb78998335dafc793a0cf20e3a7fd387f5600a6d031d3ad9f4,3,2,within_file,,ce69bd2dc4162c189ba5aba615b2b68db4466a4e0306aca8729b6314585dbde7,Defra__25k_May_25.csv,2025-05,563,2026-09-23T00:00:00+00:00,real_public_defra,false,,DEFRA,EA,13/05/2025,PPE - POA & AUC (OWNED) - COST - O/BAL,EA Ops-YOR-Mgt,BAM NUTTALL LTD,1001610707,515693.6,TANGIBLE NBV,GU15 3XW,CIS SUPPLIER,,ENV0002176C,Asset,GB340316204,2025-05-13,515693.6,GBP,dc68cabcaf0299fb78998335dafc793a0cf20e3a7fd387f5600a6d031d3ad9f4,d6b8324a3893dfffaafeaea16a2af18e6fe6a57858c2987377c29e4e5f863ebb,valid,valid,true,valid,
exact_row_duplicate,dc68cabcaf0299fb78998335dafc793a0cf20e3a7fd387f5600a6d031d3ad9f4,3,2,within_file,,6cb5345b94c450af948a8c3863452525c417466a25b3a6c8bbdab1844be93a3d,Defra__25k_May_25.csv,2025-05,564,2026-09-23T00:00:00+00:00,real_public_defra,false,,DEFRA,EA,13/05/2025,PPE - POA & AUC (OWNED) - COST - O/BAL,EA Ops-YOR-Mgt,BAM NUTTALL LTD,1001610707,515693.6,TANGIBLE NBV,GU15 3XW,CIS SUPPLIER,,ENV0002176C,Asset,GB340316204,2025-05-13,515693.6,GBP,dc68cabcaf0299fb78998335dafc793a0cf20e3a7fd387f5600a6d031d3ad9f4,d6b8324a3893dfffaafeaea16a2af18e6fe6a57858c2987377c29e4e5f863ebb,valid,valid,true,valid,
exact_row_duplicate,dd5ad5e103cf1361ade3f7e30fa7f7ebc7effc760ea7a5f4510169212d3fa662,2,1,within_file,,ca754f256f2c7362b05907058896164fe762d1def9c6c771df5bc629f188b75e,Defra__25k_May_25.csv,2025-05,568,2026-09-23T00:00:00+00:00,real_public_defra,false,,DEFRA,EA,13/05/2025,EXP EU CAPITAL GRANTS TO PTE SECTOR - PERS & NON PROFIT INSTIT'NS SERVING H'HOLD - CWEIY,EA Ops-CLA-Mgt,WSP UK LTD.,1001610813,33670.4,GRANTS,WC2A 1AF,SUPPLIER,,ENV0000489C,Expense,GB 618184140,2025-05-13,33670.4,GBP,dd5ad5e103cf1361ade3f7e30fa7f7ebc7effc760ea7a5f4510169212d3fa662,f6e513b653d6ab32abdfd4c7c3cf04389a2a1dd25bb79be998a19db247115762,valid,valid,true,valid,
exact_row_duplicate,dd5ad5e103cf1361ade3f7e30fa7f7ebc7effc760ea7a5f4510169212d3fa662,2,1,within_file,,fc8fd8062b1f1115478c7cd3d3b5f3fc1ce67267640389a3b836c37c59ebcd9c,Defra__25k_May_25.csv,2025-05,569,2026-09-23T00:00:00+00:00,real_public_defra,false,,DEFRA,EA,13/05/2025,EXP EU CAPITAL GRANTS TO PTE SECTOR - PERS & NON PROFIT INSTIT'NS SERVING H'HOLD - CWEIY,EA Ops-CLA-Mgt,WSP UK LTD.,1001610813,33670.4,GRANTS,WC2A 1AF,SUPPLIER,,ENV0000489C,Expense,GB 618184140,2025-05-13,33670.4,GBP,dd5ad5e103cf1361ade3f7e30fa7f7ebc7effc760ea7a5f4510169212d3fa662,f6e513b653d6ab32abdfd4c7c3cf04389a2a1dd25bb79be998a19db247115762,valid,valid,true,valid,
exact_row_duplicate,dec5a0d676a11a55578ffb14531ca340a78aa2beb9211ccdf43b8f3128968569,2,1,within_file,,c73ebbdfb788f40adc463b8d7d422bf23567509598e5ac42c3a8c023be2adeec,Defra__25k_May_25.csv,2025-05,827,2026-09-23T00:00:00+00:00,real_public_defra,false,,DEFRA,EA,23/05/2025,EXP EU CAPITAL GRANTS TO PTE SECTOR - PERS & NON PROFIT INSTIT'NS SERVING H'HOLD - CWEIY,EA Ops-DCS-Mgt,KIER INTERGRATED SERVICES LTD,1001613258,162135.77,GRANTS,M2 2EE,SUPPLIER,,ENV0005442C,Expense,1055 40018,2025-05-23,162135.77,GBP,dec5a0d676a11a55578ffb14531ca340a78aa2beb9211ccdf43b8f3128968569,3e733d842f195f7f41a8d2717ff8a06b8132f734a45e5276b12b8152ddb16f20,valid,valid,true,valid,
exact_row_duplicate,dec5a0d676a11a55578ffb14531ca340a78aa2beb9211ccdf43b8f3128968569,2,1,within_file,,ab3c400fa9a4831c05a9460060eeae5bed660d3424827e24a14274030f1cf832,Defra__25k_May_25.csv,2025-05,828,2026-09-23T00:00:00+00:00,real_public_defra,false,,DEFRA,EA,23/05/2025,EXP EU CAPITAL GRANTS TO PTE SECTOR - PERS & NON PROFIT INSTIT'NS SERVING H'HOLD - CWEIY,EA Ops-DCS-Mgt,KIER INTERGRATED SERVICES LTD,1001613258,162135.77,GRANTS,M2 2EE,SUPPLIER,,ENV0005442C,Expense,1055 40018,2025-05-23,162135.77,GBP,dec5a0d676a11a55578ffb14531ca340a78aa2beb9211ccdf43b8f3128968569,3e733d842f195f7f41a8d2717ff8a06b8132f734a45e5276b12b8152ddb16f20,valid,valid,true,valid,
exact_row_duplicate,e5ed3c2a10c132b0deccff61e60ecc30d4b55d9abd71f56932cfbc117ed0c48c,2,1,within_file,,6ab31e6f3a133cd3b3f13a93cf3ff5b73a208de468ef6587cc29bc7aa94a8687,November_Over__25K_Transparency.csv,2025-11,380,2026-09-23T00:00:00+00:00,real_public_defra,false,,DE,CCW,17/11/2025,Call Centre Services,Consumer Relations,MBA GROUP LIMITED,080745,"£42,411.60",Call Centre Services,N17 0HW,LARGE,N/A,N/A,Programme,GB702162875,2025-11-17,42411.60,GBP,e5ed3c2a10c132b0deccff61e60ecc30d4b55d9abd71f56932cfbc117ed0c48c,02276dd8e95eb0bb5059ccf1428dc001a05367d2f3213f759835718b54f930d0,valid,valid,true,valid,
exact_row_duplicate,e5ed3c2a10c132b0deccff61e60ecc30d4b55d9abd71f56932cfbc117ed0c48c,2,1,within_file,,03b393dc22a9aa5d1d298e9ee523f715a781921fd3f57b4c1958fc07cb5a871b,November_Over__25K_Transparency.csv,2025-11,433,2026-09-23T00:00:00+00:00,real_public_defra,false,,DE,CCW,17/11/2025,Call Centre Services,Consumer Relations,MBA GROUP LIMITED,080745,"£42,411.60",Call Centre Services,N17 0HW,LARGE,N/A,N/A,Programme,GB702162875,2025-11-17,42411.60,GBP,e5ed3c2a10c132b0deccff61e60ecc30d4b55d9abd71f56932cfbc117ed0c48c,02276dd8e95eb0bb5059ccf1428dc001a05367d2f3213f759835718b54f930d0,valid,valid,true,valid,
exact_row_duplicate,e69a6d7c648273b1331c5b693a64192444694552c4a4a9b477f935e7dbeb51bd,2,1,within_file,,8114793f07f5e82cc980127bd9f5050998dd2d7000bcb12a60efca5a3b1967c2,Defra__25k_May_25.csv,2025-05,611,2026-09-23T00:00:00+00:00,real_public_defra,false,,DEFRA,EA,15/05/2025,EXP - PURCHASE OF GOODS/SERVICES - CONSULTANCY - TECHNICAL,EA Ops-EAN-FCRM East-Mgt,CH2M HILL UK,1001611169,3480400.75,FEES AND COMMISSIONS,SW1P 2AL,SUPPLIER,,ENVIMAN002893R,Expense,,2025-05-15,3480400.75,GBP,e69a6d7c648273b1331c5b693a64192444694552c4a4a9b477f935e7dbeb51bd,9dd6482483cdb97fd4cf3c3da62bcf85cd15bb88dd20fdcfe74d7005ea0c925d,valid,valid,true,valid,
exact_row_duplicate,e69a6d7c648273b1331c5b693a64192444694552c4a4a9b477f935e7dbeb51bd,2,1,within_file,,c317eda095cbff390f9b7dde6477002f87243567fed501421c20b7d3bb006951,Defra__25k_May_25.csv,2025-05,612,2026-09-23T00:00:00+00:00,real_public_defra,false,,DEFRA,EA,15/05/2025,EXP - PURCHASE OF GOODS/SERVICES - CONSULTANCY - TECHNICAL,EA Ops-EAN-FCRM East-Mgt,CH2M HILL UK,1001611169,3480400.75,FEES AND COMMISSIONS,SW1P 2AL,SUPPLIER,,ENVIMAN002893R,Expense,,2025-05-15,3480400.75,GBP,e69a6d7c648273b1331c5b693a64192444694552c4a4a9b477f935e7dbeb51bd,9dd6482483cdb97fd4cf3c3da62bcf85cd15bb88dd20fdcfe74d7005ea0c925d,valid,valid,true,valid,
exact_row_duplicate,e6b1543fb477dd106f48c149937f5f560ad10c6e54664354b503480a042eb5c1,2,1,within_file,,14a996124249740f967aa1f90b78dbcce85fc8a01f9356ff5767000094d7ff46,Defra__25k_May_25.csv,2025-05,686,2026-09-23T00:00:00+00:00,real_public_defra,false,,DEFRA,EA,16/05/2025,PPE - POA & AUC (OWNED) - COST - O/BAL,EA Ops-WSX-Mgt,KIER INTERGRATED SERVICES LTD,1001611675,3025113.04,TANGIBLE NBV,SG19 2BD,SUPPLIER,,ENVIMSW002039,Asset,1055 40018,2025-05-16,3025113.04,GBP,e6b1543fb477dd106f48c149937f5f560ad10c6e54664354b503480a042eb5c1,0fac37805ffd868e743bbecf8f49cb0876aca4a23b1d456523c7d0be7f12c88e,valid,valid,true,valid,
exact_row_duplicate,e6b1543fb477dd106f48c149937f5f560ad10c6e54664354b503480a042eb5c1,2,1,within_file,,2b5a27ea1062fa78cad7817d364040dbd64b6ace42e71093cda67dac333f210b,Defra__25k_May_25.csv,2025-05,687,2026-09-23T00:00:00+00:00,real_public_defra,false,,DEFRA,EA,16/05/2025,PPE - POA & AUC (OWNED) - COST - O/BAL,EA Ops-WSX-Mgt,KIER INTERGRATED SERVICES LTD,1001611675,3025113.04,TANGIBLE NBV,SG19 2BD,SUPPLIER,,ENVIMSW002039,Asset,1055 40018,2025-05-16,3025113.04,GBP,e6b1543fb477dd106f48c149937f5f560ad10c6e54664354b503480a042eb5c1,0fac37805ffd868e743bbecf8f49cb0876aca4a23b1d456523c7d0be7f12c88e,valid,valid,true,valid,
exact_row_duplicate,ea71fef8d723c6d88e40b4c09bc2266e1fdb11d3f519fafddb3ba24df633509a,4,3,within_file,,64a21ed026a3f1e11f73e14b4e8d632953359250cb9c5c5a7b577266837e0d52,Defra__25k_May_25.csv,2025-05,820,2026-09-23T00:00:00+00:00,real_public_defra,false,,DEFRA,EA,23/05/2025,EXP - PURCHASE OF GOODS/SERVICES - CONSULTANCY - TECHNICAL,EA FCRM Dir-MPPD-PCM-East,JACOBS UK LTD,1001613148,127111.28,FEES AND COMMISSIONS,SE1 2QG,CIS SUPPLIER,,ENV7002364R,Expense,GB624298920,2025-05-23,127111.28,GBP,ea71fef8d723c6d88e40b4c09bc2266e1fdb11d3f519fafddb3ba24df633509a,28e85301131577edbcbf527769bd59bf9389480cdcf0e2a920a76ead9d512e16,valid,valid,true,valid,
exact_row_duplicate,ea71fef8d723c6d88e40b4c09bc2266e1fdb11d3f519fafddb3ba24df633509a,4,3,within_file,,325140b75f2933f193d2315d187eaf5c4456e94fb1d92a9798e363fa89c2a728,Defra__25k_May_25.csv,2025-05,821,2026-09-23T00:00:00+00:00,real_public_defra,false,,DEFRA,EA,23/05/2025,EXP - PURCHASE OF GOODS/SERVICES - CONSULTANCY - TECHNICAL,EA FCRM Dir-MPPD-PCM-East,JACOBS UK LTD,1001613148,127111.28,FEES AND COMMISSIONS,SE1 2QG,CIS SUPPLIER,,ENV7002364R,Expense,GB624298920,2025-05-23,127111.28,GBP,ea71fef8d723c6d88e40b4c09bc2266e1fdb11d3f519fafddb3ba24df633509a,28e85301131577edbcbf527769bd59bf9389480cdcf0e2a920a76ead9d512e16,valid,valid,true,valid,
exact_row_duplicate,ea71fef8d723c6d88e40b4c09bc2266e1fdb11d3f519fafddb3ba24df633509a,4,3,within_file,,a0b7840156b88042e577a1c359554b35e070a43a8bf0d2785a40756f02d651a1,Defra__25k_May_25.csv,2025-05,822,2026-09-23T00:00:00+00:00,real_public_defra,false,,DEFRA,EA,23/05/2025,EXP - PURCHASE OF GOODS/SERVICES - CONSULTANCY - TECHNICAL,EA FCRM Dir-MPPD-PCM-East,JACOBS UK LTD,1001613148,127111.28,FEES AND COMMISSIONS,SE1 2QG,CIS SUPPLIER,,ENV7002364R,Expense,GB624298920,2025-05-23,127111.28,GBP,ea71fef8d723c6d88e40b4c09bc2266e1fdb11d3f519fafddb3ba24df633509a,28e85301131577edbcbf527769bd59bf9389480cdcf0e2a920a76ead9d512e16,valid,valid,true,valid,
exact_row_duplicate,ea71fef8d723c6d88e40b4c09bc2266e1fdb11d3f519fafddb3ba24df633509a,4,3,within_file,,5e964f7e06929769a38b769d5c0aa9aca808c1aa43ccdfae5c663dae9cfb474b,Defra__25k_May_25.csv,2025-05,823,2026-09-23T00:00:00+00:00,real_public_defra,false,,DEFRA,EA,23/05/2025,EXP - PURCHASE OF GOODS/SERVICES - CONSULTANCY - TECHNICAL,EA FCRM Dir-MPPD-PCM-East,JACOBS UK LTD,1001613148,127111.28,FEES AND COMMISSIONS,SE1 2QG,CIS SUPPLIER,,ENV7002364R,Expense,GB624298920,2025-05-23,127111.28,GBP,ea71fef8d723c6d88e40b4c09bc2266e1fdb11d3f519fafddb3ba24df633509a,28e85301131577edbcbf527769bd59bf9389480cdcf0e2a920a76ead9d512e16,valid,valid,true,valid,
exact_row_duplicate,f0b5c9e5110a8f93808da942a36ccb41419975eae9af0cb200604ad2150940db,2,1,within_file,,7d46b05686edd8bce88d6fbcf1e446c084c7cb3356cd8874da30e9c875ae46fb,Defra__25k_May_25.csv,2025-05,771,2026-09-23T00:00:00+00:00,real_public_defra,false,,DEFRA,EA,21/05/2025,EXP EU CAPITAL GRANTS TO PTE SECTOR - PERS & NON PROFIT INSTIT'NS SERVING H'HOLD - CWEIY,EA Ops-YOR-Mgt,BMM JV LTD,1001612600,421671.87,GRANTS,GU15 3XW,CIS SUPPLIER,,ENVIMNE790483,Expense,171071731,2025-05-21,421671.87,GBP,f0b5c9e5110a8f93808da942a36ccb41419975eae9af0cb200604ad2150940db,bf52353bbc96b84173f7456d41aa8e3f320c169f3c56ae388fbe51f087c00d0c,valid,valid,true,valid,
exact_row_duplicate,f0b5c9e5110a8f93808da942a36ccb41419975eae9af0cb200604ad2150940db,2,1,within_file,,5340461c518eddf1d30c05d2f6d1c778fa52d1a889472399cc5b726359bc7717,Defra__25k_May_25.csv,2025-05,772,2026-09-23T00:00:00+00:00,real_public_defra,false,,DEFRA,EA,21/05/2025,EXP EU CAPITAL GRANTS TO PTE SECTOR - PERS & NON PROFIT INSTIT'NS SERVING H'HOLD - CWEIY,EA Ops-YOR-Mgt,BMM JV LTD,1001612600,421671.87,GRANTS,GU15 3XW,CIS SUPPLIER,,ENVIMNE790483,Expense,171071731,2025-05-21,421671.87,GBP,f0b5c9e5110a8f93808da942a36ccb41419975eae9af0cb200604ad2150940db,bf52353bbc96b84173f7456d41aa8e3f320c169f3c56ae388fbe51f087c00d0c,valid,valid,true,valid,
exact_row_duplicate,f67906160b8b1029eee0e2cf933618cb6ed32167fab03355ca72e97506e7ce1b,2,1,within_file,,140cef15a7892f4dbfc432c74ba0da825b83fbef7a114c6135455f60fc0e002e,Defra__25k_May_25.csv,2025-05,579,2026-09-23T00:00:00+00:00,real_public_defra,false,,DEFRA,EA,14/05/2025,Exp - Purchase Of Goods/Services - Contractors,EA Ops-EMD-Mgt,BREHENY CIVIL ENGINEERING LTD,1001610922,114142.86,FEES AND COMMISSIONS,IP6 8NH,CIS SUPPLIER,,ENV7006133R,Expense,GB 787425388,2025-05-14,114142.86,GBP,f67906160b8b1029eee0e2cf933618cb6ed32167fab03355ca72e97506e7ce1b,28ee8bbda24570077943ec916c5f936b3b39f2a9fdd4a239da5f59688dfbfda9,valid,valid,true,valid,
exact_row_duplicate,f67906160b8b1029eee0e2cf933618cb6ed32167fab03355ca72e97506e7ce1b,2,1,within_file,,e2b6a9cdee864c3eb7e725702aa4405d3805d7a7a4959d43a43b5922481a0378,Defra__25k_May_25.csv,2025-05,580,2026-09-23T00:00:00+00:00,real_public_defra,false,,DEFRA,EA,14/05/2025,Exp - Purchase Of Goods/Services - Contractors,EA Ops-EMD-Mgt,BREHENY CIVIL ENGINEERING LTD,1001610922,114142.86,FEES AND COMMISSIONS,IP6 8NH,CIS SUPPLIER,,ENV7006133R,Expense,GB 787425388,2025-05-14,114142.86,GBP,f67906160b8b1029eee0e2cf933618cb6ed32167fab03355ca72e97506e7ce1b,28ee8bbda24570077943ec916c5f936b3b39f2a9fdd4a239da5f59688dfbfda9,valid,valid,true,valid,
exact_row_duplicate,f76bddab80391381cefbc8c613b0bd9a732410035bc603ba5738a8d8de5fa742,2,1,within_file,,e395ca7e1342360ca41fb973db2bf9adafd2aebe65b2bd9c5d214a88bb27defd,Defra__25k_May_25.csv,2025-05,527,2026-09-23T00:00:00+00:00,real_public_defra,false,,DEFRA,EA,12/05/2025,EXP EU CAPITAL GRANTS TO PTE SECTOR - PERS & NON PROFIT INSTIT'NS SERVING H'HOLD - CWEIY,EA Ops-YOR-Mgt,OVE ARUP & PARTNERS LTD,1001610408,79910.05,GRANTS,NE1 3PL,SUPPLIER,,ENV0000593C,Expense,GB524461265,2025-05-12,79910.05,GBP,f76bddab80391381cefbc8c613b0bd9a732410035bc603ba5738a8d8de5fa742,31378cb6adde3af06f92962be0dc8278bc09a4bbc95bd0fb544ec60838c8debd,valid,valid,true,valid,
exact_row_duplicate,f76bddab80391381cefbc8c613b0bd9a732410035bc603ba5738a8d8de5fa742,2,1,within_file,,aff4925be70a0d2528a4bf3bc3d8d731b5ee591334451e2f0b78bba064fa7a47,Defra__25k_May_25.csv,2025-05,528,2026-09-23T00:00:00+00:00,real_public_defra,false,,DEFRA,EA,12/05/2025,EXP EU CAPITAL GRANTS TO PTE SECTOR - PERS & NON PROFIT INSTIT'NS SERVING H'HOLD - CWEIY,EA Ops-YOR-Mgt,OVE ARUP & PARTNERS LTD,1001610408,79910.05,GRANTS,NE1 3PL,SUPPLIER,,ENV0000593C,Expense,GB524461265,2025-05-12,79910.05,GBP,f76bddab80391381cefbc8c613b0bd9a732410035bc603ba5738a8d8de5fa742,31378cb6adde3af06f92962be0dc8278bc09a4bbc95bd0fb544ec60838c8debd,valid,valid,true,valid,
exact_row_duplicate,fc3f2d85718716c9f60edce68dc487ca01fbdd16e7aab73796abe09e8d513f6b,3,2,within_file,,847271b6529629a4da0400cd5c9e13db302c3314225b72ed6ed8660055822527,Defra__25k_May_25.csv,2025-05,477,2026-09-23T00:00:00+00:00,real_public_defra,false,,DEFRA,EA,09/05/2025,EXP EU CAPITAL GRANTS TO PTE SECTOR - PERS & NON PROFIT INSTIT'NS SERVING H'HOLD - CWEIY,EA Ops-NEA-Mgt,BAM NUTTALL LTD,1001609838,195898.89,GRANTS,GU15 3XW,CIS SUPPLIER,,ENV0002570C,Expense,GB340316204,2025-05-09,195898.89,GBP,fc3f2d85718716c9f60edce68dc487ca01fbdd16e7aab73796abe09e8d513f6b,681122d96304e3ef43af7e7339cc3866aeb729b05de00e984a5eedc5ee1e0cb0,valid,valid,true,valid,
exact_row_duplicate,fc3f2d85718716c9f60edce68dc487ca01fbdd16e7aab73796abe09e8d513f6b,3,2,within_file,,bb24cef568040ae135145b515f14c6b636df2ba6c4982843cdc948f91b84d3e2,Defra__25k_May_25.csv,2025-05,478,2026-09-23T00:00:00+00:00,real_public_defra,false,,DEFRA,EA,09/05/2025,EXP EU CAPITAL GRANTS TO PTE SECTOR - PERS & NON PROFIT INSTIT'NS SERVING H'HOLD - CWEIY,EA Ops-NEA-Mgt,BAM NUTTALL LTD,1001609838,195898.89,GRANTS,GU15 3XW,CIS SUPPLIER,,ENV0002570C,Expense,GB340316204,2025-05-09,195898.89,GBP,fc3f2d85718716c9f60edce68dc487ca01fbdd16e7aab73796abe09e8d513f6b,681122d96304e3ef43af7e7339cc3866aeb729b05de00e984a5eedc5ee1e0cb0,valid,valid,true,valid,
exact_row_duplicate,fc3f2d85718716c9f60edce68dc487ca01fbdd16e7aab73796abe09e8d513f6b,3,2,within_file,,6ffd1e120b25da7498d43f4f1ba7d1e1dbd03ae58d28413668ffd10b92696700,Defra__25k_May_25.csv,2025-05,479,2026-09-23T00:00:00+00:00,real_public_defra,false,,DEFRA,EA,09/05/2025,EXP EU CAPITAL GRANTS TO PTE SECTOR - PERS & NON PROFIT INSTIT'NS SERVING H'HOLD - CWEIY,EA Ops-NEA-Mgt,BAM NUTTALL LTD,1001609838,195898.89,GRANTS,GU15 3XW,CIS SUPPLIER,,ENV0002570C,Expense,GB340316204,2025-05-09,195898.89,GBP,fc3f2d85718716c9f60edce68dc487ca01fbdd16e7aab73796abe09e8d513f6b,681122d96304e3ef43af7e7339cc3866aeb729b05de00e984a5eedc5ee1e0cb0,valid,valid,true,valid,
business_duplicate_candidate,00c4d451a61a9e937ce59a93c250c251a5d81b2bbecb1340fd092a2ef5ff78c0,3,2,within_file,expense_area|amount_raw|project_code,00e3680e02ad36d8ea8b3af190b657f5ddd9d93ebf45b55da1401e30a26c792a,Over++_25K++Mar+2025-Rev.csv,2025-03,886,2026-09-23T00:00:00+00:00,real_public_defra,false,,DE,Cefas,07/03/2025,Software (including licences),Corporate,Phoenix Software Ltd,20208181,"£32,184.40",Software (including licences),YO421NS,STANSME,4301,50603,Software (including licences),GB 755 3464 38,2025-03-07,32184.40,GBP,f76a0653c75e3d8e0bf0722e53712ca19afb6d0eb36de5063b2c1b91a64f4fdc,00c4d451a61a9e937ce59a93c250c251a5d81b2bbecb1340fd092a2ef5ff78c0,valid,valid,true,valid,
business_duplicate_candidate,00c4d451a61a9e937ce59a93c250c251a5d81b2bbecb1340fd092a2ef5ff78c0,3,2,within_file,expense_area|amount_raw|project_code,fb77167ba520dd5ff7b69a3f9dbd50e8d77b8f7a4ce6b5478a053cfc9b295a69,Over++_25K++Mar+2025-Rev.csv,2025-03,887,2026-09-23T00:00:00+00:00,real_public_defra,false,,DE,Cefas,07/03/2025,Software (including licences),Strategy and Delivery,Phoenix Software Ltd,20208181,"£31,617.00",Software (including licences),YO421NS,STANSME,4301,C8168,Software (including licences),GB 755 3464 38,2025-03-07,31617.00,GBP,9c894edc17ba0279018245c7f122f01089edc729a4ae9c8fdd34167fc6b2cf0d,00c4d451a61a9e937ce59a93c250c251a5d81b2bbecb1340fd092a2ef5ff78c0,valid,valid,true,valid,
business_duplicate_candidate,00c4d451a61a9e937ce59a93c250c251a5d81b2bbecb1340fd092a2ef5ff78c0,3,2,within_file,expense_area|amount_raw|project_code,1cf1c41ae0a5a7630f8e8e8daa3ec5b5182c6467d02a8c03ea05beecbe1443e2,Over++_25K++Mar+2025-Rev.csv,2025-03,888,2026-09-23T00:00:00+00:00,real_public_defra,false,,DE,Cefas,07/03/2025,Software (including licences),Corporate,Phoenix Software Ltd,20208181,"£34,800.00",Software (including licences),YO421NS,STANSME,4301,50605,Software (including licences),GB 755 3464 38,2025-03-07,34800.00,GBP,343ab210fbe52914c7f35b7ba658100cd5f650953af02fe53f0c6614d8abd2b1,00c4d451a61a9e937ce59a93c250c251a5d81b2bbecb1340fd092a2ef5ff78c0,valid,valid,true,valid,
business_duplicate_candidate,018d3af490c5b45079ad89725e24c0b4349f8d8f84026f53bc10293af9895792,3,2,within_file,expense_area|amount_raw|project_code|expenditure_type,565a3564da07e4fae9278c0294739bf04d601c7048d55370f5eb3ecf9b51e730,September_Over__25K_Transparency.csv,2025-09,461,2026-09-23T00:00:00+00:00,real_public_defra,false,,DE,Cefas,25/09/2025,Software (including licences),Corporate,Phoenix Software Ltd,20213254,"£27,497.69",Software & Licences,YO421NS,STANSME,4301,50603,Corporate,GB 755 3464 38,2025-09-25,27497.69,GBP,8aed8ff63ee3eeb05fbe2b8a125649b57bdbf60259c96c80f34cf9e6dd792728,018d3af490c5b45079ad89725e24c0b4349f8d8f84026f53bc10293af9895792,valid,valid,true,valid,
business_duplicate_candidate,018d3af490c5b45079ad89725e24c0b4349f8d8f84026f53bc10293af9895792,3,2,within_file,expense_area|amount_raw|project_code|expenditure_type,527486b86298c1ef2fae547207d2f3aa5990cc2809c5e47d83cdc2e2671c8be0,September_Over__25K_Transparency.csv,2025-09,462,2026-09-23T00:00:00+00:00,real_public_defra,false,,DE,Cefas,25/09/2025,Software (including licences),Strategy and Delivery,Phoenix Software Ltd,20213254,"£28,385.00",Software & Licences,YO421NS,STANSME,4301,C8168,Strategy and Delivery,GB 755 3464 38,2025-09-25,28385.00,GBP,4754bc83f1532db2e5c1f77e569edc6ccffc457dcd505dc0affa04b0c70c8bc9,018d3af490c5b45079ad89725e24c0b4349f8d8f84026f53bc10293af9895792,valid,valid,true,valid,
business_duplicate_candidate,018d3af490c5b45079ad89725e24c0b4349f8d8f84026f53bc10293af9895792,3,2,within_file,expense_area|amount_raw|project_code|expenditure_type,6621dc7cbbd8ee2fdf31ec8428da332db3b589490f798ae9ceeb1724ca706f04,September_Over__25K_Transparency.csv,2025-09,463,2026-09-23T00:00:00+00:00,real_public_defra,false,,DE,Cefas,25/09/2025,Software (including licences),Corporate,Phoenix Software Ltd,20213254,"£28,800.00",Software & Licences,YO421NS,STANSME,4301,50605,Corporate,GB 755 3464 38,2025-09-25,28800.00,GBP,7a521b501f7281dd3d69ed3e9fadfa49ed1d2c9046ab8a8eda17f26f36a2ebae,018d3af490c5b45079ad89725e24c0b4349f8d8f84026f53bc10293af9895792,valid,valid,true,valid,
business_duplicate_candidate,029c1d74a99a103fa8d72b48700241c1366e200da68325faf5774e30cb360a16,2,1,cross_file,transaction_date_raw|amount_raw|supplier_postcode|vat_registration_number,d1afc42e9f7733b58bff2124875d204a2bb9a57c0c0fbc09b6da6da2df43d860,Over++_25K++Mar+2025-Rev.csv,2025-03,1035,2026-09-23T00:00:00+00:00,real_public_defra,false,,DE,KEW,25/03/2025,Capital/Equipment,Capital Development Programme,Bytes Software  Services,7131163,"£275,826.16",IT Operations,WCIR 5SG,UK Supplier,,60002,New works-Pt I-other costs,478271654,2025-03-25,275826.16,GBP,d09f3b40ee57777bb79f63336b1c4f530590851124bf16cabdf7e73bd34b4190,029c1d74a99a103fa8d72b48700241c1366e200da68325faf5774e30cb360a16,valid,valid,true,valid,
business_duplicate_candidate,029c1d74a99a103fa8d72b48700241c1366e200da68325faf5774e30cb360a16,2,1,cross_file,transaction_date_raw|amount_raw|supplier_postcode|vat_registration_number,616610d300e54fb1259e917a961bb1a481f14102dded4c7177a2307c61e0d642,Over_25K_Transparency_report_April_25.csv,2025-04,63,2026-09-23T00:00:00+00:00,real_public_defra,false,,DE,KEW,16/04/2025,Capital/Equipment,Capital Development Programme,Bytes Software  Services,7131163,"£47,004.35",IT Operations,HU15 2RH,UK Supplier,,60002,New works-Pt I-other costs,GB 779 7452 62,2025-04-16,47004.35,GBP,92b4a8f42c533ae3552c3536fd5f4642b8c3a75368ed84bb1ecf60b8bf117be0,029c1d74a99a103fa8d72b48700241c1366e200da68325faf5774e30cb360a16,valid,valid,true,valid,
business_duplicate_candidate,0362749b02d7bbaac05f970528c477890c89b6ce8866210684817365d8b146a1,2,1,within_file,amount_raw,d05c8da4a448156ca4daf5b012d0b7d47f41e5518bae345942f07e74ead78f86,Defra__25k_May_25.csv,2025-05,73,2026-09-23T00:00:00+00:00,real_public_defra,false,,DEFRA,Cefas,29/05/2025,Lab Services,Corporate,Thermo Electron Manufacturing Ltd t/a Thermo Fisher Scientific,20211428,42134.74,Lab Services,HP2 7GE,,STAN,3615,Lab Services,827 9000 29,2025-05-29,42134.74,GBP,efe8234db641908bb8f486b16d0024b089cc367bc6cef03ee63773c97d12ede3,0362749b02d7bbaac05f970528c477890c89b6ce8866210684817365d8b146a1,valid,valid,true,valid,
business_duplicate_candidate,0362749b02d7bbaac05f970528c477890c89b6ce8866210684817365d8b146a1,2,1,within_file,amount_raw,8e786517e4af418e614b1a201c2daf4649a1ee3360402c1972eb3d5d2a665fde,Defra__25k_May_25.csv,2025-05,74,2026-09-23T00:00:00+00:00,real_public_defra,false,,DEFRA,Cefas,29/05/2025,Lab Services,Corporate,Thermo Electron Manufacturing Ltd t/a Thermo Fisher Scientific,20211428,26482.93,Lab Services,HP2 7GE,,STAN,3615,Lab Services,827 9000 29,2025-05-29,26482.93,GBP,79b7ae14cf714fae5f9f43bf48bfa2f1ed33039db5e9c6ea1b8b64fa95c7a6c3,0362749b02d7bbaac05f970528c477890c89b6ce8866210684817365d8b146a1,valid,valid,true,valid,
business_duplicate_candidate,0622aaa679d8219426de792c5dd8dd3eec928ce8453aef5e0b8b419e76e7faff,2,1,within_file,transaction_date_raw|amount_raw,dd71e08f53bbc02bcea9ab657064d6d589192c6399f0a194d98fa0cfdb39fb99,Over__25K_Feb_26.csv,2026-02,132,2026-09-23T00:00:00+00:00,real_public_defra,false,,DE,National Forest Company,04/02/2026,Forest Creation,Forest Creation,Deer Park Dairy Ltd,CLS2025.25,"£46,730.68",Grant,DE13 8QR,Land Owner,,,,,2026-02-04,46730.68,GBP,99b5cf0e7779f057dc0883787ce43f68329c6c804f59629595232e2af35fccf1,0622aaa679d8219426de792c5dd8dd3eec928ce8453aef5e0b8b419e76e7faff,valid,valid,true,valid,
business_duplicate_candidate,0622aaa679d8219426de792c5dd8dd3eec928ce8453aef5e0b8b419e76e7faff,2,1,within_file,transaction_date_raw|amount_raw,a1e8c1c540d09f6520090438a6e4639e4133107faf1c9e0b53d43eee2aa4a2fc,Over__25K_Feb_26.csv,2026-02,133,2026-09-23T00:00:00+00:00,real_public_defra,false,,DE,National Forest Company,13/02/2026,Forest Creation,Forest Creation,Deer Park Dairy Ltd,CLS2025.25,"£58,738.34",Grant,DE13 8QR,Land Owner,,,,,2026-02-13,58738.34,GBP,f730cb57559833e12fd35a37515776e96cb9f3dc33bb5e3c60ac8ad416fbe062,0622aaa679d8219426de792c5dd8dd3eec928ce8453aef5e0b8b419e76e7faff,valid,valid,true,valid,
business_duplicate_candidate,07a43f7d9e195bf521ef200664dbb04b8e95528f3148c92203f83f3efbbd9f67,4,3,within_file,expense_type|expense_area|po_category_description|project_code|expenditure_type,562257633078527a4df43d1e42a75dea914a21e52d4656f1ad33025308f6fa21,Defra__25k_May_25.csv,2025-05,709,2026-09-23T00:00:00+00:00,real_public_defra,false,,DEFRA,EA,19/05/2025,EXP EU CAPITAL GRANTS TO PTE SECTOR - PERS & NON PROFIT INSTIT'NS SERVING H'HOLD - CWEIY,EA Ops-YOR-Mgt,BAM NUTTALL LTD,1001611783,737257.95,GRANTS,GU15 3XW,CIS SUPPLIER,,ENV0000570C,Expense,GB340316204,2025-05-19,737257.95,GBP,ef20d45c86a6149741660417ae8066b7c87a5aca638d77d21d06cb8758ebe9f0,07a43f7d9e195bf521ef200664dbb04b8e95528f3148c92203f83f3efbbd9f67,valid,valid,true,valid,
business_duplicate_candidate,07a43f7d9e195bf521ef200664dbb04b8e95528f3148c92203f83f3efbbd9f67,4,3,within_file,expense_type|expense_area|po_category_description|project_code|expenditure_type,51f32afa3f878081669d82980c7c40c071d66f21c761ab59c8f593334679c5ce,Defra__25k_May_25.csv,2025-05,710,2026-09-23T00:00:00+00:00,real_public_defra,false,,DEFRA,EA,19/05/2025,EXP EU CAPITAL GRANTS TO PTE SECTOR - PERS & NON PROFIT INSTIT'NS SERVING H'HOLD - CWEIY,EA Ops-NEA-Mgt,BAM NUTTALL LTD,1001611783,737257.95,GRANTS,GU15 3XW,CIS SUPPLIER,,ENV0002570C,Expense,GB340316204,2025-05-19,737257.95,GBP,877bb3882a3590e3b5de8ac0c81bf19a21c59cf400eb66531f19c577a3c6923b,07a43f7d9e195bf521ef200664dbb04b8e95528f3148c92203f83f3efbbd9f67,valid,valid,true,valid,
business_duplicate_candidate,07a43f7d9e195bf521ef200664dbb04b8e95528f3148c92203f83f3efbbd9f67,4,3,within_file,expense_type|expense_area|po_category_description|project_code|expenditure_type,9ee050778f20ff777de30f835f1fc4c4058c67a30deebf83cec1c41b4b550ac1,Defra__25k_May_25.csv,2025-05,711,2026-09-23T00:00:00+00:00,real_public_defra,false,,DEFRA,EA,19/05/2025,Exp - Purchase Of Goods/Services - Contractors,EA FCRM Dir-MPPD-PCM-East,BAM NUTTALL LTD,1001611783,737257.95,FEES AND COMMISSIONS,GU15 3XW,CIS SUPPLIER,,ENV6004349R,Expense,GB340316204,2025-05-19,737257.95,GBP,0e9a4fb0a306c68033883c0283a44a202a0de7b568416ac0ea0d6fcde12a9050,07a43f7d9e195bf521ef200664dbb04b8e95528f3148c92203f83f3efbbd9f67,valid,valid,true,valid,
business_duplicate_candidate,07a43f7d9e195bf521ef200664dbb04b8e95528f3148c92203f83f3efbbd9f67,4,3,within_file,expense_type|expense_area|po_category_description|project_code|expenditure_type,110aa085903b11b41e6d0ed6178335b99c6797f068ae9a408223587f8ac95325,Defra__25k_May_25.csv,2025-05,712,2026-09-23T00:00:00+00:00,real_public_defra,false,,DEFRA,EA,19/05/2025,PPE - POA & AUC (OWNED) - COST - O/BAL,EA Ops-THM-Mgt,BAM NUTTALL LTD,1001611783,737257.95,TANGIBLE NBV,GU15 3XW,CIS SUPPLIER,,ENV0004743C,Asset,GB340316204,2025-05-19,737257.95,GBP,ba46b32d24f5948c412aed5e077ea928b27611cf3ac304f1a0b59f6371e46d4f,07a43f7d9e195bf521ef200664dbb04b8e95528f3148c92203f83f3efbbd9f67,valid,valid,true,valid,
business_duplicate_candidate,085f3a0510160a59e278a56bd71ba42c5fc3824d6f1553048edb89fece12e61c,2,1,within_file,expense_type|amount_raw|po_category_description,915a25ac4266e488cba6e208b462002c0ed95777f399c09741d01e2207d6f681,Over__25K_Transparency_Jan_26.csv,2026-01,125,2026-09-23T00:00:00+00:00,real_public_defra,false,,DE,NATURAL ENGLAND,30/01/2026,EXP - CAPITAL GRANTS TO PRIVATE SECTOR - COMPANIES,LANDSCAPE RECOVERY,EVENLODE LANDSCAPE RECOVERY LTD,1010145411,"£341,403.25",Grant-Classic - Capital Grant-Private Corporation,OX7 5BH,SUPPLIER,C32661,00000000,Expense,,2026-01-30,341403.25,GBP,b37f6f00aeda4406c7fc47a410e183148e7ca2ef4a8375ca72840794846e482f,085f3a0510160a59e278a56bd71ba42c5fc3824d6f1553048edb89fece12e61c,valid,valid,true,valid,
business_duplicate_candidate,085f3a0510160a59e278a56bd71ba42c5fc3824d6f1553048edb89fece12e61c,2,1,within_file,expense_type|amount_raw|po_category_description,a29c076c4c6b592274c30b81965596ac7e5a0a8f61e0e49c3a32cf556df528cf,Over__25K_Transparency_Jan_26.csv,2026-01,126,2026-09-23T00:00:00+00:00,real_public_defra,false,,DE,NATURAL ENGLAND,30/01/2026,EXP - CURRENT GRANTS TO PRIVATE SECTOR - NON PROFIT INSTITUTIONS SERVING H'HOLD,LANDSCAPE RECOVERY,EVENLODE LANDSCAPE RECOVERY LTD,1010145411,"£226,537.80",Grant-Non Capital Grant-Non Procurement-Persons and NPISH (Non Profit Institutions Serving Households),OX7 5BH,SUPPLIER,C32661,00000000,Expense,,2026-01-30,226537.80,GBP,2d86031860733faf94b43fdc8a7c06762476abd6fde8f8615bc34b9580c12f79,085f3a0510160a59e278a56bd71ba42c5fc3824d6f1553048edb89fece12e61c,valid,valid,true,valid,
business_duplicate_candidate,0869cad19a6592a1613675a807b424c40db0f950ad9df51a44fce264900d3d9a,3,2,within_file,expense_type|expense_area|po_category_description|project_code|expenditure_type,33d7208606aa0e6d5178b8cef6092b26d6682537eda083526b240751ca7bcddc,Defra__25k_May_25.csv,2025-05,849,2026-09-23T00:00:00+00:00,real_public_defra,false,,DEFRA,EA,27/05/2025,EXP EU CAPITAL GRANTS TO PTE SECTOR - PERS & NON PROFIT INSTIT'NS SERVING H'HOLD - CWEIY,EA Ops-LNA-Mgt,JACKSON CIVIL ENGINEERING GROUP LTD.,1001613456,722402.92,GRANTS,IP1 5LT,CIS SUPPLIER,,ENVIMAN001295,Expense,GB 904443249,2025-05-27,722402.92,GBP,f1b1adead83363ad69522c4cf269de2e8e346f4ea00b9566ec11f92ede625943,0869cad19a6592a1613675a807b424c40db0f950ad9df51a44fce264900d3d9a,valid,valid,true,valid,
business_duplicate_candidate,0869cad19a6592a1613675a807b424c40db0f950ad9df51a44fce264900d3d9a,3,2,within_file,expense_type|expense_area|po_category_description|project_code|expenditure_type,4dcb2fc86717cbc82da3ccb241788160409688c28af70d94497111bc13644ce8,Defra__25k_May_25.csv,2025-05,850,2026-09-23T00:00:00+00:00,real_public_defra,false,,DEFRA,EA,27/05/2025,PPE - POA & AUC (OWNED) - COST - O/BAL,EA Ops-LNA-Mgt,JACKSON CIVIL ENGINEERING GROUP LTD.,1001613456,722402.92,TANGIBLE NBV,IP1 5LT,CIS SUPPLIER,,ENV0005793C,Asset,GB 904443249,2025-05-27,722402.92,GBP,1fc5b20f6993233d4c8d323e2afb6f9a0ea1b1ea3f0a873e050e25a8f690db8e,0869cad19a6592a1613675a807b424c40db0f950ad9df51a44fce264900d3d9a,valid,valid,true,valid,
business_duplicate_candidate,0869cad19a6592a1613675a807b424c40db0f950ad9df51a44fce264900d3d9a,3,2,within_file,expense_type|expense_area|po_category_description|project_code|expenditure_type,3c5d03287aef26725ef67cbf8e17ee22075793dad0a10ae6ee4ca187179b229f,Defra__25k_May_25.csv,2025-05,851,2026-09-23T00:00:00+00:00,real_public_defra,false,,DEFRA,EA,27/05/2025,PPE - POA & AUC (OWNED) - COST - O/BAL,EA Ops-WMD-Mgt,JACKSON CIVIL ENGINEERING GROUP LTD.,1001613456,722402.92,TANGIBLE NBV,IP1 5LT,CIS SUPPLIER,,ENV0005632C,Asset,GB 904443249,2025-05-27,722402.92,GBP,bf5aebdf1f9d5da422df8d959c3fb285351e82018180705579877279e502ef0b,0869cad19a6592a1613675a807b424c40db0f950ad9df51a44fce264900d3d9a,valid,valid,true,valid,
business_duplicate_candidate,09c7b7554edc8522bd6bebacab109291312115aedfc2213ea7fecade48b3d072,2,1,within_file,amount_raw|contract_number,fe9f6e0f81ad69d52065390ac51701d08d3650e737e8dc4bd841f55474585ddc,August_Over__25K_Transparency.csv,2025-08,383,2026-09-23T00:00:00+00:00,real_public_defra,false,,DE,NE,11/08/2025,EXP CAPITAL GRANTS TO PTE SECTOR - PERSONS & NON PROFIT INSTIT'NS SERVING H'HOLD,"SGA LANDSCAPE, PEAT & SPECIES",RSPB,1010136739,"£236,596.91",Grant-Capital Grant-Other,SG19 2DL,SUPPLIER,FUNDING20465,NE163980,Expense,GB365969589,2025-08-11,236596.91,GBP,d1e9a6af2d31e4843439ac184966d6a30be035a0575b7361c1143bfd06458f8f,09c7b7554edc8522bd6bebacab109291312115aedfc2213ea7fecade48b3d072,valid,valid,true,valid,
business_duplicate_candidate,09c7b7554edc8522bd6bebacab109291312115aedfc2213ea7fecade48b3d072,2,1,within_file,amount_raw|contract_number,9e28caa0506e222fd55d7e1b75719640b719c95c81fcd2945b01a6d048fa793b,August_Over__25K_Transparency.csv,2025-08,387,2026-09-23T00:00:00+00:00,real_public_defra,false,,DE,NE,11/08/2025,EXP CAPITAL GRANTS TO PTE SECTOR - PERSONS & NON PROFIT INSTIT'NS SERVING H'HOLD,"SGA LANDSCAPE, PEAT & SPECIES",RSPB,1010136739,"£27,406.68",Grant-Capital Grant-Other,SG19 2DL,SUPPLIER,FUNDING20468,NE163980,Expense,GB365969589,2025-08-11,27406.68,GBP,06a882ddb0aed4a368ea30c74c29ccadce704ea4c7ce1836ba151a5e1019641f,09c7b7554edc8522bd6bebacab109291312115aedfc2213ea7fecade48b3d072,valid,valid,true,valid,
business_duplicate_candidate,0e708b592171264cdf56e61b685744cfe356c6fa91549d36b551480c5e3e1379,2,1,within_file,expense_type|expense_area|po_category_description|project_code|expenditure_type,92f39191f6c8e13f84203f14149d11bce03e248c3ab7b28279106b08aca60f55,Defra__25k_May_25.csv,2025-05,538,2026-09-23T00:00:00+00:00,real_public_defra,false,,DEFRA,EA,13/05/2025,PPE - POA & AUC (OWNED) - COST - O/BAL,EA Ops-CLA-Mgt,AMALGAMATED CONSTRUCTION LTD,1001610485,100348.57,TANGIBLE NBV,LS15 8ZB,CIS SUPPLIER,,ENV0005874C,Asset,GB927150433,2025-05-13,100348.57,GBP,0bd5f916286f8ae34d25049effab8252333183b0904b2a570cc81ff45d5283ba,0e708b592171264cdf56e61b685744cfe356c6fa91549d36b551480c5e3e1379,valid,valid,true,valid,
business_duplicate_candidate,0e708b592171264cdf56e61b685744cfe356c6fa91549d36b551480c5e3e1379,2,1,within_file,expense_type|expense_area|po_category_description|project_code|expenditure_type,31aa13c4dc4d156c3e425ed56f0182106f3e043e9591746eb74bc01300c4cdb5,Defra__25k_May_25.csv,2025-05,539,2026-09-23T00:00:00+00:00,real_public_defra,false,,DEFRA,EA,13/05/2025,Exp - Purchase Of Goods/Services - Contractors,EA Ops-CLA-FCRM OPS-Field,AMALGAMATED CONSTRUCTION LTD,1001610485,100348.57,FEES AND COMMISSIONS,LS15 8ZB,CIS SUPPLIER,,ENV7005379R,Expense,GB927150433,2025-05-13,100348.57,GBP,9e8bca474935a2f4fe1c2636e8cf98040f93c5395b0ba37e112448e34bc33ce5,0e708b592171264cdf56e61b685744cfe356c6fa91549d36b551480c5e3e1379,valid,valid,true,valid,
business_duplicate_candidate,0f96a6b4c0c0465212d8803997b95adfe178a3db8bc730921b4198cac61bd455,2,1,within_file,expense_area|project_code,ea326807e880ca6b58b9c80328ecc4924935c2079efa8c16e1a6b88778df7f2a,Defra__25k_May_25.csv,2025-05,667,2026-09-23T00:00:00+00:00,real_public_defra,false,,DEFRA,EA,16/05/2025,PPE - POA & AUC (OWNED) - COST - O/BAL,EA Ops-LNA-Mgt,JACKSON CIVIL ENGINEERING GROUP LTD.,1001611471,864323.43,TANGIBLE NBV,IP1 5LT,CIS SUPPLIER,,ENV0005155C,Asset,GB 904443249,2025-05-16,864323.43,GBP,fd9e2626f7699858d994b04488541583e3fb22640522ce29b752d082e886f5f1,0f96a6b4c0c0465212d8803997b95adfe178a3db8bc730921b4198cac61bd455,valid,valid,true,valid,
business_duplicate_candidate,0f96a6b4c0c0465212d8803997b95adfe178a3db8bc730921b4198cac61bd455,2,1,within_file,expense_area|project_code,fffded31a4a99b865fc8ada46373d343e2ff5e23e5d96dbdd36e52793ebc068b,Defra__25k_May_25.csv,2025-05,668,2026-09-23T00:00:00+00:00,real_public_defra,false,,DEFRA,EA,16/05/2025,PPE - POA & AUC (OWNED) - COST - O/BAL,EA Ops-EMD-Mgt,JACKSON CIVIL ENGINEERING GROUP LTD.,1001611471,864323.43,TANGIBLE NBV,IP1 5LT,CIS SUPPLIER,,ENV0005276C,Asset,GB 904443249,2025-05-16,864323.43,GBP,f6d93ef0e8e321be1a80467dac2ba8fbd513cb92854ae8959a2db361032f6c37,0f96a6b4c0c0465212d8803997b95adfe178a3db8bc730921b4198cac61bd455,valid,valid,true,valid,
business_duplicate_candidate,0fdf211d25ee418e4dc03695ddf05974d6ff7d3b56639e0081df96136f8d527a,2,1,within_file,amount_raw|contract_number,23a9da161e000b8db9bf10766b99861f107190d953dcbb5a9697feadb5da03e5,Defra_Over__25K_October_2025.csv,2025-10,522,2026-09-23T00:00:00+00:00,real_public_defra,false,,DEFRA,NATURAL ENGLAND,21-Oct-25,EXP - CAPITAL GRANTS TO LOCAL GOVERNMENT,CPWN NATIONAL TEAM,WEST SUSSEX COUNTY COUNCIL,1010140141,35992,Grant-Capital Grant-Non Procurement-Local Authorities,PO19 1RG,SUPPLIER,C28932,NE160886,Expense,193 604 455,2025-10-21,35992,GBP,6908c324a02f537c0953c64c88807f82e1456f2a855f2e8c9d8d907d9486ba35,0fdf211d25ee418e4dc03695ddf05974d6ff7d3b56639e0081df96136f8d527a,valid,valid,true,valid,
business_duplicate_candidate,0fdf211d25ee418e4dc03695ddf05974d6ff7d3b56639e0081df96136f8d527a,2,1,within_file,amount_raw|contract_number,0e584dffc683029b354d6d49250d68e088e0fad560fc0b2d02eb5c3f8f16bc2f,Defra_Over__25K_October_2025.csv,2025-10,525,2026-09-23T00:00:00+00:00,real_public_defra,false,,DEFRA,NATURAL ENGLAND,21-Oct-25,EXP - CAPITAL GRANTS TO LOCAL GOVERNMENT,CPWN NATIONAL TEAM,WEST SUSSEX COUNTY COUNCIL,1010140141,28941,Grant-Capital Grant-Non Procurement-Local Authorities,PO19 1RG,SUPPLIER,C28933,NE160886,Expense,193 604 455,2025-10-21,28941,GBP,d57bffa7f0d19a885672478c2c57045ec88e1b37b31c61712b3b653b4606dab7,0fdf211d25ee418e4dc03695ddf05974d6ff7d3b56639e0081df96136f8d527a,valid,valid,true,valid,
business_duplicate_candidate,0fe9f0dcd8ef322b00cd155becf4d7b615649fe6d53f68c712a56a5593e6c555,2,1,cross_file,transaction_date_raw|expense_area|amount_raw|supplier_postcode|vat_registration_number,5dfe46149c835e9435418b12acc8b1803aa6f79046d3ef1cf2b9ce14889696cf,Over++_25K++Mar+2025-Rev.csv,2025-03,1028,2026-09-23T00:00:00+00:00,real_public_defra,false,,DE,KEW,19/03/2025,Consultancy & Professional Services,Executive Directorate,Bytes Software  Services,7130584,"£149,925.00",IT Operations,EC4M 6XH,UK Supplier,,60002,Professional Services - IT,GB 788 629 066,2025-03-19,149925.00,GBP,4e89ebd20c8ced56f2a26b4018d28636bf291a773a95bd32fd7058d00713df78,0fe9f0dcd8ef322b00cd155becf4d7b615649fe6d53f68c712a56a5593e6c555,valid,valid,true,valid,
business_duplicate_candidate,0fe9f0dcd8ef322b00cd155becf4d7b615649fe6d53f68c712a56a5593e6c555,2,1,cross_file,transaction_date_raw|expense_area|amount_raw|supplier_postcode|vat_registration_number,4ce761b5ff0aeefda53761a7363b87930086c3bc1a7e81cbab4309a0c69dc803,Over_25K_Transparency_report_April_25.csv,2025-04,62,2026-09-23T00:00:00+00:00,real_public_defra,false,,DE,KEW,09/04/2025,Consultancy & Professional Services,Information Technology,Bytes Software  Services,7130584,"£26,865.00",IT Operations,WN8 8AZ,UK Supplier,,60002,Professional Services - IT,727018642,2025-04-09,26865.00,GBP,df5d5e8c8b7209b0678299b4ee4690c5814354051117b611b5c7c2231e3b2a0f,0fe9f0dcd8ef322b00cd155becf4d7b615649fe6d53f68c712a56a5593e6c555,valid,valid,true,valid,
business_duplicate_candidate,1026edda6ba192673de05bc525462b6b82a6f1fabef6a460f5eec0e31d25e84b,2,1,cross_file,transaction_date_raw|amount_raw|supplier_postcode|vat_registration_number,64f2e148f252f94cb5ec7e3fd392f8601b07972ab95e6621e3867725d9aa7ff4,Over++_25K++Mar+2025-Rev.csv,2025-03,1020,2026-09-23T00:00:00+00:00,real_public_defra,false,,DE,KEW,12/03/2025,Capital/Equipment,Capital Development Programme,Unit4 Business Software Ltd,7130139,"£61,200.00",IT Operations,ME17 3NW,UK Supplier,,60002,New works-Pt I-other costs,271801417,2025-03-12,61200.00,GBP,85641364c39785d5c037409db6aff10b44e34e0cb4b2ecb6d6c38c784870fc9c,1026edda6ba192673de05bc525462b6b82a6f1fabef6a460f5eec0e31d25e84b,valid,valid,true,valid,
business_duplicate_candidate,1026edda6ba192673de05bc525462b6b82a6f1fabef6a460f5eec0e31d25e84b,2,1,cross_file,transaction_date_raw|amount_raw|supplier_postcode|vat_registration_number,3ffebbb0c7be7dfd7240ffd92e64785ace8c5f772e771bdf8f2815d53932ca46,Over_25K_Transparency_report_April_25.csv,2025-04,445,2026-09-23T00:00:00+00:00,real_public_defra,false,,DE,KEW,09/04/2025,Capital/Equipment,Capital Development Programme,Unit4 Business Software Ltd,7130139,"£34,429.40",IT Operations,SW1H 0HW,UK Supplier,,60002,New works-Pt I-other costs,547951310,2025-04-09,34429.40,GBP,45966e6f1cfb6e82b190535b25421dd48a2294224437a118760e5c771f457bc3,1026edda6ba192673de05bc525462b6b82a6f1fabef6a460f5eec0e31d25e84b,valid,valid,true,valid,
business_duplicate_candidate,11a68535792a70772a64db05c3b68bc6dea83b56b6ba3390f33367237eedb359,4,3,within_file,expense_type|expense_area|po_category_description|project_code|expenditure_type,b992b790c87e099e7523df2c1cd2d51f6798496a3cc8390feca43f9a694a7ebd,Defra__25k_May_25.csv,2025-05,626,2026-09-23T00:00:00+00:00,real_public_defra,false,,DEFRA,EA,15/05/2025,Exp - Purchase Of Goods/Services - Contractors,EA Ops-CLA-FCRM OPS-Mgt,LAND & WATER SERVICES LTD,1001611315,234211.41,FEES AND COMMISSIONS,GU4 8RU,CIS SUPPLIER,,ENV7005877R,Expense,GB880055431,2025-05-15,234211.41,GBP,b9537aa60c19095af0d0de94d68130a393b5a570c902d14b026978bd65df8153,11a68535792a70772a64db05c3b68bc6dea83b56b6ba3390f33367237eedb359,valid,valid,true,valid,
business_duplicate_candidate,11a68535792a70772a64db05c3b68bc6dea83b56b6ba3390f33367237eedb359,4,3,within_file,expense_type|expense_area|po_category_description|project_code|expenditure_type,22adea82c5198d3a81a0afc050dc3d9fc3ff01ea9dc92e30f7f4c651c70c10de,Defra__25k_May_25.csv,2025-05,627,2026-09-23T00:00:00+00:00,real_public_defra,false,,DEFRA,EA,15/05/2025,PPE - POA & AUC (OWNED) - COST - O/BAL,EA Ops-THM-Mgt,LAND & WATER SERVICES LTD,1001611315,234211.41,TANGIBLE NBV,GU4 8RU,CIS SUPPLIER,,ENV0007671C,Asset,GB880055431,2025-05-15,234211.41,GBP,084f11a326f89aa304b7cbed1d4a5571b01f9870b0d5b2dd3adc31cea55036fa,11a68535792a70772a64db05c3b68bc6dea83b56b6ba3390f33367237eedb359,valid,valid,true,valid,
business_duplicate_candidate,11a68535792a70772a64db05c3b68bc6dea83b56b6ba3390f33367237eedb359,4,3,within_file,expense_type|expense_area|po_category_description|project_code|expenditure_type,3139b12b69573905f53fb676d9a481b8de9d4855ec87d6b01330cb538d14b3a4,Defra__25k_May_25.csv,2025-05,628,2026-09-23T00:00:00+00:00,real_public_defra,false,,DEFRA,EA,15/05/2025,PPE - POA & AUC (OWNED) - COST - O/BAL,EA Ops-THM-Mgt,LAND & WATER SERVICES LTD,1001611315,234211.41,TANGIBLE NBV,GU4 8RU,CIS SUPPLIER,,ENV0007671C,Asset,GB880055431,2025-05-15,234211.41,GBP,084f11a326f89aa304b7cbed1d4a5571b01f9870b0d5b2dd3adc31cea55036fa,11a68535792a70772a64db05c3b68bc6dea83b56b6ba3390f33367237eedb359,valid,valid,true,valid,
business_duplicate_candidate,11a68535792a70772a64db05c3b68bc6dea83b56b6ba3390f33367237eedb359,4,3,within_file,expense_type|expense_area|po_category_description|project_code|expenditure_type,23341aa037f2dba34b74a08173558498ef045426dce0831c381d0e712906f5d3,Defra__25k_May_25.csv,2025-05,629,2026-09-23T00:00:00+00:00,real_public_defra,false,,DEFRA,EA,15/05/2025,Exp - Purchase Of Goods/Services - Contractors,EA Ops-WSX-FCRM OPS South-Field Avon & Stour,LAND & WATER SERVICES LTD,1001611315,234211.41,FEES AND COMMISSIONS,GU4 8RU,CIS SUPPLIER,,ENV6004269R,Expense,GB880055431,2025-05-15,234211.41,GBP,a8061e7e29b6f8bfa442652c76a5edcbd22217cccdf13fc024d47c3a10a5cee3,11a68535792a70772a64db05c3b68bc6dea83b56b6ba3390f33367237eedb359,valid,valid,true,valid,
business_duplicate_candidate,1354733840c5190042b1f984e80c2f336b8093251c0b582cf2924ae137c7dfdb,2,1,cross_file,transaction_date_raw|expense_type|expense_area|amount_raw|supplier_postcode|expenditure_type|vat_registration_number,a71b4af2b11ebf0772d3584e12bb7f00a7629429cae241f2d8e846e8cc2ba61a,Over++_25K++Mar+2025-Rev.csv,2025-03,1018,2026-09-23T00:00:00+00:00,real_public_defra,false,,DE,KEW,05/03/2025,Payment to 3rd party,P1: Ecosystem Stewardship,Y2K Construction Ltd,7130037,"£32,274.27",Sustainability,E1 6PW,UK Supplier,,60483,Non-Kew Project Costs,907942307,2025-03-05,32274.27,GBP,c3a3f18e9a377dce4fe5b165f7922a2ffdf8bfa268f72f134a13c709cb5218e0,1354733840c5190042b1f984e80c2f336b8093251c0b582cf2924ae137c7dfdb,valid,valid,true,valid,
business_duplicate_candidate,1354733840c5190042b1f984e80c2f336b8093251c0b582cf2924ae137c7dfdb,2,1,cross_file,transaction_date_raw|expense_type|expense_area|amount_raw|supplier_postcode|expenditure_type|vat_registration_number,ac0d1f5d9572228f3ee4b50f1c940d85929efb61fbeafb98be61c63de7a6adea,Over_25K_Transparency_report_April_25.csv,2025-04,493,2026-09-23T00:00:00+00:00,real_public_defra,false,,DE,KEW,09/04/2025,Capital/Equipment,Capital Development Programme,Y2K Construction Ltd,7130037,"£38,400.00",Sustainability,W6 9BL,UK Supplier,,60483,New works-Pt I-other costs,830 7239 39,2025-04-09,38400.00,GBP,ab61847148202962c89d7d6840efc4d69e04d4b88a830a25fa7090f1d9e95e83,1354733840c5190042b1f984e80c2f336b8093251c0b582cf2924ae137c7dfdb,valid,valid,true,valid,
business_duplicate_candidate,13699e9f8dc856bcd8b4644f9d4ee77d3ed84a6ff83dc6416110bed8bb539247,2,1,cross_file,transaction_date_raw|expense_type|expense_area|amount_raw|supplier_postcode|expenditure_type|vat_registration_number,871d21dd1ba05d68a3cc0a1757e0036b1ce0032548cd82a90b08b7a9efbb4467,Over++_25K++Mar+2025-Rev.csv,2025-03,1029,2026-09-23T00:00:00+00:00,real_public_defra,false,,DE,KEW,19/03/2025,Capital/Equipment,Capital Development Programme,Avanade UK Limited,7130865,"£129,848.00",IT Operations,W14 8NS,UK Supplier,,60002,New works-Pt I-other costs,610 0610 15,2025-03-19,129848.00,GBP,19cc9bac3df3da51b83692c7df93e61daaa2544c8d4b26e04d71367e568117b7,13699e9f8dc856bcd8b4644f9d4ee77d3ed84a6ff83dc6416110bed8bb539247,valid,valid,true,valid,
business_duplicate_candidate,13699e9f8dc856bcd8b4644f9d4ee77d3ed84a6ff83dc6416110bed8bb539247,2,1,cross_file,transaction_date_raw|expense_type|expense_area|amount_raw|supplier_postcode|expenditure_type|vat_registration_number,057d0e8528a40ad6b00a77b4ba798fb135de2e460dcd63da920d54e8e6f68609,Over_25K_Transparency_report_April_25.csv,2025-04,38,2026-09-23T00:00:00+00:00,real_public_defra,false,,DE,KEW,16/04/2025,Utilities,Estates,Avanade UK Limited,7130865,"£200,641.40",IT Operations,PL3 5RG,UK Supplier,,60002,Electricity - Grid,,2025-04-16,200641.40,GBP,3b48ca111a69e2d0bdda0f9ffdabdf0edcf3c66b574387c70a23c789af2ec14a,13699e9f8dc856bcd8b4644f9d4ee77d3ed84a6ff83dc6416110bed8bb539247,valid,valid,true,valid,
business_duplicate_candidate,1542ce43bc38329ade1147fe85e69a42810651dfde128bbccabdd08758b2097a,2,1,cross_file,department|transaction_date_raw|amount_raw,d86494ed34ef9653f2deea3936da5c15b9ad971f17f2fcd6014f5a012b1a568f,Defra__25k_May_25.csv,2025-05,663,2026-09-23T00:00:00+00:00,real_public_defra,false,,DEFRA,EA,16/05/2025,EXP - PURCHASE OF GOODS/SERVICES - OTHER - GRANTS AND CONTRIBUTIONS,EA FCRM Dir-AME-Engineering and Technical Assurance,ANCHOLME INTERNAL DRAINAGE BOARD,1001597436,-27394.95,OTHER COSTS,DN6 7FE,SUPPLIER,,ENV7006083R,Expense,,2025-05-16,-27394.95,GBP,a62cde3021b73a3a384a24a3970912adf630df305e5bff0b73b97e4cd193a642,1542ce43bc38329ade1147fe85e69a42810651dfde128bbccabdd08758b2097a,valid,valid,true,warning,amount_non_positive_review
business_duplicate_candidate,1542ce43bc38329ade1147fe85e69a42810651dfde128bbccabdd08758b2097a,2,1,cross_file,department|transaction_date_raw|amount_raw,36f4dfc0fa99d9f6bb2f672d5acc6401acffbd74a8e2f36f562dc5aae0e65c09,Over++_25K++Mar+2025-Rev.csv,2025-03,1705,2026-09-23T00:00:00+00:00,real_public_defra,false,,DE,EA,19/03/2025,EXP - PURCHASE OF GOODS/SERVICES - OTHER - GRANTS AND CONTRIBUTIONS,EA FCRM Dir-AME-Engineering and Technical Assurance,ANCHOLME INTERNAL DRAINAGE BOARD,1001597436,415371.4,OTHER COSTS,DN6 7FE,SUPPLIER,,ENV7006083R,Expense,,2025-03-19,415371.4,GBP,a7f61ccb9663187e3307aa01d5095a1830b7d29fee02c724f053aba2da82595a,1542ce43bc38329ade1147fe85e69a42810651dfde128bbccabdd08758b2097a,valid,valid,true,valid,
business_duplicate_candidate,15d8b6f936888d19cce67d86774829bde067beb82c5055b7c50498bade9f9797,2,1,within_file,amount_raw|contract_number,7559db664321672ef93b8509ce64cf82edc68df69e60b9ac911cfdc43e886655,Over++_25K++Mar+2025-Rev.csv,2025-03,1149,2026-09-23T00:00:00+00:00,real_public_defra,false,,DE,NATURAL ENGLAND,18/03/2025,EXP - PURCHASE OF GOODS/SERVICES - RESEARCH & DEVELOPMENT - OTHER OUTSOURCED,"SGA LANDSCAPE, PEAT & SPECIES",PENSTHORPE CONSERVATION TRUST,1010129498,87000,Research programs (capital R&D outsourced),NR21 0LN,SUPPLIER,MOA C23710 & CCN01,NE163979,Expense,945999837,2025-03-18,87000,GBP,e83e8f6769a445e28d44552162157d3f9a7e92d2ca3d48d3824d1e6b7291f859,15d8b6f936888d19cce67d86774829bde067beb82c5055b7c50498bade9f9797,valid,valid,true,valid,
business_duplicate_candidate,15d8b6f936888d19cce67d86774829bde067beb82c5055b7c50498bade9f9797,2,1,within_file,amount_raw|contract_number,bf84b8a84d3c5f4d9f5a6ca2e2012198da7e219f76351ecdd3cfeb0e7946ca81,Over++_25K++Mar+2025-Rev.csv,2025-03,1150,2026-09-23T00:00:00+00:00,real_public_defra,false,,DE,NATURAL ENGLAND,18/03/2025,EXP - PURCHASE OF GOODS/SERVICES - RESEARCH & DEVELOPMENT - OTHER OUTSOURCED,"SGA LANDSCAPE, PEAT & SPECIES",PENSTHORPE CONSERVATION TRUST,1010129498,75850,Research programs (capital R&D outsourced),NR21 0LN,SUPPLIER,C23710  & CCN01,NE163979,Expense,945999837,2025-03-18,75850,GBP,92a6eb915272e44405b0875854cb669713e2b2e406cc5a36fd344163b0cfbabe,15d8b6f936888d19cce67d86774829bde067beb82c5055b7c50498bade9f9797,valid,valid,true,valid,
business_duplicate_candidate,170a33e4249227ff797ad1024b19fb4714a058e1e571e25db2ce980f113e0d4c,2,1,within_file,project_code,061af0ef889e88f1daf2a7ec71850ee1feaa6cf19db848de0c94e7fce93f082e,September_Over__25K_Transparency.csv,2025-09,468,2026-09-23T00:00:00+00:00,real_public_defra,false,,DE,KEW,05/08/2025,Property Related,Estates,Raytell Electrical Co. Ltd,7136630,"£31,535.63",Maintenance-Reactive,N14 5DJ,UK Supplier,,11630,Maintenance-Reactive,230699848,2025-08-05,31535.63,GBP,490aabe764a5cb1b29aab365435cd9569dc1953eb1e89f607d9e75bbee4952da,170a33e4249227ff797ad1024b19fb4714a058e1e571e25db2ce980f113e0d4c,valid,valid,false,warning,transaction_date_outside_source_month
business_duplicate_candidate,170a33e4249227ff797ad1024b19fb4714a058e1e571e25db2ce980f113e0d4c,2,1,within_file,project_code,26a281efe49e6219a0794782693e9730b4279666f350a8f698fc6dd3613b4587,September_Over__25K_Transparency.csv,2025-09,469,2026-09-23T00:00:00+00:00,real_public_defra,false,,DE,KEW,05/08/2025,Property Related,Estates,Raytell Electrical Co. Ltd,7136630,"£31,535.63",Maintenance-Reactive,N14 5DJ,UK Supplier,,60036,Maintenance-Reactive,230699848,2025-08-05,31535.63,GBP,1c3aa2d77b9d6c3d91e2a7bbed385cdf80c7f0a2bd994d2af0a9d683093330d0,170a33e4249227ff797ad1024b19fb4714a058e1e571e25db2ce980f113e0d4c,valid,valid,false,warning,transaction_date_outside_source_month
business_duplicate_candidate,1853cffb8dcee4ade92f46d7a172272b17ed8cfc0dbfcfc694fc2bbf68d744ee,2,1,within_file,amount_raw,c0bb50d8e806db94150d12fb95e0152f62e2c3255e36f2804a3ffd94b40d3a57,August_Over__25K_Transparency.csv,2025-08,333,2026-09-23T00:00:00+00:00,real_public_defra,false,,DE,NE,28/08/2025,EXP - CURRENT GRANTS TO PRIVATE SECTOR - NON PROFIT INSTITUTIONS SERVING H'HOLD,LANDSCAPE RECOVERY,BRECKLAND FARMERS WILDLIFE NETWORK LTD,1010137490,"£90,084.14",Grant-Non Capital Grant-Non Procurement-Persons and NPISH (Non Profit Institutions Serving Households),NR16 2SD,SUPPLIER(1),ECM_66961,00000000,Expense,,2025-08-28,90084.14,GBP,15f0175c15f2bcdad587e41abd4c5a48232349e1f75bae1856df27f25dc50d90,1853cffb8dcee4ade92f46d7a172272b17ed8cfc0dbfcfc694fc2bbf68d744ee,valid,valid,true,valid,
business_duplicate_candidate,1853cffb8dcee4ade92f46d7a172272b17ed8cfc0dbfcfc694fc2bbf68d744ee,2,1,within_file,amount_raw,f54f4b6d7217d231ecb0f344c189c4c0b57ab0a68021afe8b73a6df8da51b4a1,August_Over__25K_Transparency.csv,2025-08,334,2026-09-23T00:00:00+00:00,real_public_defra,false,,DE,NE,28/08/2025,EXP - CURRENT GRANTS TO PRIVATE SECTOR - NON PROFIT INSTITUTIONS SERVING H'HOLD,LANDSCAPE RECOVERY,BRECKLAND FARMERS WILDLIFE NETWORK LTD,1010137490,"£70,699.85",Grant-Non Capital Grant-Non Procurement-Persons and NPISH (Non Profit Institutions Serving Households),NR16 2SD,SUPPLIER(1),ECM_66961,00000000,Expense,,2025-08-28,70699.85,GBP,3b3ccfc264bd1a54ddd4ede4a1102655aeced3122008301fd317ca07577542e9,1853cffb8dcee4ade92f46d7a172272b17ed8cfc0dbfcfc694fc2bbf68d744ee,valid,valid,true,valid,
business_duplicate_candidate,189752d06a1746bffc56ee1ddfac050f773582930d2ef29c903c1b011235ba7d,2,1,within_file,amount_raw|contract_number,0764871b9de08405d48a88c6520413f16a800b48303b8b34b25556180b5e029a,Over__25K_Transparency_July.csv,2025-07,554,2026-09-23T00:00:00+00:00,real_public_defra,false,,DE,NATURAL ENGLAND,15-Jul-25,EXP CAPITAL GRANTS TO PTE SECTOR - PERSONS & NON PROFIT INSTIT'NS SERVING H'HOLD,"SGA LANDSCAPE, PEAT & SPECIES",GAME & WILDLIFE CONSERVATION TRUST,1010135454,"£52,475.23",Grant,SP6 1EF,3RD SECTOR SUPPLIER,FUNDING 20440,NE163980,Expense,GB580155450,2025-07-15,52475.23,GBP,f962c2e5cbc8dddc5621b4327e801f39c2ef110ff71b3abd91a9a2c5dd5e8470,189752d06a1746bffc56ee1ddfac050f773582930d2ef29c903c1b011235ba7d,valid,valid,true,valid,
business_duplicate_candidate,189752d06a1746bffc56ee1ddfac050f773582930d2ef29c903c1b011235ba7d,2,1,within_file,amount_raw|contract_number,31b72c1da26e9deb2e8fb3b91eecfd94b4df56f3e1544a17250ee5f9d05e2ce8,Over__25K_Transparency_July.csv,2025-07,555,2026-09-23T00:00:00+00:00,real_public_defra,false,,DE,NATURAL ENGLAND,15-Jul-25,EXP CAPITAL GRANTS TO PTE SECTOR - PERSONS & NON PROFIT INSTIT'NS SERVING H'HOLD,"SGA LANDSCAPE, PEAT & SPECIES",GAME & WILDLIFE CONSERVATION TRUST,1010135454,"£29,020.73",Grant,SP6 1EF,3RD SECTOR SUPPLIER,FUNDING20441,NE163980,Expense,GB580155450,2025-07-15,29020.73,GBP,767d91f9505d815690cf2825e8aea8f306db5e578b77adcba2c3c1fc0d48f339,189752d06a1746bffc56ee1ddfac050f773582930d2ef29c903c1b011235ba7d,valid,valid,true,valid,
business_duplicate_candidate,1a62bf66a2d2f33058d543fd861512c16ed5e196632608e84485ddd7e9e87d97,3,2,within_file,amount_raw,a8cc0e509022171a9e66099389cfc6b97a145f5bba731702e21f39ef2d50c39b,Over__25K_Transparency_July.csv,2025-07,9,2026-09-23T00:00:00+00:00,real_public_defra,false,,DE,AHDB,11-Jul-25,Invoice,International Marketing,Hopscotch Japan K.K.,555-2025-097,"£70,323.09",Export Trade Promotion/Shows/Conferences/Exhibitions,150-0013,,,136052,,NULL,2025-07-11,70323.09,GBP,c520fd92235d71aa9c75d4fac3ad197ae37a4de3cbe8b81018677f25f5efe5a1,1a62bf66a2d2f33058d543fd861512c16ed5e196632608e84485ddd7e9e87d97,valid,valid,true,valid,
business_duplicate_candidate,1a62bf66a2d2f33058d543fd861512c16ed5e196632608e84485ddd7e9e87d97,3,2,within_file,amount_raw,afd550e51d9b70b4b51d39671b2b294d393052bde73a50108a5a0d5a6d56441e,Over__25K_Transparency_July.csv,2025-07,10,2026-09-23T00:00:00+00:00,real_public_defra,false,,DE,AHDB,11-Jul-25,Invoice,International Marketing,Hopscotch Japan K.K.,555-2025-097,"£64,974.38",Export Trade Promotion/Shows/Conferences/Exhibitions,150-0013,,,136052,,NULL,2025-07-11,64974.38,GBP,d94c019a5f0df2a501ed5f624ef74ee843d59edcff1e37c61d40413f91b3264a,1a62bf66a2d2f33058d543fd861512c16ed5e196632608e84485ddd7e9e87d97,valid,valid,true,valid,
business_duplicate_candidate,1a62bf66a2d2f33058d543fd861512c16ed5e196632608e84485ddd7e9e87d97,3,2,within_file,amount_raw,0db903753a57bc766929d12bb6376eb465cf115b3f4935b891f4544eeceb842a,Over__25K_Transparency_July.csv,2025-07,11,2026-09-23T00:00:00+00:00,real_public_defra,false,,DE,AHDB,11-Jul-25,Invoice,International Marketing,Hopscotch Japan K.K.,555-2025-097,"£41,460.91",Export Trade Promotion/Shows/Conferences/Exhibitions,150-0013,,,136052,,NULL,2025-07-11,41460.91,GBP,b07ac3016979be6a17f289be6c4684ea6ef76412e74f4112dc7f0fd29657ac2b,1a62bf66a2d2f33058d543fd861512c16ed5e196632608e84485ddd7e9e87d97,valid,valid,true,valid,
business_duplicate_candidate,1b3d335592e15a6a27df4793ba7fe7f9ca35a54a71a367de57fd5e756cc94b23,2,1,cross_file,transaction_date_raw|expense_type|expense_area|amount_raw|supplier_postcode|expenditure_type|vat_registration_number,3e07b20ee89fa7e3238ee07ca865778703d5b9882bcaa82e4244cb32d69800df,Over++_25K++Mar+2025-Rev.csv,2025-03,1021,2026-09-23T00:00:00+00:00,real_public_defra,false,,DE,KEW,12/03/2025,Advertising and Publicity,Marketing & Membership,Hugh Broughton Architects Ltd,7130384,"£42,311.35",ICW projects,BN1 4EA,UK Supplier,,11733,Advertising & publicity,275 3687 64,2025-03-12,42311.35,GBP,33a16cf110a3a9f07905b50a93dca8e6ec0c418f6c5eff4422523805142b4f90,1b3d335592e15a6a27df4793ba7fe7f9ca35a54a71a367de57fd5e756cc94b23,valid,valid,true,valid,
business_duplicate_candidate,1b3d335592e15a6a27df4793ba7fe7f9ca35a54a71a367de57fd5e756cc94b23,2,1,cross_file,transaction_date_raw|expense_type|expense_area|amount_raw|supplier_postcode|expenditure_type|vat_registration_number,25157bfd88cf6d5aac281b565a6b60a4e13a3b8b64d9dd73e3c7c6426765245f,Over_25K_Transparency_report_April_25.csv,2025-04,218,2026-09-23T00:00:00+00:00,real_public_defra,false,,DE,KEW,09/04/2025,Capital/Equipment,Capital Development Programme,Hugh Broughton Architects Ltd,7130384,"£30,000.00",ICW projects,W6 9BL,UK Supplier,,11733,New Works - pt1 - prof fees,830 7239 39,2025-04-09,30000.00,GBP,02a8c926a3a9367d917b36ec073c7bdb76be83783e86ca9e8ac4cc266d2e824c,1b3d335592e15a6a27df4793ba7fe7f9ca35a54a71a367de57fd5e756cc94b23,valid,valid,true,valid,
business_duplicate_candidate,1bc338419021fd8c66ab1c8f5ba92d1a99799c910a986b88313a1a9ec7f041ab,2,1,within_file,amount_raw,fdbb85ec026503bd618bff9809eaee3eb8fec60635574c6396af1e50b40a8389,Over_25K_Transparency_report_April_25.csv,2025-04,558,2026-09-23T00:00:00+00:00,real_public_defra,false,,DE,NATURAL ENGLAND,03/04/2025,EXP - PURCHASE OF GOODS/SERVICES - OTHER - PROGRAMME EXPENDITURE,NUTRIENT MITIGATION SCHEME,RSK ADAS LIMITED,10070041250,"£57,940.80",Operational Goods-Operational Goods-Operational Goods-Unclassified,WA6 0AR,SUPPLIER(1),FWK C23015 NE,00000000,Expense,GB256435886,2025-04-03,57940.80,GBP,294829500509ba18eed83455164a0fa5b3f73a5ed040a77a022b8957fde6eea9,1bc338419021fd8c66ab1c8f5ba92d1a99799c910a986b88313a1a9ec7f041ab,valid,valid,true,valid,
business_duplicate_candidate,1bc338419021fd8c66ab1c8f5ba92d1a99799c910a986b88313a1a9ec7f041ab,2,1,within_file,amount_raw,4d58de041b4033778c6efd5e6c091db9b3046b3d4910d98558afe0afcace5392,Over_25K_Transparency_report_April_25.csv,2025-04,630,2026-09-23T00:00:00+00:00,real_public_defra,false,,DE,NATURAL ENGLAND,03/04/2025,EXP - PURCHASE OF GOODS/SERVICES - OTHER - PROGRAMME EXPENDITURE,NUTRIENT MITIGATION SCHEME,RSK ADAS LIMITED,10070041250,"£30,370.80",Operational Goods-Operational Goods-Operational Goods-Unclassified,WA6 0AR,SUPPLIER(1),FWK C23015 NE,00000000,Expense,GB256435886,2025-04-03,30370.80,GBP,e7161bc161f9a39c6ef5922b747d31e145bf95672189486f93506189e5c21ab3,1bc338419021fd8c66ab1c8f5ba92d1a99799c910a986b88313a1a9ec7f041ab,valid,valid,true,valid,
business_duplicate_candidate,1ca66287714fb43939bd9c7a87358d0a0f72597f529bbc210881649b37a4dbec,3,2,within_file,expense_area|project_code,d1709f71a117a588f93569ffafcf2ffa3a4afe09b6ab3de3a2bee819aa5c5411,Defra__25k_May_25.csv,2025-05,689,2026-09-23T00:00:00+00:00,real_public_defra,false,,DEFRA,EA,16/05/2025,EXP - PURCHASE OF GOODS/SERVICES - OTHER - INSURANCE PREMIUMS,EA STA-CNS-DGFS-Mgt,AON LTD,1001611677,3442471.33,INSURANCE,LE1 1DR,SUPPLIER,,ENVHORES00187,Expense,GB 480840148,2025-05-16,3442471.33,GBP,5bf76d6141ab287e7113776d1a8321e92f187e3fa7d39454725f603d4bc5a7f4,1ca66287714fb43939bd9c7a87358d0a0f72597f529bbc210881649b37a4dbec,valid,valid,true,valid,
business_duplicate_candidate,1ca66287714fb43939bd9c7a87358d0a0f72597f529bbc210881649b37a4dbec,3,2,within_file,expense_area|project_code,2309d50d9c941ec332f8b0b21e8f1cb726431d6cbfb6d0195493538eb61c0241,Defra__25k_May_25.csv,2025-05,690,2026-09-23T00:00:00+00:00,real_public_defra,false,,DEFRA,EA,16/05/2025,EXP - PURCHASE OF GOODS/SERVICES - OTHER - INSURANCE PREMIUMS,EA STA-CNS-DGFS-Mgt,AON LTD,1001611677,3442471.33,INSURANCE,LE1 1DR,SUPPLIER,,ENVHORES00187,Expense,GB 480840148,2025-05-16,3442471.33,GBP,5bf76d6141ab287e7113776d1a8321e92f187e3fa7d39454725f603d4bc5a7f4,1ca66287714fb43939bd9c7a87358d0a0f72597f529bbc210881649b37a4dbec,valid,valid,true,valid,
business_duplicate_candidate,1ca66287714fb43939bd9c7a87358d0a0f72597f529bbc210881649b37a4dbec,3,2,within_file,expense_area|project_code,85eefb254f738ed2d4fe0004b6d5672919b7761db1a4982c551347e6d73b8c41,Defra__25k_May_25.csv,2025-05,691,2026-09-23T00:00:00+00:00,real_public_defra,false,,DEFRA,EA,16/05/2025,EXP - PURCHASE OF GOODS/SERVICES - OTHER - INSURANCE PREMIUMS,EA STA-CNS-DGFS-Contracts and Risk,AON LTD,1001611677,3442471.33,INSURANCE,LE1 1DR,SUPPLIER,,,Expense,GB 480840148,2025-05-16,3442471.33,GBP,1872e36ec2e0eea1678a9f6de2a07f4532402f418a1fa16f3f399eb11344489b,1ca66287714fb43939bd9c7a87358d0a0f72597f529bbc210881649b37a4dbec,valid,valid,true,valid,
business_duplicate_candidate,1e96743244e142f9b4202abb1eac86fad9eab4ac166781fe7198981eb2b3bc6d,2,1,within_file,amount_raw,78feaa85ac2d2cfddf08365be4f674249ee923db52d63c12c6d905a466481f0f,Defra__25k_May_25.csv,2025-05,14,2026-09-23T00:00:00+00:00,real_public_defra,false,,DEFRA,AHDB,30/05/2025,Invoice,Research,Agricarbon UK Limited,INV-0531,70732.38,Environment,DD2 5NQ,,,136229,,GB 317 080 524,2025-05-30,70732.38,GBP,289c32f5793c0730902b6936392f0714ed9213154056979cdc9d3b9d708f544b,1e96743244e142f9b4202abb1eac86fad9eab4ac166781fe7198981eb2b3bc6d,valid,valid,true,valid,
business_duplicate_candidate,1e96743244e142f9b4202abb1eac86fad9eab4ac166781fe7198981eb2b3bc6d,2,1,within_file,amount_raw,c6643944a0dbb69af3f99f388f51dce9c6c2e7573785a7cb1a42d0aca3f74192,Defra__25k_May_25.csv,2025-05,15,2026-09-23T00:00:00+00:00,real_public_defra,false,,DEFRA,AHDB,30/05/2025,Invoice,Research,Agricarbon UK Limited,INV-0531,37532.92,Environment,DD2 5NQ,,,136229,,GB 317 080 524,2025-05-30,37532.92,GBP,29e90c8b0d03e0628be481670d7faa1d96d6ebccdf62aeb09a5904bbe36cea81,1e96743244e142f9b4202abb1eac86fad9eab4ac166781fe7198981eb2b3bc6d,valid,valid,true,valid,
business_duplicate_candidate,1f128e360e7c047f423054fbed4c5f7bd1ace3baf623b05aa7ab82bed9b24daa,2,1,within_file,expense_type|expense_area|po_category_description|project_code,de9613d623126a3a84d1332c01d79c55067b28609e59175eb78050ae834786b7,Defra__25k_May_25.csv,2025-05,782,2026-09-23T00:00:00+00:00,real_public_defra,false,,DEFRA,EA,22/05/2025,EXP - PURCHASE OF GOODS/SERVICES - OTHER PROFESSIONAL SERVICES,EA FCRM Dir-MPPD-PCM-NE,JACOBS UK LTD,1001612718,229837.5,FEES AND COMMISSIONS,SE1 2QG,CIS SUPPLIER,,,Expense,GB624298920,2025-05-22,229837.5,GBP,997ef35fb103ac1aab488697c18769ae3f7662607b33684361938fbda8a0b766,1f128e360e7c047f423054fbed4c5f7bd1ace3baf623b05aa7ab82bed9b24daa,valid,valid,true,valid,
business_duplicate_candidate,1f128e360e7c047f423054fbed4c5f7bd1ace3baf623b05aa7ab82bed9b24daa,2,1,within_file,expense_type|expense_area|po_category_description|project_code,c2cc2bd1844162a04c338389796bbea32f2f19efc77bcaed354f2b9e63d0b2c1,Defra__25k_May_25.csv,2025-05,783,2026-09-23T00:00:00+00:00,real_public_defra,false,,DEFRA,EA,22/05/2025,EXP EU CAPITAL GRANTS TO PTE SECTOR - PERS & NON PROFIT INSTIT'NS SERVING H'HOLD - CWEIY,EA Ops-THM-Mgt,JACOBS UK LTD,1001612718,229837.5,GRANTS,SE1 2QG,CIS SUPPLIER,,ENVIMSE500192,Expense,GB624298920,2025-05-22,229837.5,GBP,4cdddcc39fdf736a25a000a75b5558ae5e46712e5e1ecf7d04efcf282008ff4d,1f128e360e7c047f423054fbed4c5f7bd1ace3baf623b05aa7ab82bed9b24daa,valid,valid,true,valid,
business_duplicate_candidate,1f9d9c02af216d800896f9faa53419aa09833afbdce49e5f3ef2fe24369562a7,2,1,cross_file,transaction_date_raw,9fb48e3b2cfae3c90e683530634bf96a73b315b193c681480568a3b90bc82408,Over++_25K++Mar+2025-Rev.csv,2025-03,1030,2026-09-23T00:00:00+00:00,real_public_defra,false,,DE,KEW,19/03/2025,Property Related,Estates,Mitie Waste And Environmental Services Ltd,7130755,"£75,349.38",Sustainability,EC2A4LP,UK Supplier,,60483,Office and window cleaning,GB 847176988,2025-03-19,75349.38,GBP,d82c8527acdbd291dfde9e76ee2dc18561cf7633856af6a0ed1f40e9dff6f1cc,1f9d9c02af216d800896f9faa53419aa09833afbdce49e5f3ef2fe24369562a7,valid,valid,true,valid,
business_duplicate_candidate,1f9d9c02af216d800896f9faa53419aa09833afbdce49e5f3ef2fe24369562a7,2,1,cross_file,transaction_date_raw,7c893348af52d39511002d333d524206d2e323c3d8ac5e94e155cc76eb8adbf2,Over_25K_Transparency_report_April_25.csv,2025-04,289,2026-09-23T00:00:00+00:00,real_public_defra,false,,DE,KEW,16/04/2025,Property Related,Estates,Mitie Waste And Environmental Services Ltd,7130755,"£75,349.38",Sustainability,EC2A4LP,UK Supplier,,60483,Office and window cleaning,GB 847176988,2025-04-16,75349.38,GBP,d203a9dcdbd1ac368a64490d6a4cfbf7a73dc473ecdf31505cc4b68c8a38f922,1f9d9c02af216d800896f9faa53419aa09833afbdce49e5f3ef2fe24369562a7,valid,valid,true,valid,
business_duplicate_candidate,246fd3fc9b3bfb3952e796ca730e2a4841826bfe20d233033ea84b03535e4b84,2,1,cross_file,transaction_date_raw|expense_type|expense_area|amount_raw|supplier_postcode|expenditure_type|vat_registration_number,497ce0a95952ceeb62a2d0394d9c7a48fb9079d6816f6ff2f33c2263f6bb83b2,Over++_25K++Mar+2025-Rev.csv,2025-03,1027,2026-09-23T00:00:00+00:00,real_public_defra,false,,DE,KEW,19/03/2025,Capital/Equipment,Capital Development Programme,Avanade UK Limited,7130423,"£169,702.41",Visitor Facing Systems,W14 8NS,UK Supplier,,60447,New works-Pt I-other costs,610 0610 15,2025-03-19,169702.41,GBP,5bd49a96b347fb25bde62ec8b5c0769f4f5468b8db1c3ae657ce36de4340cabd,246fd3fc9b3bfb3952e796ca730e2a4841826bfe20d233033ea84b03535e4b84,valid,valid,true,valid,
business_duplicate_candidate,246fd3fc9b3bfb3952e796ca730e2a4841826bfe20d233033ea84b03535e4b84,2,1,cross_file,transaction_date_raw|expense_type|expense_area|amount_raw|supplier_postcode|expenditure_type|vat_registration_number,48faec970658f1511444588ab8dbb1a2828b8b3f0538afb14293679026d859f4,Over_25K_Transparency_report_April_25.csv,2025-04,37,2026-09-23T00:00:00+00:00,real_public_defra,false,,DE,KEW,09/04/2025,Consultancy & Professional Services,Visitor Programmes & Exhibitions,Avanade UK Limited,7130423,"£26,973.00",Visitor Facing Systems,BS4 5PS,UK Supplier,,60447,Prof Fees - Events & Conferncs,142344538,2025-04-09,26973.00,GBP,7407e460ef4155674b7e41a1573ae4f73914f1419cd7bc1188e2dd182a5269b8,246fd3fc9b3bfb3952e796ca730e2a4841826bfe20d233033ea84b03535e4b84,valid,valid,true,valid,
business_duplicate_candidate,255499f3bef7e1b0440207b0601a2e75c33e2b30a82da46d85094378c8068bb4,2,1,within_file,expense_type|expense_area|contract_number,64fd9f0577a12138c31598161dcf8c45dfd0ad2a052ef40171436109db341d6a,Defra__25k_May_25.csv,2025-05,471,2026-09-23T00:00:00+00:00,real_public_defra,false,,DEFRA,EA,09/05/2025,Exp - Purchase Of Goods/Services - Consultancy,EA Ops-E&M-EMR-NIS,SHARED SERVICES CONNECTED LTD,1001609823,101739.54,FEES AND COMMISSIONS,M14 0WN,SUPPLIER,,,Expense,171798078,2025-05-09,101739.54,GBP,20c0095803a52720c3f60fec4c5da4c5d1e1f30f408d25cbe621f0e7358f709f,255499f3bef7e1b0440207b0601a2e75c33e2b30a82da46d85094378c8068bb4,valid,valid,true,valid,
business_duplicate_candidate,255499f3bef7e1b0440207b0601a2e75c33e2b30a82da46d85094378c8068bb4,2,1,within_file,expense_type|expense_area|contract_number,9cbb0364a5573cd944a910b500a81595450965b31e6e06e38a4abe3c23800635,Defra__25k_May_25.csv,2025-05,472,2026-09-23T00:00:00+00:00,real_public_defra,false,,DEFRA,EA,09/05/2025,EXP - PURCHASE OF GOODS/SERVICES - ICT OUTSOURCING & MAINT/SUPPORT,EA Corp Affairs-SSC-Mgt,SHARED SERVICES CONNECTED LTD,1001609823,101739.54,FEES AND COMMISSIONS,M14 0WN,SUPPLIER,ecm_60736,,Expense,171798078,2025-05-09,101739.54,GBP,5ffc126bf4ebfc858e140638bffb5033c3dc03dfb6b2f5d14c197fa62a8c6534,255499f3bef7e1b0440207b0601a2e75c33e2b30a82da46d85094378c8068bb4,valid,valid,true,valid,
business_duplicate_candidate,269b75dac4764893f77e2b138e42b2412e65a4fe693f2dc879032c0427b6e71c,3,2,within_file,expense_area|amount_raw|project_code,85227a6e420b7fe33ee10a321458992ab0d227f0694ad62bc45aabe658a25987,Over__25K_Feb_26.csv,2026-02,369,2026-09-23T00:00:00+00:00,real_public_defra,false,,DE,Cefas,26/02/2026,Software (including licences),Strategy and Delivery,Phoenix Software Ltd,20216244,"£32,999.00",Cloud Services,YO421NS,STANSME,4301,C8168,Cloud Services,GB 755 3464 38,2026-02-26,32999.00,GBP,9faba7f469eb7b30f222578abd834fe61b88d0a7b4f953af0b4fe0291a0509d0,269b75dac4764893f77e2b138e42b2412e65a4fe693f2dc879032c0427b6e71c,valid,valid,true,valid,
business_duplicate_candidate,269b75dac4764893f77e2b138e42b2412e65a4fe693f2dc879032c0427b6e71c,3,2,within_file,expense_area|amount_raw|project_code,6440b31bc1c011015166a54d0cb98796303d66e44afab306881933ac71a14cf3,Over__25K_Feb_26.csv,2026-02,370,2026-09-23T00:00:00+00:00,real_public_defra,false,,DE,Cefas,26/02/2026,Software (including licences),Corporate,Phoenix Software Ltd,20216244,"£36,492.00",Cloud Services,YO421NS,STANSME,4301,50605,Cloud Services,GB 755 3464 38,2026-02-26,36492.00,GBP,c32a9d3e1281560a23498efdcc9f7439bcc21a71e3cb63c05366ff1780b8b546,269b75dac4764893f77e2b138e42b2412e65a4fe693f2dc879032c0427b6e71c,valid,valid,true,valid,
business_duplicate_candidate,269b75dac4764893f77e2b138e42b2412e65a4fe693f2dc879032c0427b6e71c,3,2,within_file,expense_area|amount_raw|project_code,6b2a8f5ce13ca4aad9f6bff4a558d8e6762ed83912dbf42a17a0b37e1f6ed77c,Over__25K_Feb_26.csv,2026-02,371,2026-09-23T00:00:00+00:00,real_public_defra,false,,DE,Cefas,26/02/2026,Software (including licences),Corporate,Phoenix Software Ltd,20216244,"£36,000.88",Cloud Services,YO421NS,STANSME,4301,50603,Cloud Services,GB 755 3464 38,2026-02-26,36000.88,GBP,8acf5fac1631826bbca5451f5009a0dcfe954677a62a38ffd0c51781c0e64b2e,269b75dac4764893f77e2b138e42b2412e65a4fe693f2dc879032c0427b6e71c,valid,valid,true,valid,
business_duplicate_candidate,27c5dd5e85cbb41a4542c9d783e83691fa06cc5b0743fedcb47106296427b93d,2,1,cross_file,transaction_date_raw|expense_type|expense_area|amount_raw|supplier_postcode|expenditure_type|vat_registration_number,f09eaa42a6d59186a2f0eb90cd3feb9c37feaa013722259fe808ed90939ac40e,Over++_25K++Mar+2025-Rev.csv,2025-03,1033,2026-09-23T00:00:00+00:00,real_public_defra,false,,DE,KEW,19/03/2025,Capital/Equipment,Estates,Ramboll UK Ltd,7130825,"£36,560.00",ICW projects,HP11 1JU,UK Supplier,,11733,New Works - pt1 - prof fees,GB 492004075,2025-03-19,36560.00,GBP,212e6640851f0422ac1907a48b89c119db0e19348e09f7a4b9f2ec6ca0085906,27c5dd5e85cbb41a4542c9d783e83691fa06cc5b0743fedcb47106296427b93d,valid,valid,true,valid,
business_duplicate_candidate,27c5dd5e85cbb41a4542c9d783e83691fa06cc5b0743fedcb47106296427b93d,2,1,cross_file,transaction_date_raw|expense_type|expense_area|amount_raw|supplier_postcode|expenditure_type|vat_registration_number,0eb6c96184c72252875cf8cfd30959d781c20fab9c9188479d9a2fc9cec65d69,Over_25K_Transparency_report_April_25.csv,2025-04,353,2026-09-23T00:00:00+00:00,real_public_defra,false,,DE,KEW,16/04/2025,Consultancy & Professional Services,P3: Digital Revolution,Ramboll UK Ltd,7130825,"£54,166.67",ICW projects,SE18 6SW,UK Supplier,,11733,Third Party Contracts,739932881,2025-04-16,54166.67,GBP,224e8f59d1761f2892bea0cb4f41eaa1c0cb32216f4e2180059c9aade0aace0c,27c5dd5e85cbb41a4542c9d783e83691fa06cc5b0743fedcb47106296427b93d,valid,valid,true,valid,
business_duplicate_candidate,28a30eef6329b81a2d9226dde70f343d15e829d5f49675726f921f121ebd58c7,3,2,within_file,expense_area|amount_raw|project_code,6e78018161888cbe4b357750b822e96f792acf60b463867fdf450926914027b4,Over++_25K++Mar+2025-Rev.csv,2025-03,893,2026-09-23T00:00:00+00:00,real_public_defra,false,,DE,Cefas,27/03/2025,Software (including licences),Strategy and Delivery,Phoenix Software Ltd,20209875,"£28,775.00",Software (including licences),YO421NS,STANSME,4301,C8168,Software (including licences),GB 755 3464 38,2025-03-27,28775.00,GBP,5043ddeba78f61477bbba1289655c60778353365e7f68b9df4665a8297491ded,28a30eef6329b81a2d9226dde70f343d15e829d5f49675726f921f121ebd58c7,valid,valid,true,valid,
business_duplicate_candidate,28a30eef6329b81a2d9226dde70f343d15e829d5f49675726f921f121ebd58c7,3,2,within_file,expense_area|amount_raw|project_code,2aa2c85c8b67d703c4f23c586e28fb1fc98347d6e7936a813bb8025312a43ccf,Over++_25K++Mar+2025-Rev.csv,2025-03,894,2026-09-23T00:00:00+00:00,real_public_defra,false,,DE,Cefas,27/03/2025,Software (including licences),Corporate,Phoenix Software Ltd,20209875,"£30,000.00",Software (including licences),YO421NS,STANSME,4301,50605,Software (including licences),GB 755 3464 38,2025-03-27,30000.00,GBP,3723318e2b0cb720af80385ce5ec0dbb43698f7aa3c1a9be944513ef1172f348,28a30eef6329b81a2d9226dde70f343d15e829d5f49675726f921f121ebd58c7,valid,valid,true,valid,
business_duplicate_candidate,28a30eef6329b81a2d9226dde70f343d15e829d5f49675726f921f121ebd58c7,3,2,within_file,expense_area|amount_raw|project_code,52c073da6bd8e7995bbad6789865dee1866256ed6e79ec819c0861da271ab0b2,Over++_25K++Mar+2025-Rev.csv,2025-03,895,2026-09-23T00:00:00+00:00,real_public_defra,false,,DE,Cefas,27/03/2025,Software (including licences),Corporate,Phoenix Software Ltd,20209875,"£31,377.20",Software (including licences),YO421NS,STANSME,4301,50603,Software (including licences),GB 755 3464 38,2025-03-27,31377.20,GBP,2f77f481cc85396c124d9654df33eb18aeb5fde4312b585bbe50da96b38970e7,28a30eef6329b81a2d9226dde70f343d15e829d5f49675726f921f121ebd58c7,valid,valid,true,valid,
business_duplicate_candidate,28e85301131577edbcbf527769bd59bf9389480cdcf0e2a920a76ead9d512e16,5,4,within_file,expense_type|expense_area|po_category_description|project_code,2d89099689f73066479e6cc9acc6fabc3eaf9dddc0264fb73c482f80b4316943,Defra__25k_May_25.csv,2025-05,819,2026-09-23T00:00:00+00:00,real_public_defra,false,,DEFRA,EA,23/05/2025,EXP EU CAPITAL GRANTS TO PTE SECTOR - PERS & NON PROFIT INSTIT'NS SERVING H'HOLD - CWEIY,EA Ops-CLA-Mgt,JACOBS UK LTD,1001613148,127111.28,GRANTS,SE1 2QG,CIS SUPPLIER,,ENV0000009C,Expense,GB624298920,2025-05-23,127111.28,GBP,a9e6899b5a116fae37ca4d3d1d71de72f61295f15c00d74639168ecde3341382,28e85301131577edbcbf527769bd59bf9389480cdcf0e2a920a76ead9d512e16,valid,valid,true,valid,
business_duplicate_candidate,28e85301131577edbcbf527769bd59bf9389480cdcf0e2a920a76ead9d512e16,5,4,within_file,expense_type|expense_area|po_category_description|project_code,64a21ed026a3f1e11f73e14b4e8d632953359250cb9c5c5a7b577266837e0d52,Defra__25k_May_25.csv,2025-05,820,2026-09-23T00:00:00+00:00,real_public_defra,false,,DEFRA,EA,23/05/2025,EXP - PURCHASE OF GOODS/SERVICES - CONSULTANCY - TECHNICAL,EA FCRM Dir-MPPD-PCM-East,JACOBS UK LTD,1001613148,127111.28,FEES AND COMMISSIONS,SE1 2QG,CIS SUPPLIER,,ENV7002364R,Expense,GB624298920,2025-05-23,127111.28,GBP,ea71fef8d723c6d88e40b4c09bc2266e1fdb11d3f519fafddb3ba24df633509a,28e85301131577edbcbf527769bd59bf9389480cdcf0e2a920a76ead9d512e16,valid,valid,true,valid,
business_duplicate_candidate,28e85301131577edbcbf527769bd59bf9389480cdcf0e2a920a76ead9d512e16,5,4,within_file,expense_type|expense_area|po_category_description|project_code,325140b75f2933f193d2315d187eaf5c4456e94fb1d92a9798e363fa89c2a728,Defra__25k_May_25.csv,2025-05,821,2026-09-23T00:00:00+00:00,real_public_defra,false,,DEFRA,EA,23/05/2025,EXP - PURCHASE OF GOODS/SERVICES - CONSULTANCY - TECHNICAL,EA FCRM Dir-MPPD-PCM-East,JACOBS UK LTD,1001613148,127111.28,FEES AND COMMISSIONS,SE1 2QG,CIS SUPPLIER,,ENV7002364R,Expense,GB624298920,2025-05-23,127111.28,GBP,ea71fef8d723c6d88e40b4c09bc2266e1fdb11d3f519fafddb3ba24df633509a,28e85301131577edbcbf527769bd59bf9389480cdcf0e2a920a76ead9d512e16,valid,valid,true,valid,
business_duplicate_candidate,28e85301131577edbcbf527769bd59bf9389480cdcf0e2a920a76ead9d512e16,5,4,within_file,expense_type|expense_area|po_category_description|project_code,a0b7840156b88042e577a1c359554b35e070a43a8bf0d2785a40756f02d651a1,Defra__25k_May_25.csv,2025-05,822,2026-09-23T00:00:00+00:00,real_public_defra,false,,DEFRA,EA,23/05/2025,EXP - PURCHASE OF GOODS/SERVICES - CONSULTANCY - TECHNICAL,EA FCRM Dir-MPPD-PCM-East,JACOBS UK LTD,1001613148,127111.28,FEES AND COMMISSIONS,SE1 2QG,CIS SUPPLIER,,ENV7002364R,Expense,GB624298920,2025-05-23,127111.28,GBP,ea71fef8d723c6d88e40b4c09bc2266e1fdb11d3f519fafddb3ba24df633509a,28e85301131577edbcbf527769bd59bf9389480cdcf0e2a920a76ead9d512e16,valid,valid,true,valid,
business_duplicate_candidate,28e85301131577edbcbf527769bd59bf9389480cdcf0e2a920a76ead9d512e16,5,4,within_file,expense_type|expense_area|po_category_description|project_code,5e964f7e06929769a38b769d5c0aa9aca808c1aa43ccdfae5c663dae9cfb474b,Defra__25k_May_25.csv,2025-05,823,2026-09-23T00:00:00+00:00,real_public_defra,false,,DEFRA,EA,23/05/2025,EXP - PURCHASE OF GOODS/SERVICES - CONSULTANCY - TECHNICAL,EA FCRM Dir-MPPD-PCM-East,JACOBS UK LTD,1001613148,127111.28,FEES AND COMMISSIONS,SE1 2QG,CIS SUPPLIER,,ENV7002364R,Expense,GB624298920,2025-05-23,127111.28,GBP,ea71fef8d723c6d88e40b4c09bc2266e1fdb11d3f519fafddb3ba24df633509a,28e85301131577edbcbf527769bd59bf9389480cdcf0e2a920a76ead9d512e16,valid,valid,true,valid,
business_duplicate_candidate,2a19c3aa18453538ad4e3fe7a4073cd8dd33baf7816c435f068414a553d53f3f,2,1,within_file,expense_type|expense_area|po_category_description|project_code|expenditure_type,acec73bf28239cff77d297a43fe93d94a06838a00535fb5044b9a1f8bfe0bd04,Defra__25k_May_25.csv,2025-05,769,2026-09-23T00:00:00+00:00,real_public_defra,false,,DEFRA,EA,21/05/2025,EXP EU CAPITAL GRANTS TO PTE SECTOR - PERS & NON PROFIT INSTIT'NS SERVING H'HOLD - CWEIY,EA Ops-LNA-Mgt,OVE ARUP & PARTNERS LTD,1001612592,136340.28,GRANTS,NE1 3PL,SUPPLIER,,ENV0001502C,Expense,GB524461265,2025-05-21,136340.28,GBP,68be31fe709da6dc8cf2ac919d4d033c9017ee1b65d3537939dea6eb5011a9f9,2a19c3aa18453538ad4e3fe7a4073cd8dd33baf7816c435f068414a553d53f3f,valid,valid,true,valid,
business_duplicate_candidate,2a19c3aa18453538ad4e3fe7a4073cd8dd33baf7816c435f068414a553d53f3f,2,1,within_file,expense_type|expense_area|po_category_description|project_code|expenditure_type,6be2dbc96404f3581a4e6ec71698f47bfb6b394577e5cafe8cbc69086087acb1,Defra__25k_May_25.csv,2025-05,770,2026-09-23T00:00:00+00:00,real_public_defra,false,,DEFRA,EA,21/05/2025,PPE - POA & AUC (OWNED) - COST - O/BAL,EA Ops-EMD-Mgt,OVE ARUP & PARTNERS LTD,1001612592,136340.28,TANGIBLE NBV,NE1 3PL,SUPPLIER,,ENV0004345C,Asset,GB524461265,2025-05-21,136340.28,GBP,92e1e733c6be65e48b2579d8c3346ed039acfe5f4e3ae2f29a4a0fb322c20a7c,2a19c3aa18453538ad4e3fe7a4073cd8dd33baf7816c435f068414a553d53f3f,valid,valid,true,valid,
business_duplicate_candidate,2aaf7480a4ee3b95142666fe2625e03be667bc5d728a83ce9d6c97bae32c0e61,2,1,within_file,amount_raw,f47febb044ec6390460fb6e983d281643e8a264b6ce9bf62fea36efa45fdd613,Defra_Over__25k_June_2025.csv,2025-06,417,2026-09-23T00:00:00+00:00,real_public_defra,false,,DEFRA,NE,10/06/2025,EXP-PURCHASE OF GOODS & SERVICES - DLL POND SURVEYS/DLL MONITORING,DLL REGULATOR AND PROVIDER SERVICES,ORCHID CELLMARK LTD,1010133622,103118.4,Professional Services Other-Environmental Services-Environmental (Land Use & Biodiversity) Services,OX14 1DY,SUPPLIER,C23346,00000000,Expense,GB750 0292 64,2025-06-10,103118.4,GBP,21651c7f05d1877ff17a1de0174cda84d2bab244344ca9da6b4da424a2eadc4e,2aaf7480a4ee3b95142666fe2625e03be667bc5d728a83ce9d6c97bae32c0e61,valid,valid,true,valid,
business_duplicate_candidate,2aaf7480a4ee3b95142666fe2625e03be667bc5d728a83ce9d6c97bae32c0e61,2,1,within_file,amount_raw,1aa0d1a7d7062fb55652b8bc4016d9414e48d3a9b82fbc449dc4f43efa2c8b84,Defra_Over__25k_June_2025.csv,2025-06,418,2026-09-23T00:00:00+00:00,real_public_defra,false,,DEFRA,NE,10/06/2025,EXP-PURCHASE OF GOODS & SERVICES - DLL POND SURVEYS/DLL MONITORING,DLL REGULATOR AND PROVIDER SERVICES,ORCHID CELLMARK LTD,1010133622,49734,Professional Services Other-Environmental Services-Environmental (Land Use & Biodiversity) Services,OX14 1DY,SUPPLIER,C23346,00000000,Expense,GB750 0292 64,2025-06-10,49734,GBP,10556b74b1af141b52098bddcff1255019004be47cdf84091d6c91bbaa03d12d,2aaf7480a4ee3b95142666fe2625e03be667bc5d728a83ce9d6c97bae32c0e61,valid,valid,true,valid,
business_duplicate_candidate,2bd5a58b5880c5ebd0e16ace10e66e548b95f4875ffcbcc08f23e706bad39bc9,3,2,within_file,expense_area|amount_raw|project_code,70a6c6f5887d8d0efa93173c67ed7b0a89e6dfe977b02745931b7cc24e49d3aa,Over++_25K++Mar+2025-Rev.csv,2025-03,890,2026-09-23T00:00:00+00:00,real_public_defra,false,,DE,Cefas,20/03/2025,Software (including licences),Corporate,Phoenix Software Ltd,20209003,"£36,399.60",Software (including licences),YO421NS,STANSME,4301,50605,Software (including licences),GB 755 3464 38,2025-03-20,36399.60,GBP,a2f3a5ada9c0e9ad4238ce12693d89045031b0a2f1082252b3d0bb9de7549866,2bd5a58b5880c5ebd0e16ace10e66e548b95f4875ffcbcc08f23e706bad39bc9,valid,valid,true,valid,
business_duplicate_candidate,2bd5a58b5880c5ebd0e16ace10e66e548b95f4875ffcbcc08f23e706bad39bc9,3,2,within_file,expense_area|amount_raw|project_code,c77f807e76bf981a7e954eca9a15b320b44838f31c6a008205e80a3d29eaa2a0,Over++_25K++Mar+2025-Rev.csv,2025-03,891,2026-09-23T00:00:00+00:00,real_public_defra,false,,DE,Cefas,20/03/2025,Software (including licences),Corporate,Phoenix Software Ltd,20209003,"£32,400.77",Software (including licences),YO421NS,STANSME,4301,50603,Software (including licences),GB 755 3464 38,2025-03-20,32400.77,GBP,2a383dd83b613a9bb3e9ad7ad9e0fecf8c314093d55f0d7f4ea1292ef60e04da,2bd5a58b5880c5ebd0e16ace10e66e548b95f4875ffcbcc08f23e706bad39bc9,valid,valid,true,valid,
business_duplicate_candidate,2bd5a58b5880c5ebd0e16ace10e66e548b95f4875ffcbcc08f23e706bad39bc9,3,2,within_file,expense_area|amount_raw|project_code,8974501a9a9bc8ad16377c4b1552f7782666d412086a6a84efb2dbae2213964d,Over++_25K++Mar+2025-Rev.csv,2025-03,892,2026-09-23T00:00:00+00:00,real_public_defra,false,,DE,Cefas,20/03/2025,Software (including licences),Strategy and Delivery,Phoenix Software Ltd,20209003,"£31,461.00",Software (including licences),YO421NS,STANSME,4301,C8168,Software (including licences),GB 755 3464 38,2025-03-20,31461.00,GBP,a0ddd4a0c431f6d0ded5126d643b5713cfe7cdb14d42842c78416f6e985078df,2bd5a58b5880c5ebd0e16ace10e66e548b95f4875ffcbcc08f23e706bad39bc9,valid,valid,true,valid,
business_duplicate_candidate,2e1436393131e110942991f9419c8d3afceac2b0d2af7f710e06993d5f78cbe0,2,1,within_file,expense_type|expense_area|amount_raw|po_category_description|contract_number,ce17be17e8fcecb6f6158a6d9bbe25ab93d9761b45f0d3880a538c52a1f1834b,Over__25K_Feb_26.csv,2026-02,266,2026-09-23T00:00:00+00:00,real_public_defra,false,,DE,NATURAL ENGLAND,27/02/2026,EXP - PURCHASE OF GOODS/SERVICES - OTHER - PROGRAMME EXPENDITURE,SPECIALIST SERVICES,ICF CONSULTING SERVICES LTD,1010147100,"£44,377.63",Operational Goods-Operational Goods-Operational Goods-Unclassified,EC2R 8HP,SUPPLIER,FWK C22928 NEG,00000000,Expense,927 4872 86,2026-02-27,44377.63,GBP,5e739edc8ea82c4c609971f1b4452b8af0a4122a6519a71d9a03740a67e90c11,2e1436393131e110942991f9419c8d3afceac2b0d2af7f710e06993d5f78cbe0,valid,valid,true,valid,
business_duplicate_candidate,2e1436393131e110942991f9419c8d3afceac2b0d2af7f710e06993d5f78cbe0,2,1,within_file,expense_type|expense_area|amount_raw|po_category_description|contract_number,afddd7202bdd806f8a159cd4fdf44a97c208e42788ae64c69ee1b54ef04400fe,Over__25K_Feb_26.csv,2026-02,267,2026-09-23T00:00:00+00:00,real_public_defra,false,,DE,NATURAL ENGLAND,27/02/2026,EXP - PURCHASE OF GOODS/SERVICES - RESEARCH & DEVELOPMENT - OTHER OUTSOURCED,AGRI-ENVIRONMENT MONITORING AND EVALUATION,ICF CONSULTING SERVICES LTD,1010147100,"£52,869.38",Research-Science and Environmental Research-Science and Environmental Research-Unclassified,EC2R 8HP,SUPPLIER,C22928,00000000,Expense,927 4872 86,2026-02-27,52869.38,GBP,bcf3beffeb757fef5a1897a2113997e92c1f1597ec72223a14c3b1806c6b5d39,2e1436393131e110942991f9419c8d3afceac2b0d2af7f710e06993d5f78cbe0,valid,valid,true,valid,
business_duplicate_candidate,308475b53dc0b638a15f99f2d7b9f327b92dac69bad20165c5d9dcb78a2175a6,2,1,within_file,transaction_date_raw|amount_raw,d9902944aa899a7a35f0a99baef2c8ed87d716a46445ebb39125109b7bbac01c,Over++_25K++Mar+2025-Rev.csv,2025-03,959,2026-09-23T00:00:00+00:00,real_public_defra,false,,DE,NFC,06/03/2025,Forest Creation,Forest Creation,Mr T Hamilton,CLS2024.03,"£32,241.10",Grant,LE65 1RA,Land Owner,,,Grant,,2025-03-06,32241.10,GBP,99510eef6c027244c7f19d1ca13cde058ade8c1c4279b5cf6dc9490eb8831d6f,308475b53dc0b638a15f99f2d7b9f327b92dac69bad20165c5d9dcb78a2175a6,valid,valid,true,valid,
business_duplicate_candidate,308475b53dc0b638a15f99f2d7b9f327b92dac69bad20165c5d9dcb78a2175a6,2,1,within_file,transaction_date_raw|amount_raw,333d557896082228932f4a6d228cc1d2fac0ca087e131a76768a23b018768091,Over++_25K++Mar+2025-Rev.csv,2025-03,962,2026-09-23T00:00:00+00:00,real_public_defra,false,,DE,NFC,31/03/2025,Forest Creation,Forest Creation,Mr T Hamilton,CLS2024.03,"£137,200.03",Grant,LE65 1RA,Land Owner,,,Grant,,2025-03-31,137200.03,GBP,c4285778a3366d7bcb3acc81da70b037749a3f451281365f008a46f96f033846,308475b53dc0b638a15f99f2d7b9f327b92dac69bad20165c5d9dcb78a2175a6,valid,valid,true,valid,
business_duplicate_candidate,31842b2f7609efe78732002d958c71158559baff698588082964d35574ba51d1,2,1,within_file,expense_type|expense_area|amount_raw|po_category_description|contract_number|project_code|expenditure_type,6a3f904ad6d2f05e27db686d16fa82369aa0df8e0246235b8892b961ef7b261b,Over++_25K++Mar+2025-Rev.csv,2025-03,1071,2026-09-23T00:00:00+00:00,real_public_defra,false,,DE,NATURAL ENGLAND,06/03/2025,IA - POA & AUC - COST - ADDITIONS,"SGA LANDSCAPE, PEAT & SPECIES",DEFRA,2010000851,119243.71,Research programs (capital R&D outsourced),YO1 7PX,SUPPLIER,DFP,NE163925,Asset,888800181,2025-03-06,119243.71,GBP,0adf9831cc5da2d58d64421c049c5962f51ade6524a45178248eeab65eff40e7,31842b2f7609efe78732002d958c71158559baff698588082964d35574ba51d1,valid,valid,true,valid,
business_duplicate_candidate,31842b2f7609efe78732002d958c71158559baff698588082964d35574ba51d1,2,1,within_file,expense_type|expense_area|amount_raw|po_category_description|contract_number|project_code|expenditure_type,bd6652f8d77f9fe328ab4fafbf25cabc236e72c0b5877d66a320d56725ba129d,Over++_25K++Mar+2025-Rev.csv,2025-03,1072,2026-09-23T00:00:00+00:00,real_public_defra,false,,DE,NATURAL ENGLAND,06/03/2025,EXP - PURCHASE OF GOODS/SERVICES - END USER SOFTWARE AND HARDWARE,ORGANISATION CHANGE,DEFRA,2010000851,87165.85,ICT-Unclassified,YO1 7PX,SUPPLIER,DFP Defra Family Payments,00000000,Expense,888800181,2025-03-06,87165.85,GBP,1049436fc2591e26929d47e5e1f702869c7d8ed24b7a3291b9e039000ae7d9c6,31842b2f7609efe78732002d958c71158559baff698588082964d35574ba51d1,valid,valid,true,valid,
business_duplicate_candidate,3260a3487b02950a5ce4c6ebeca5784faa69795e930ecd4dc092d1fb9d6fdc5f,2,1,within_file,expense_area|project_code,63f401fbcda73876d177b935d916d1ce517bbdf6f5025d7f41ea89a0f05912ce,Defra__25k_May_25.csv,2025-05,630,2026-09-23T00:00:00+00:00,real_public_defra,false,,DEFRA,EA,15/05/2025,Exp - Purchase Of Goods/Services - Contractors,EA FCRM Dir-AME-Asset Operations and Improvements,JACKSON CIVIL ENGINEERING LTD,1001611323,60037.62,FEES AND COMMISSIONS,IP1 5LT,CUSTOMER,,ENV6001959R,Expense,GB904443249,2025-05-15,60037.62,GBP,7b7aa5e66cca74f39d334423684eb842aa0cd6790c3cb30fb7d01e717a094556,3260a3487b02950a5ce4c6ebeca5784faa69795e930ecd4dc092d1fb9d6fdc5f,valid,valid,true,valid,
business_duplicate_candidate,3260a3487b02950a5ce4c6ebeca5784faa69795e930ecd4dc092d1fb9d6fdc5f,2,1,within_file,expense_area|project_code,67d22b0feaa3d183df066ef63f94ed7ea7e5a5a8f1e699b5f41a5c25b94d0867,Defra__25k_May_25.csv,2025-05,631,2026-09-23T00:00:00+00:00,real_public_defra,false,,DEFRA,EA,15/05/2025,Exp - Purchase Of Goods/Services - Contractors,EA Ops-EAN-FCRM OPS West-Asset Perf,JACKSON CIVIL ENGINEERING LTD,1001611323,60037.62,FEES AND COMMISSIONS,IP1 5LT,CUSTOMER,,ENV6007215R,Expense,GB904443249,2025-05-15,60037.62,GBP,8aa9bb7f39165e1d0b479ce13c5c672d66533004ab4fc688aba2678e4be89dfe,3260a3487b02950a5ce4c6ebeca5784faa69795e930ecd4dc092d1fb9d6fdc5f,valid,valid,true,valid,
business_duplicate_candidate,3377bb739400c2db47d1c52e7b0a21c652aa7cb879f8ba98412ff79eaceff6d1,2,1,within_file,po_category_description|supplier_postcode,3bf52cf56fcd8eb57cf691decffba2c9bd7df33099ad955eb37ea2441243cf90,Defra_Over__25k_June_2025.csv,2025-06,494,2026-09-23T00:00:00+00:00,real_public_defra,false,,DEFRA,KEW,25/06/2025,Property Related,Estates,Raytell Electrical Co. Ltd,7134954,"81,532.51",Sustainability,,UK Supplier,,11198,Maintenance-Reactive,230699848,2025-06-25,81532.51,GBP,c7a5c1ebc69968f2917e4211c9cd8dc528ad24cc32a9763ca91f7ef7ddb6a149,3377bb739400c2db47d1c52e7b0a21c652aa7cb879f8ba98412ff79eaceff6d1,valid,valid,true,valid,
business_duplicate_candidate,3377bb739400c2db47d1c52e7b0a21c652aa7cb879f8ba98412ff79eaceff6d1,2,1,within_file,po_category_description|supplier_postcode,4cbe0c162c8dddc9a019e415a1313c51f27ea36fedb98845b238ad7268bac649,Defra_Over__25k_June_2025.csv,2025-06,495,2026-09-23T00:00:00+00:00,real_public_defra,false,,DEFRA,KEW,25/06/2025,Property Related,Estates,Raytell Electrical Co. Ltd,7134954,"81,532.51",Infrastructure Capital Works,N14 5DJ,UK Supplier,,11198,Maintenance-Reactive,230699848,2025-06-25,81532.51,GBP,31eac98dda47030ca8f9f408514220a109df81d881c10937d516846bbf3c07e1,3377bb739400c2db47d1c52e7b0a21c652aa7cb879f8ba98412ff79eaceff6d1,valid,valid,true,valid,
business_duplicate_candidate,36a834f9e2e36230d861d1446894f37357adcc38d64ed25040dd3a4a24c7182f,2,1,within_file,expense_area,5919f6efe58af96cda6e86f50efb87dae072fbe3bc102f3e234eedc493e7f730,Defra__25k_May_25.csv,2025-05,374,2026-09-23T00:00:00+00:00,real_public_defra,false,,DEFRA,EA,01/05/2025,Exp - Purchase Of Goods/Services - Consultancy,EA FCRM Dir-MPPD-PCM-Mids,TURNER & TOWNSEND PROJECT MANAGEMENT LTD,1001608133,207340.51,FEES AND COMMISSIONS,LS18 4GH,SUPPLIER,,,Expense,764244132,2025-05-01,207340.51,GBP,eb396cb049d36d3e449140e84f98acc7a13b95b2236b28210540691908d0dd55,36a834f9e2e36230d861d1446894f37357adcc38d64ed25040dd3a4a24c7182f,valid,valid,true,valid,
business_duplicate_candidate,36a834f9e2e36230d861d1446894f37357adcc38d64ed25040dd3a4a24c7182f,2,1,within_file,expense_area,c8245309d378bbc38b623dbe70558de801afd49e2ba1933e9b7be289be1ca0c7,Defra__25k_May_25.csv,2025-05,375,2026-09-23T00:00:00+00:00,real_public_defra,false,,DEFRA,EA,01/05/2025,Exp - Purchase Of Goods/Services - Consultancy,EA FCRM Dir-MPPD-PCM-SW,TURNER & TOWNSEND PROJECT MANAGEMENT LTD,1001608133,207340.51,FEES AND COMMISSIONS,LS18 4GH,SUPPLIER,,,Expense,764244132,2025-05-01,207340.51,GBP,b8374f365c61abd5b80248c847c08e432d05c3dd82c6f289add683fa4be48ed4,36a834f9e2e36230d861d1446894f37357adcc38d64ed25040dd3a4a24c7182f,valid,valid,true,valid,
business_duplicate_candidate,381e91f338612515fcd48bbd751341baf3ae1797ac844c601fcd93201977996a,2,1,within_file,expense_type|po_category_description|project_code|expenditure_type,f4ee5516537e27de8e9ef519e8e4aede8779319ec2d21a506b3d1c75158cf0c4,Defra__25k_May_25.csv,2025-05,572,2026-09-23T00:00:00+00:00,real_public_defra,false,,DEFRA,EA,14/05/2025,EXP EU CAPITAL GRANTS TO PTE SECTOR - PERS & NON PROFIT INSTIT'NS SERVING H'HOLD - CWEIY,EA Ops-WSX-Mgt,KIER INTERGRATED SERVICES LTD,1001610877,1683114.36,GRANTS,SG19 2BD,SUPPLIER,,ENVIMSW002130,Expense,1055 40018,2025-05-14,1683114.36,GBP,5e951ec771b899803650549268352149f02d707664b89e28c735ade5e7329249,381e91f338612515fcd48bbd751341baf3ae1797ac844c601fcd93201977996a,valid,valid,true,valid,
business_duplicate_candidate,381e91f338612515fcd48bbd751341baf3ae1797ac844c601fcd93201977996a,2,1,within_file,expense_type|po_category_description|project_code|expenditure_type,b031df15dc348874749cc7229762c77fa14e25f53192cc0f7d29906234267490,Defra__25k_May_25.csv,2025-05,573,2026-09-23T00:00:00+00:00,real_public_defra,false,,DEFRA,EA,14/05/2025,PPE - POA & AUC (OWNED) - COST - O/BAL,EA Ops-WSX-Mgt,KIER INTERGRATED SERVICES LTD,1001610877,1683114.36,TANGIBLE NBV,SG19 2BD,SUPPLIER,,ENV0002496C,Asset,1055 40018,2025-05-14,1683114.36,GBP,bccca50bf638dcf6975577811749d1a5e5cf8c343b458b366e5deaba8d426496,381e91f338612515fcd48bbd751341baf3ae1797ac844c601fcd93201977996a,valid,valid,true,valid,
business_duplicate_candidate,388ec5fc03b668b61977322c76b9a127ca825be06379029cd58f5b22d7685945,2,1,cross_file,transaction_date_raw|expense_type|amount_raw|supplier_postcode|expenditure_type|vat_registration_number,c067030d58c1e050f5b43f8ee9a67c161df155953d2f1c2873323a5e818328ba,Over++_25K++Mar+2025-Rev.csv,2025-03,1015,2026-09-23T00:00:00+00:00,real_public_defra,false,,DE,KEW,05/03/2025,Consultancy & Professional Services,Capital Development Programme,Unit4 Business Software Ltd,7129682,"£44,822.14",IT Operations,W14 8NS,UK Supplier,,60002,Prof Fees - Construction,610 0610 15,2025-03-05,44822.14,GBP,b031903a25fbd416d45d97b6df043a8d31f76fb6e1a54b727e8d885453d7e154,388ec5fc03b668b61977322c76b9a127ca825be06379029cd58f5b22d7685945,valid,valid,true,valid,
business_duplicate_candidate,388ec5fc03b668b61977322c76b9a127ca825be06379029cd58f5b22d7685945,2,1,cross_file,transaction_date_raw|expense_type|amount_raw|supplier_postcode|expenditure_type|vat_registration_number,e2d069ead8d150399240543aeb45e92589babde3ea90ff74132929e4aae9b8cb,Over_25K_Transparency_report_April_25.csv,2025-04,444,2026-09-23T00:00:00+00:00,real_public_defra,false,,DE,KEW,09/04/2025,Capital/Equipment,Capital Development Programme,Unit4 Business Software Ltd,7129682,"£59,136.37",IT Operations,BT32 3QD,UK Supplier,,60002,New Works - pt1 - prof fees,858745176,2025-04-09,59136.37,GBP,e9973a92385f5ba8d3e0e15280203c8c337cd4a4d838ae6f6eb852a86fe28318,388ec5fc03b668b61977322c76b9a127ca825be06379029cd58f5b22d7685945,valid,valid,true,valid,
business_duplicate_candidate,396651ffe33c6ef552f7a54cd83703991f6cb1744f407e8b91bc017839e5c155,3,2,within_file,expense_area|amount_raw|contract_number,b03d81f0a78ead97c7f6b7305dcbdb102f67b6aaa341e3ef632f9ef0d9285c74,Over++_25K++Mar+2025-Rev.csv,2025-03,1048,2026-09-23T00:00:00+00:00,real_public_defra,false,,DE,NATURAL ENGLAND,03/03/2025,EXP - PURCHASE OF GOODS/SERVICES - RESEARCH & DEVELOPMENT - OTHER OUTSOURCED,Natural Capital & Ecosystem Assessment - Terrestrial,ICF CONSULTING SERVICES LTD,1010128476,461325.31,Science and Environmental Research-Unclassified,EC2R 8HP,SUPPLIER,"C22928, S-0902",00000000,Expense,927 4872 86,2025-03-03,461325.31,GBP,51bc8e987267ee73b108095813fa2ef0c04d4980d8b32c645b42af32f1ab1686,396651ffe33c6ef552f7a54cd83703991f6cb1744f407e8b91bc017839e5c155,valid,valid,true,valid,
business_duplicate_candidate,396651ffe33c6ef552f7a54cd83703991f6cb1744f407e8b91bc017839e5c155,3,2,within_file,expense_area|amount_raw|contract_number,65334a4c773b29ba49b81c72b45813e03bb5182362347bd30b2b2e26e65331f9,Over++_25K++Mar+2025-Rev.csv,2025-03,1049,2026-09-23T00:00:00+00:00,real_public_defra,false,,DE,NATURAL ENGLAND,03/03/2025,EXP - PURCHASE OF GOODS/SERVICES - RESEARCH & DEVELOPMENT - OTHER OUTSOURCED,Natural Capital & Ecosystem Assessment - Terrestrial,ICF CONSULTING SERVICES LTD,1010128476,204810.29,Science and Environmental Research-Unclassified,EC2R 8HP,SUPPLIER,"C22928, S-0902",00000000,Expense,927 4872 86,2025-03-03,204810.29,GBP,32ed4931dbf54d39e7d2671ca7c8fa9649243de33e9650018694d06945576f30,396651ffe33c6ef552f7a54cd83703991f6cb1744f407e8b91bc017839e5c155,valid,valid,true,valid,
business_duplicate_candidate,396651ffe33c6ef552f7a54cd83703991f6cb1744f407e8b91bc017839e5c155,3,2,within_file,expense_area|amount_raw|contract_number,87a5e12e7740b3854e3543bb046c2e64378776e4bbbefae0c5544e56303b217f,Over++_25K++Mar+2025-Rev.csv,2025-03,1053,2026-09-23T00:00:00+00:00,real_public_defra,false,,DE,NATURAL ENGLAND,03/03/2025,EXP - PURCHASE OF GOODS/SERVICES - RESEARCH & DEVELOPMENT - OTHER OUTSOURCED,AGRI-ENVIRONMENT MONITORING AND EVALUATION,ICF CONSULTING SERVICES LTD,1010128476,39772.34,Science and Environmental Research-Unclassified,EC2R 8HP,SUPPLIER,C22928,00000000,Expense,927 4872 86,2025-03-03,39772.34,GBP,59b0b74971a74c033809d7ace45f813ec08c60b24eb93fb0b9eda135180114e5,396651ffe33c6ef552f7a54cd83703991f6cb1744f407e8b91bc017839e5c155,valid,valid,true,valid,
business_duplicate_candidate,3b327122e467f6ca9a859fb51fa491918dccc447f0a9be22ed2e5497f42112ef,2,1,within_file,expense_area|project_code,058eb6741626fcb80d58a88fa07f47d611645cbb773025361bf95c853075334e,Defra__25k_May_25.csv,2025-05,469,2026-09-23T00:00:00+00:00,real_public_defra,false,,DEFRA,EA,08/05/2025,EXP - PURCHASE OF GOODS/SERVICES - CONSULTANCY - TECHNICAL,EA Ops-WSX-FCRM-Mgt,ARCADIS CONSULTING UK LTD,1001609763,180262.86,FEES AND COMMISSIONS,EC3M 4BY,SUPPLIER,,ENVIMSW002039R,Expense,GB 8727 99950,2025-05-08,180262.86,GBP,f60d4d90a9e732f606a670418f0e9e24d3f26b58aa00dfb8dfaf930aa34691ce,3b327122e467f6ca9a859fb51fa491918dccc447f0a9be22ed2e5497f42112ef,valid,valid,true,valid,
business_duplicate_candidate,3b327122e467f6ca9a859fb51fa491918dccc447f0a9be22ed2e5497f42112ef,2,1,within_file,expense_area|project_code,ed4496fa3a751f0d5370e46575433b000d285ceb8daf8b806efd1045b1f62c4f,Defra__25k_May_25.csv,2025-05,470,2026-09-23T00:00:00+00:00,real_public_defra,false,,DEFRA,EA,08/05/2025,EXP - PURCHASE OF GOODS/SERVICES - CONSULTANCY - TECHNICAL,EA FCRM Dir-MPPD-PCM-East,ARCADIS CONSULTING UK LTD,1001609763,180262.86,FEES AND COMMISSIONS,EC3M 4BY,SUPPLIER,,ENV6007365R,Expense,GB 8727 99950,2025-05-08,180262.86,GBP,63353823cbad87b56612a156face3d00e1f8eb17a40a15b1b7b4aa02094147b2,3b327122e467f6ca9a859fb51fa491918dccc447f0a9be22ed2e5497f42112ef,valid,valid,true,valid,
business_duplicate_candidate,3bccf80c54c7b802d784b2a335a240772929f418392bf4012b4a3720a71652dc,2,1,within_file,transaction_date_raw|amount_raw,bdcb78d13208ad04e7e754a1a47f210652e2d9d2de634c6171e7321d08d0f7cf,Over_25K_Transparency_report_April_25.csv,2025-04,647,2026-09-23T00:00:00+00:00,real_public_defra,false,,DE,NATURAL ENGLAND,01/04/2025,EXP - PURCHASE OF GOODS/SERVICES - OTHER- SCIENCE & EVIDENCE MONITORING SURVLNCE,GFF OPERATIONAL DELIVERY,CHRIS SEABRIDGE & ASSOCIATES LTD,10070043404,"£28,512.00",Professional Services Other-Environmental Services-Land and soil preparation and management and protection,ST19 5PH,SUPPLIER,C25909,00000000,Expense,,2025-04-01,28512.00,GBP,d595b4ae6a09bfeb6b4fa9eac45e537e35481c7be43bbc688bcfc1c5b4b8c873,3bccf80c54c7b802d784b2a335a240772929f418392bf4012b4a3720a71652dc,valid,valid,true,valid,
business_duplicate_candidate,3bccf80c54c7b802d784b2a335a240772929f418392bf4012b4a3720a71652dc,2,1,within_file,transaction_date_raw|amount_raw,3f7efcf53f9d8f5aa86ab39d29d8d78b05b4fb618fa3970f749e3cafbe4d9dee,Over_25K_Transparency_report_April_25.csv,2025-04,648,2026-09-23T00:00:00+00:00,real_public_defra,false,,DE,NATURAL ENGLAND,08/04/2025,EXP - PURCHASE OF GOODS/SERVICES - OTHER- SCIENCE & EVIDENCE MONITORING SURVLNCE,GFF OPERATIONAL DELIVERY,CHRIS SEABRIDGE & ASSOCIATES LTD,10070043404,"£26,400.00",Professional Services Other-Environmental Services-Land and soil preparation and management and protection,ST19 5PH,SUPPLIER,C25909,00000000,Expense,,2025-04-08,26400.00,GBP,936e2e01c5baf4456f1f96e99e61c1b2500bebc931fb40c7985c1b41ce393b5d,3bccf80c54c7b802d784b2a335a240772929f418392bf4012b4a3720a71652dc,valid,valid,true,valid,
business_duplicate_candidate,3c1ac8a47c110a79669ab00bb96f83c2f2fbce8c8f6ae285d856c7afca2e0d95,2,1,within_file,amount_raw|contract_number,1a9c74a26e67769a630e36e773dc3acecbe4a26d639a8ebeb09143f9316ce903,November_Over__25K_Transparency.csv,2025-11,355,2026-09-23T00:00:00+00:00,real_public_defra,false,,DE,NE,07/11/2025,EXP - CAPITAL GRANTS TO LOCAL GOVERNMENT,CPWN NATIONAL TEAM,WEST SUSSEX COUNTY COUNCIL,1010141093,"£37,919.20",Grant-Capital Grant-Non Procurement-Local Authorities,PO19 1RG,SUPPLIER,C28935,NE160886,Expense,193 604 455,2025-11-07,37919.20,GBP,3763f26e97e35cfc3a93c812bf5cae9f13b63debd1284b67bd0fca878665d765,3c1ac8a47c110a79669ab00bb96f83c2f2fbce8c8f6ae285d856c7afca2e0d95,valid,valid,true,valid,
business_duplicate_candidate,3c1ac8a47c110a79669ab00bb96f83c2f2fbce8c8f6ae285d856c7afca2e0d95,2,1,within_file,amount_raw|contract_number,52c37e2c91c03a16d78231c45c3a393819724e1d8eff00593d192647b8b295dd,November_Over__25K_Transparency.csv,2025-11,373,2026-09-23T00:00:00+00:00,real_public_defra,false,,DE,NE,07/11/2025,EXP - CAPITAL GRANTS TO LOCAL GOVERNMENT,CPWN NATIONAL TEAM,WEST SUSSEX COUNTY COUNCIL,1010141093,"£26,992.90",Grant-Capital Grant-Non Procurement-Local Authorities,PO19 1RG,SUPPLIER,C28934,NE160886,Expense,193 604 455,2025-11-07,26992.90,GBP,927cd96cc07769f34b73737667243c6bcffdca6b76039824a363368a9a4e6aba,3c1ac8a47c110a79669ab00bb96f83c2f2fbce8c8f6ae285d856c7afca2e0d95,valid,valid,true,valid,
business_duplicate_candidate,3d638d760dd6ed66c67e083e2d746f002780185323a1b160c6e13fe7673768e4,2,1,cross_file,department|transaction_date_raw|amount_raw,18697d19fceb5298947bfde161b614d28f651ef728ba20c9f42f5432e497357e,Defra__25k_May_25.csv,2025-05,664,2026-09-23T00:00:00+00:00,real_public_defra,false,,DEFRA,EA,16/05/2025,EXP - CAPITAL GRANTS TO LOCAL GOVERNMENT,EA FCRM Dir-AME-Engineering and Technical Assurance,SCUNTHORPE & GAINSBOROUGH WATER MANAGEMENT BOARD,1001597742,-467177,GRANTS,DN6 7FE,SUPPLIER,,ENV0006083C,Expense,,2025-05-16,-467177,GBP,84ace3333b0dd82aa4877f9fee0606a3fb2ca1419a338768c42c819e3b4b5bff,3d638d760dd6ed66c67e083e2d746f002780185323a1b160c6e13fe7673768e4,valid,valid,true,warning,amount_non_positive_review
business_duplicate_candidate,3d638d760dd6ed66c67e083e2d746f002780185323a1b160c6e13fe7673768e4,2,1,cross_file,department|transaction_date_raw|amount_raw,74e675cd5ae966c972161fa923a13bdbae0f1eb59b95a0add2ce69fd45fd876b,Over++_25K++Mar+2025-Rev.csv,2025-03,1752,2026-09-23T00:00:00+00:00,real_public_defra,false,,DE,EA,19/03/2025,EXP - CAPITAL GRANTS TO LOCAL GOVERNMENT,EA FCRM Dir-AME-Engineering and Technical Assurance,SCUNTHORPE & GAINSBOROUGH WATER MANAGEMENT BOARD,1001597742,529312.8,GRANTS,DN6 7FE,SUPPLIER,,ENV0006083C,Expense,,2025-03-19,529312.8,GBP,6d0be92fa47cbc0161e6496cd55cc6480e88fc0e94be55cac6ef908eb8674003,3d638d760dd6ed66c67e083e2d746f002780185323a1b160c6e13fe7673768e4,valid,valid,true,valid,
business_duplicate_candidate,3da39660144d2455c30ba75c2ba1457c5dff7258f709c4e9f0de826b0493ed7d,2,1,within_file,expense_type|expense_area|po_category_description|project_code|expenditure_type,257b703c6f480032f0ed2d3f5c7489155eac71fbd9c2cbec8b668eda3a04c9ca,Defra__25k_May_25.csv,2025-05,736,2026-09-23T00:00:00+00:00,real_public_defra,false,,DEFRA,EA,20/05/2025,EXP EU CAPITAL GRANTS TO PTE SECTOR - PERS & NON PROFIT INSTIT'NS SERVING H'HOLD - CWEIY,EA Ops-EAN-Mgt,OVE ARUP & PARTNERS LTD,1001612147,272208.66,GRANTS,NE1 3PL,SUPPLIER,,ENV0004963C,Expense,GB524461265,2025-05-20,272208.66,GBP,e3217d69b09aedaf5e2851800226d9b37da3bbbba5a50401b2b2bdb77cba6a27,3da39660144d2455c30ba75c2ba1457c5dff7258f709c4e9f0de826b0493ed7d,valid,valid,true,valid,
business_duplicate_candidate,3da39660144d2455c30ba75c2ba1457c5dff7258f709c4e9f0de826b0493ed7d,2,1,within_file,expense_type|expense_area|po_category_description|project_code|expenditure_type,b633ea0146fa1c5040cf752dad3d5adcf7d372775a5a72219b184b1a91dd2836,Defra__25k_May_25.csv,2025-05,737,2026-09-23T00:00:00+00:00,real_public_defra,false,,DEFRA,EA,20/05/2025,PPE - POA & AUC (OWNED) - COST - O/BAL,EA Ops-YOR-Mgt,OVE ARUP & PARTNERS LTD,1001612147,272208.66,TANGIBLE NBV,NE1 3PL,SUPPLIER,,ENV0003382C,Asset,GB524461265,2025-05-20,272208.66,GBP,205ab2f98aaeacf121620b34059aa2565c3e4e73c4f49ca7b8073bc450335d68,3da39660144d2455c30ba75c2ba1457c5dff7258f709c4e9f0de826b0493ed7d,valid,valid,true,valid,
business_duplicate_candidate,3ef0a20a9e41f031d6b0724dcf81b907b4a6c36a7020234db7845010c17348c0,3,2,within_file,expense_type|expense_area|po_category_description|project_code|expenditure_type,8d84b660f11a417fecfeb3e0f9700f801d609e8da29e368ad1d7925738e7b62f,Defra__25k_May_25.csv,2025-05,719,2026-09-23T00:00:00+00:00,real_public_defra,false,,DEFRA,EA,19/05/2025,PPE - POA & AUC (OWNED) - COST - O/BAL,EA Ops-GMC-Mgt,VOLKERSTEVIN INFRASTRUCTURE LTD,1001612004,250235.9,TANGIBLE NBV,EN11 9BX,CIS SUPPLIER,,ENV0005252C,Asset,GB424894330,2025-05-19,250235.9,GBP,a31adb8432d0dc4aeaff2e0c7e7234b3587a88800def1ad2280f47a8ae2d57d5,3ef0a20a9e41f031d6b0724dcf81b907b4a6c36a7020234db7845010c17348c0,valid,valid,true,valid,
business_duplicate_candidate,3ef0a20a9e41f031d6b0724dcf81b907b4a6c36a7020234db7845010c17348c0,3,2,within_file,expense_type|expense_area|po_category_description|project_code|expenditure_type,80c30889ae23641fc414b1b1b8e4b6494953c16a631003c0e4ec91bbc39dadcc,Defra__25k_May_25.csv,2025-05,720,2026-09-23T00:00:00+00:00,real_public_defra,false,,DEFRA,EA,19/05/2025,EXP EU CAPITAL GRANTS TO PTE SECTOR - PERS & NON PROFIT INSTIT'NS SERVING H'HOLD - CWEIY,EA Ops-SSD-Mgt,VOLKERSTEVIN INFRASTRUCTURE LTD,1001612004,250235.9,GRANTS,EN11 9BX,CIS SUPPLIER,,ENV0002750C,Expense,GB424894330,2025-05-19,250235.9,GBP,5337108406c6091b8d570a83f49a4843ec1cbc53f21e5f9fa93243d76189bf4b,3ef0a20a9e41f031d6b0724dcf81b907b4a6c36a7020234db7845010c17348c0,valid,valid,true,valid,
business_duplicate_candidate,3ef0a20a9e41f031d6b0724dcf81b907b4a6c36a7020234db7845010c17348c0,3,2,within_file,expense_type|expense_area|po_category_description|project_code|expenditure_type,f618197cecc3ca42ca5919a6cc2375e298eb697042fd0fe219904855f3f8c7a7,Defra__25k_May_25.csv,2025-05,721,2026-09-23T00:00:00+00:00,real_public_defra,false,,DEFRA,EA,19/05/2025,PPE - POA & AUC (OWNED) - COST - O/BAL,EA Ops-CLA-Mgt,VOLKERSTEVIN INFRASTRUCTURE LTD,1001612004,250235.9,TANGIBLE NBV,EN11 9BX,CIS SUPPLIER,,ENV0005310C,Asset,GB424894330,2025-05-19,250235.9,GBP,72eb0da62ec84c1bc3ef2f6cea6f4245e2f640e7b11ec2e85e205eec31cc51a4,3ef0a20a9e41f031d6b0724dcf81b907b4a6c36a7020234db7845010c17348c0,valid,valid,true,valid,
business_duplicate_candidate,3f11501e394ad99d39970c46d7859fd1daf6c6798618f0cb5bf4740cb3be4de9,2,1,within_file,expense_area,0f4cb2e4de4f82a8b92bf16b866f3e7b7c9713fd5ccaf65e30ff59a689482676,Defra__25k_May_25.csv,2025-05,917,2026-09-23T00:00:00+00:00,real_public_defra,false,,DEFRA,EA,29/05/2025,Exp - Purchase Of Goods/Services - Consultancy,EA FCRM Dir-MPPD-PCM-Mids,TURNER & TOWNSEND PROJECT MANAGEMENT LTD,1001614199,165481.62,FEES AND COMMISSIONS,LS18 4GH,SUPPLIER,,,Expense,764244132,2025-05-29,165481.62,GBP,5cd50f175314f78702ffdf15e1963c2030a9b08df872ec155841b3c59f61f824,3f11501e394ad99d39970c46d7859fd1daf6c6798618f0cb5bf4740cb3be4de9,valid,valid,true,valid,
business_duplicate_candidate,3f11501e394ad99d39970c46d7859fd1daf6c6798618f0cb5bf4740cb3be4de9,2,1,within_file,expense_area,02604ecf7588c7c59f300eaab6c2449b01c2ea3e0a77b9a42f65fcef44d2a9c6,Defra__25k_May_25.csv,2025-05,918,2026-09-23T00:00:00+00:00,real_public_defra,false,,DEFRA,EA,29/05/2025,Exp - Purchase Of Goods/Services - Consultancy,EA FCRM Dir-MPPD-PCM-SE,TURNER & TOWNSEND PROJECT MANAGEMENT LTD,1001614199,165481.62,FEES AND COMMISSIONS,LS18 4GH,SUPPLIER,,,Expense,764244132,2025-05-29,165481.62,GBP,8a4d461c3fce0c5c05384fc3a3695cc1267518f8078596b9e262667ce3e727cd,3f11501e394ad99d39970c46d7859fd1daf6c6798618f0cb5bf4740cb3be4de9,valid,valid,true,valid,
business_duplicate_candidate,3f21b30cc78f3c1aed59cf6ef33b024ca389f506fcb5c9c604b2bf19a2c748bd,2,1,within_file,amount_raw,467eb3b1abb3eb667469712edd4723cfbec8362fe947e27f21de0226dff097f1,Over++_25K++Mar+2025-Rev.csv,2025-03,998,2026-09-23T00:00:00+00:00,real_public_defra,false,,DE,AHDB,21/03/2025,,International Trade Development,Sopexa Japan,555-2025-010,"£61,307.65",Exports,150-0013,,,136052,,NULL,2025-03-21,61307.65,GBP,01b23572d46160cb4751eb8c070dc4ba87ef26dfc5d7bf2a13aa46078c140f45,3f21b30cc78f3c1aed59cf6ef33b024ca389f506fcb5c9c604b2bf19a2c748bd,valid,valid,true,valid,
business_duplicate_candidate,3f21b30cc78f3c1aed59cf6ef33b024ca389f506fcb5c9c604b2bf19a2c748bd,2,1,within_file,amount_raw,be685206e43fc187b0e74b8cd8f9736470e7e3309ce22d84dda43c5b316eb440,Over++_25K++Mar+2025-Rev.csv,2025-03,999,2026-09-23T00:00:00+00:00,real_public_defra,false,,DE,AHDB,21/03/2025,,International Trade Development,Sopexa Japan,555-2025-010,"£52,123.26",Exports,150-0013,,,136052,,NULL,2025-03-21,52123.26,GBP,c5ec6f09bc1caa3d2e36e50fe171b1469e5a46c269e958a116298c4a07a208fe,3f21b30cc78f3c1aed59cf6ef33b024ca389f506fcb5c9c604b2bf19a2c748bd,valid,valid,true,valid,
business_duplicate_candidate,41feb25908e771217a8647026c7e00e785a6ccfd49092f493e8ee8b1f7e4321c,2,1,within_file,expense_type|amount_raw,dd769521b11d64db80ab169af20c75b0d68d92446808d83a90003527e405416c,Over__25K_Transparency_July.csv,2025-07,533,2026-09-23T00:00:00+00:00,real_public_defra,false,,DE,NATURAL ENGLAND,01-Jul-25,EXP - CURRENT GRANTS TO LOCAL GOVERNMENT,CPWN NATIONAL TEAM,OXFORDSHIRE COUNTY COUNCIL,1010134654,"£162,968.00",Grant,OX29 4TL,SUPPLIER,C19816/v-02457,NE160560,Expense,GB195 4786 09,2025-07-01,162968.00,GBP,da4bc7f2d163e7a26310c48bf0cd8a893481244170bcc00532c49c59514e4a32,41feb25908e771217a8647026c7e00e785a6ccfd49092f493e8ee8b1f7e4321c,valid,valid,true,valid,
business_duplicate_candidate,41feb25908e771217a8647026c7e00e785a6ccfd49092f493e8ee8b1f7e4321c,2,1,within_file,expense_type|amount_raw,003ee3fdcb4c4c5995521281210c3d137339c8fe015065c352ca500da9781704,Over__25K_Transparency_July.csv,2025-07,534,2026-09-23T00:00:00+00:00,real_public_defra,false,,DE,NATURAL ENGLAND,01-Jul-25,EXP - CAPITAL GRANTS TO LOCAL GOVERNMENT,CPWN NATIONAL TEAM,OXFORDSHIRE COUNTY COUNCIL,1010134654,"£30,963.00",Grant,OX29 4TL,SUPPLIER,C19816/v-02457,NE160560,Expense,GB195 4786 09,2025-07-01,30963.00,GBP,b51fabaeecd052a97dcdd389bde5d3e5f20d1339b38bdfe36fb949139da62ecc,41feb25908e771217a8647026c7e00e785a6ccfd49092f493e8ee8b1f7e4321c,valid,valid,true,valid,
business_duplicate_candidate,4758ad504f30c778329434fd4d7d3103ef0a69edd42339cbcab5b483754fb9aa,2,1,within_file,expense_area,f87a139dca08d05c65a45860565e3988dd0699f6db5e6a1f1d84f0ef35ef83d3,Defra__25k_May_25.csv,2025-05,534,2026-09-23T00:00:00+00:00,real_public_defra,false,,DEFRA,EA,13/05/2025,Exp - Purchase Of Goods/Services - Consultancy,EA FCRM Dir-MPPD-PCM-NW,AECOM LTD,1001610478,146496.62,FEES AND COMMISSIONS,E1 8FA,SUPPLIER,,,Expense,611853162,2025-05-13,146496.62,GBP,4c4694d2f3b2d2bc836719433e330f22af473fc9e498570ae19f4e3da1c21a86,4758ad504f30c778329434fd4d7d3103ef0a69edd42339cbcab5b483754fb9aa,valid,valid,true,valid,
business_duplicate_candidate,4758ad504f30c778329434fd4d7d3103ef0a69edd42339cbcab5b483754fb9aa,2,1,within_file,expense_area,ea18f5f1f4c257dd4de58d2b7dcae19e8eba728caea594a105d9d4d2294bd057,Defra__25k_May_25.csv,2025-05,535,2026-09-23T00:00:00+00:00,real_public_defra,false,,DEFRA,EA,13/05/2025,Exp - Purchase Of Goods/Services - Consultancy,EA FCRM Dir-MPPD-PCM-SE,AECOM LTD,1001610478,146496.62,FEES AND COMMISSIONS,E1 8FA,SUPPLIER,,,Expense,611853162,2025-05-13,146496.62,GBP,227d4a228be7bd488f9e6a48eea9e1b15b624f3ac27186f65fef75b9553e9692,4758ad504f30c778329434fd4d7d3103ef0a69edd42339cbcab5b483754fb9aa,valid,valid,true,valid,
business_duplicate_candidate,481574862c29a6786d48d2bb440061bb712a956279d8529414a930490439db06,4,3,within_file,amount_raw|contract_number,ba2f86d70be13df86f270c789319f9d0e9bd2e718dba85e3e26dff50e71445b7,Over__25K_Transparency_Jan_26.csv,2026-01,175,2026-09-23T00:00:00+00:00,real_public_defra,false,,DE,NATURAL ENGLAND,27/01/2026,EXP - PURCHASE OF GOODS/SERVICES - RESEARCH & DEVELOPMENT - OTHER OUTSOURCED,"SGA LANDSCAPE, PEAT & SPECIES",ICF CONSULTING SERVICES LTD,1010145156,"£83,509.50",Research-Research-Research programs (capital R&D outsourced),EC2R 8HP,SUPPLIER,C22928 S2580,00000000,Expense,927 4872 86,2026-01-27,83509.50,GBP,aba45ca4ab394f6854632d93ef277293238d2cf4d7eede4ab1e17c057a6ce636,481574862c29a6786d48d2bb440061bb712a956279d8529414a930490439db06,valid,valid,true,valid,
business_duplicate_candidate,481574862c29a6786d48d2bb440061bb712a956279d8529414a930490439db06,4,3,within_file,amount_raw|contract_number,fcc3cde8e5b6a9a261284719ed061faa24be4af08317328a463c930e17cc457a,Over__25K_Transparency_Jan_26.csv,2026-01,176,2026-09-23T00:00:00+00:00,real_public_defra,false,,DE,NATURAL ENGLAND,27/01/2026,EXP - PURCHASE OF GOODS/SERVICES - RESEARCH & DEVELOPMENT - OTHER OUTSOURCED,"SGA LANDSCAPE, PEAT & SPECIES",ICF CONSULTING SERVICES LTD,1010145156,"£82,113.14",Research-Research-Research programs (capital R&D outsourced),EC2R 8HP,SUPPLIER,C22928 S-2630,00000000,Expense,927 4872 86,2026-01-27,82113.14,GBP,089fa8bbfdd72b4a4366c4e1c4eae2a387ce093e9e9b01afc1df80ebb4a323b2,481574862c29a6786d48d2bb440061bb712a956279d8529414a930490439db06,valid,valid,true,valid,
business_duplicate_candidate,481574862c29a6786d48d2bb440061bb712a956279d8529414a930490439db06,4,3,within_file,amount_raw|contract_number,6650f0c26a8e7d903d34d8c981c465ed83d8de2a15cf981f645a5cf99b8ab7e8,Over__25K_Transparency_Jan_26.csv,2026-01,177,2026-09-23T00:00:00+00:00,real_public_defra,false,,DE,NATURAL ENGLAND,27/01/2026,EXP - PURCHASE OF GOODS/SERVICES - RESEARCH & DEVELOPMENT - OTHER OUTSOURCED,"SGA LANDSCAPE, PEAT & SPECIES",ICF CONSULTING SERVICES LTD,1010145156,"£57,618.47",Research-Research-Research programs (capital R&D outsourced),EC2R 8HP,SUPPLIER,S2632,00000000,Expense,927 4872 86,2026-01-27,57618.47,GBP,32e65ad06bb70a22740478ed5e505e820e73d98e0bb3d7651eacf69b07e1d833,481574862c29a6786d48d2bb440061bb712a956279d8529414a930490439db06,valid,valid,true,valid,
business_duplicate_candidate,481574862c29a6786d48d2bb440061bb712a956279d8529414a930490439db06,4,3,within_file,amount_raw|contract_number,35435e179824ce192210fe1a209922cb4f3b8d77aa4d0e04715f0c507a387838,Over__25K_Transparency_Jan_26.csv,2026-01,178,2026-09-23T00:00:00+00:00,real_public_defra,false,,DE,NATURAL ENGLAND,27/01/2026,EXP - PURCHASE OF GOODS/SERVICES - RESEARCH & DEVELOPMENT - OTHER OUTSOURCED,"SGA LANDSCAPE, PEAT & SPECIES",ICF CONSULTING SERVICES LTD,1010145156,"£52,551.19",Research-Research-Research programs (capital R&D outsourced),EC2R 8HP,SUPPLIER,C22928 S2581,00000000,Expense,927 4872 86,2026-01-27,52551.19,GBP,aa552f281f6ff890fcf582a50e56e6b2a9f23475490ae9993c8cbc247c8d5197,481574862c29a6786d48d2bb440061bb712a956279d8529414a930490439db06,valid,valid,true,valid,
business_duplicate_candidate,48eaeb1ca5e9ac442e4f1ecb64ff8d574bcd1fa7d25abcae3165e2f531f09be6,3,2,within_file,expense_type|po_category_description|project_code|expenditure_type,5eedc82f278063533b7433843768c9e67e762d0c373839871d93fadd7c011e54,Defra__25k_May_25.csv,2025-05,784,2026-09-23T00:00:00+00:00,real_public_defra,false,,DEFRA,EA,22/05/2025,PPE - POA & AUC (OWNED) - COST - O/BAL,EA Ops-YOR-Mgt,OVE ARUP & PARTNERS LTD,1001612719,146680.83,TANGIBLE NBV,NE1 3PL,SUPPLIER,,ENV0005881C,Asset,GB524461265,2025-05-22,146680.83,GBP,b2b29a638837255e720dd0de73596644be5ae828692d32362402635d8f3cea5e,48eaeb1ca5e9ac442e4f1ecb64ff8d574bcd1fa7d25abcae3165e2f531f09be6,valid,valid,true,valid,
business_duplicate_candidate,48eaeb1ca5e9ac442e4f1ecb64ff8d574bcd1fa7d25abcae3165e2f531f09be6,3,2,within_file,expense_type|po_category_description|project_code|expenditure_type,d7c9108bea9d2633f07b3c73384d76620ca8189aadc6c037107b9d2b9672bcf0,Defra__25k_May_25.csv,2025-05,785,2026-09-23T00:00:00+00:00,real_public_defra,false,,DEFRA,EA,22/05/2025,EXP EU CAPITAL GRANTS TO PTE SECTOR - PERS & NON PROFIT INSTIT'NS SERVING H'HOLD - CWEIY,EA Ops-YOR-Mgt,OVE ARUP & PARTNERS LTD,1001612719,146680.83,GRANTS,NE1 3PL,SUPPLIER,,ENV0003357C,Expense,GB524461265,2025-05-22,146680.83,GBP,624a7cb741cbfd1d35d4f62896fa209f327c9d82af89a95cd12dde612e0377aa,48eaeb1ca5e9ac442e4f1ecb64ff8d574bcd1fa7d25abcae3165e2f531f09be6,valid,valid,true,valid,
business_duplicate_candidate,48eaeb1ca5e9ac442e4f1ecb64ff8d574bcd1fa7d25abcae3165e2f531f09be6,3,2,within_file,expense_type|po_category_description|project_code|expenditure_type,78403d3e6700fd18b84cc72754fee0a4dcff647441e4b37dd398fafc90f3760d,Defra__25k_May_25.csv,2025-05,786,2026-09-23T00:00:00+00:00,real_public_defra,false,,DEFRA,EA,22/05/2025,EXP EU CAPITAL GRANTS TO PTE SECTOR - PERS & NON PROFIT INSTIT'NS SERVING H'HOLD - CWEIY,EA Ops-YOR-Mgt,OVE ARUP & PARTNERS LTD,1001612719,146680.83,GRANTS,NE1 3PL,SUPPLIER,,ENV0003357C,Expense,GB524461265,2025-05-22,146680.83,GBP,624a7cb741cbfd1d35d4f62896fa209f327c9d82af89a95cd12dde612e0377aa,48eaeb1ca5e9ac442e4f1ecb64ff8d574bcd1fa7d25abcae3165e2f531f09be6,valid,valid,true,valid,
business_duplicate_candidate,49e722602ac9f4a90c2edf396f49a69218b26b10328210c1abc43d89c474dc39,2,1,within_file,amount_raw,134db849358fc8d4ae3de4ce7028a149c02db7d224bcaebbf3c5bd7759a0112b,August_Over__25K_Transparency.csv,2025-08,2,2026-09-23T00:00:00+00:00,real_public_defra,false,,DE,AHDB,01/08/2025,Invoice,Research,Agricarbon UK Limited,INV-0562,"£76,566.37",Environment,DD2 5NQ,,,136229,,GB 317 080 524,2025-08-01,76566.37,GBP,baa0f28d61caf32e3c616beb8352ce8f6fb9cccd6cad63f7021bf69a06ce7f46,49e722602ac9f4a90c2edf396f49a69218b26b10328210c1abc43d89c474dc39,valid,valid,true,valid,
business_duplicate_candidate,49e722602ac9f4a90c2edf396f49a69218b26b10328210c1abc43d89c474dc39,2,1,within_file,amount_raw,3697c41bb36f6f37536b89612f3d94a29e16187df1f022d735ef2e9c3aa4b8f6,August_Over__25K_Transparency.csv,2025-08,3,2026-09-23T00:00:00+00:00,real_public_defra,false,,DE,AHDB,01/08/2025,Invoice,Research,Agricarbon UK Limited,INV-0562,"£55,828.63",Environment,DD2 5NQ,,,136229,,GB 317 080 524,2025-08-01,55828.63,GBP,00ff17a5f915f556395d2c8d4a7a04843edfe139924bd291da0ce05b00cabd70,49e722602ac9f4a90c2edf396f49a69218b26b10328210c1abc43d89c474dc39,valid,valid,true,valid,
business_duplicate_candidate,4b5e7f8bc6dd70afbb66bedaced56f7d1aa6562ab1b1e6aab684711571e6883a,2,1,within_file,transaction_date_raw|amount_raw,e5acf2f99f2238d33c051f4e97a5dc908d89f75c1d304435f37225c7328699ee,Over_25K_Transparency_report_April_25.csv,2025-04,620,2026-09-23T00:00:00+00:00,real_public_defra,false,,DE,NATURAL ENGLAND,14/04/2025,IA - POA & AUC - COST - ADDITIONS,"SGA LANDSCAPE, PEAT & SPECIES",DEFRA,10070042027,"£35,413.20",Research-Research-Research programs (capital R&D outsourced),YO1 7PX,SUPPLIER,DFP,NE163925,Asset,888800181,2025-04-14,35413.20,GBP,f83a4c6eb32445703891391f01e7e0a02d7c0858010a8e7e4414e8a9c8822e0a,4b5e7f8bc6dd70afbb66bedaced56f7d1aa6562ab1b1e6aab684711571e6883a,valid,valid,true,valid,
business_duplicate_candidate,4b5e7f8bc6dd70afbb66bedaced56f7d1aa6562ab1b1e6aab684711571e6883a,2,1,within_file,transaction_date_raw|amount_raw,ed0af8b2027bb8ccebb42f72590bbb687ef46bd0ef29fd39286a639f793337e0,Over_25K_Transparency_report_April_25.csv,2025-04,653,2026-09-23T00:00:00+00:00,real_public_defra,false,,DE,NATURAL ENGLAND,02/04/2025,IA - POA & AUC - COST - ADDITIONS,"SGA LANDSCAPE, PEAT & SPECIES",DEFRA,10070042027,"£34,037.52",Research-Research-Research programs (capital R&D outsourced),YO1 7PX,SUPPLIER,DFP,NE163925,Asset,888800181,2025-04-02,34037.52,GBP,14a98eaf36f5548fde390861f13272c47f4fa92c95c19a8ea56f5c011768f27f,4b5e7f8bc6dd70afbb66bedaced56f7d1aa6562ab1b1e6aab684711571e6883a,valid,valid,true,valid,
business_duplicate_candidate,4d5f06c19f5ccfb576872dfa738880ac22f6d0efb4a4a2ef46bee8e6fb30c73e,3,2,within_file,expense_area|amount_raw|project_code,814a3a97c2ef1b1b2282c2731655d1a63c1852f307fb0a7327c477a2306c8f38,Defra_Over__25K_October_2025.csv,2025-10,421,2026-09-23T00:00:00+00:00,real_public_defra,false,,DEFRA,Cefas,09/10/2025,Software (including licences),Corporate,Phoenix Software Ltd,20213326,31627.2,IT & Digital Services,YO421NS,STANSME,4301,50605,Cloud Hosting & Storage Services,GB 755 3464 38,2025-10-09,31627.2,GBP,20bb9e8c8b766c1bebfcf5bb13435dbec97bd3aa7308785d978838a52b8e59b4,4d5f06c19f5ccfb576872dfa738880ac22f6d0efb4a4a2ef46bee8e6fb30c73e,valid,valid,true,valid,
business_duplicate_candidate,4d5f06c19f5ccfb576872dfa738880ac22f6d0efb4a4a2ef46bee8e6fb30c73e,3,2,within_file,expense_area|amount_raw|project_code,2749e6eafa184655d2a95dd2fccb48d3913c95c3951f10976b67522039857eec,Defra_Over__25K_October_2025.csv,2025-10,422,2026-09-23T00:00:00+00:00,real_public_defra,false,,DEFRA,Cefas,09/10/2025,Software (including licences),Corporate,Phoenix Software Ltd,20213326,31200.56,IT & Digital Services,YO421NS,STANSME,4301,50603,Cloud Hosting & Storage Services,GB 755 3464 38,2025-10-09,31200.56,GBP,1d1a6603f5c5c9346d12382fa4687404ce81de45215a6c82664cef96ebb42518,4d5f06c19f5ccfb576872dfa738880ac22f6d0efb4a4a2ef46bee8e6fb30c73e,valid,valid,true,valid,
business_duplicate_candidate,4d5f06c19f5ccfb576872dfa738880ac22f6d0efb4a4a2ef46bee8e6fb30c73e,3,2,within_file,expense_area|amount_raw|project_code,d90e33f424ccde7cb608d72037a7972c24b6754ff97dd1589655a663588f57d6,Defra_Over__25K_October_2025.csv,2025-10,423,2026-09-23T00:00:00+00:00,real_public_defra,false,,DEFRA,Cefas,09/10/2025,Software (including licences),Strategy and Delivery,Phoenix Software Ltd,20213326,29485,IT & Digital Services,YO421NS,STANSME,4301,C8168,Cloud Hosting & Storage Services,GB 755 3464 38,2025-10-09,29485,GBP,295639d2f253b2e1b43e43aa690c1c8b7af75a0f56c17a70585c403afca844f7,4d5f06c19f5ccfb576872dfa738880ac22f6d0efb4a4a2ef46bee8e6fb30c73e,valid,valid,true,valid,
business_duplicate_candidate,4d713fe9c18cf0ee8de55df88d672f004c9b1cf6a5c21121c1618be0982d4a09,2,1,within_file,expense_type|expense_area|amount_raw|po_category_description|project_code,afdca891a16141d995b439d4bbfa90096471e99f238c974224b302bf4a52953e,September_Over__25K_Transparency.csv,2025-09,142,2026-09-23T00:00:00+00:00,real_public_defra,false,,DE,NATURAL ENGLAND,09/09/2025,EXP - PURCHASE OF GOODS/SERVICES - END USER SOFTWARE AND HARDWARE,SCIENCE AND EVIDENCE PROJECTS,DEFRA,2010000979,"£88,395.07",ICT-ICT Services-Data Software licences,YO1 7PX,SUPPLIER,DFP,NE162728,Expense,888800181.,2025-09-09,88395.07,GBP,2c99eedbeb87d8bf81fe8a60067d2250607ad0b8b2368ba5d18bfda0da8dbbd4,4d713fe9c18cf0ee8de55df88d672f004c9b1cf6a5c21121c1618be0982d4a09,valid,valid,true,valid,
business_duplicate_candidate,4d713fe9c18cf0ee8de55df88d672f004c9b1cf6a5c21121c1618be0982d4a09,2,1,within_file,expense_type|expense_area|amount_raw|po_category_description|project_code,e6795a9089d876d470374005d0ef1b8f2712eabae5fc96ca23bceb4eb704e0af,September_Over__25K_Transparency.csv,2025-09,143,2026-09-23T00:00:00+00:00,real_public_defra,false,,DE,NATURAL ENGLAND,09/09/2025,EXP - PURCHASE OF GOODS/SERVICES - OTHER PROFESSIONAL SERVICES,FINANCE CONTROL,DEFRA,2010000979,"£29,782.80",Professional Services Other-Financial-Pension funds,YO1 7PX,SUPPLIER,DFP,00000000,Expense,888800181.,2025-09-09,29782.80,GBP,943c202d9747d5333d4e114dc80a0a6d4c850f63cede0c3d912434c965c52bd1,4d713fe9c18cf0ee8de55df88d672f004c9b1cf6a5c21121c1618be0982d4a09,valid,valid,true,valid,
business_duplicate_candidate,503f705ed51387776b4ca762c9510ef9aae185b5618516380b366007877f5de4,2,1,cross_file,transaction_date_raw|expense_type|expense_area|amount_raw|supplier_postcode|supplier_type|expenditure_type|vat_registration_number,e9ddc4b568e867df34fdda9c887d8afa693d276340dbc74fd7199cf7233c5a80,Over++_25K++Mar+2025-Rev.csv,2025-03,1026,2026-09-23T00:00:00+00:00,real_public_defra,false,,DE,KEW,19/03/2025,Utilities,Estates,Max Communication Ltd,7130848,"£214,328.96",Digitisation,PL3 5RG,UK Supplier,,11647,Electricity - Grid,,2025-03-19,214328.96,GBP,6dec53b69f70f0127e5135398a22ec4a57577db43452f29156270d1095d9317a,503f705ed51387776b4ca762c9510ef9aae185b5618516380b366007877f5de4,valid,valid,true,valid,
business_duplicate_candidate,503f705ed51387776b4ca762c9510ef9aae185b5618516380b366007877f5de4,2,1,cross_file,transaction_date_raw|expense_type|expense_area|amount_raw|supplier_postcode|supplier_type|expenditure_type|vat_registration_number,9f2e700d85639ee740027f2f87875a140db03999cc75cf2f567fa21c39778c5d,Over_25K_Transparency_report_April_25.csv,2025-04,277,2026-09-23T00:00:00+00:00,real_public_defra,false,,DE,KEW,09/04/2025,Consumables & Materials,P1: Ecosystem Stewardship,Max Communication Ltd,7130848,"£27,000.00",Digitisation,CM22 6TA,EU Supplier,,11647,Lab chemicals & materials,GB100121900,2025-04-09,27000.00,GBP,0c42912d3423c8a025ea2765ae926151af8124aa4ab441f5c1ec23235048c8fb,503f705ed51387776b4ca762c9510ef9aae185b5618516380b366007877f5de4,valid,valid,true,valid,
business_duplicate_candidate,543f3d7a8986d885a37d0c8ecc91704625226732fbe1671db99a30d6a2e59296,2,1,within_file,amount_raw,9b0747326fed127df04e31cdba598ad23b1b1584e965bdd12639b4b1d10d17f3,Over++_25K++Mar+2025-Rev.csv,2025-03,1123,2026-09-23T00:00:00+00:00,real_public_defra,false,,DE,NATURAL ENGLAND,13/03/2025,PPE - POA & AUC (OWNED) - COST - ADDITIONS - BUILDINGS,NNR SERVICES TEAM,DEFRA,2010000862,114556.12,Design and Build,YO1 7PX,SUPPLIER,Exemption Code: IGS,00000000,Asset,888800181,2025-03-13,114556.12,GBP,0a2e1b53cea10af4ec5a8a8d7bc351cd54fd7b7f07dc1c80ae8e0918d5e0c068,543f3d7a8986d885a37d0c8ecc91704625226732fbe1671db99a30d6a2e59296,valid,valid,true,valid,
business_duplicate_candidate,543f3d7a8986d885a37d0c8ecc91704625226732fbe1671db99a30d6a2e59296,2,1,within_file,amount_raw,5f748364145064ff9ed2276ce8ead33e28a78cbf14c3199e2d51b3245ec8d2d0,Over++_25K++Mar+2025-Rev.csv,2025-03,1127,2026-09-23T00:00:00+00:00,real_public_defra,false,,DE,NATURAL ENGLAND,13/03/2025,PPE - POA & AUC (OWNED) - COST - ADDITIONS - BUILDINGS,NNR SERVICES TEAM,DEFRA,2010000862,44052.55,Design and Build,YO1 7PX,SUPPLIER,Exemption Code: IGS,00000000,Asset,888800181,2025-03-13,44052.55,GBP,314a69949dbbe540cf445a397d78bd02a25ddc53df22b006ce6bae8265d446d5,543f3d7a8986d885a37d0c8ecc91704625226732fbe1671db99a30d6a2e59296,valid,valid,true,valid,
business_duplicate_candidate,573974c059eec893f21ac2b47d969d9c04f7bb6bfef0d38cb4465b85535f1c3f,3,2,within_file,expense_area|project_code,ae3d48d3638e51dd7a09ec8352ac30e850c4f7a9267eec9666647878eeace8a4,Defra__25k_May_25.csv,2025-05,840,2026-09-23T00:00:00+00:00,real_public_defra,false,,DEFRA,EA,27/05/2025,Exp - Purchase Of Goods/Services - Contractors,EA Ops-LNA-FCRM-Mgt,FUGRO GB LTD,1001613389,33361.01,FEES AND COMMISSIONS,OX10 9RB,SUPPLIER,,ENVIMAN002290R,Expense,GB579345984,2025-05-27,33361.01,GBP,1de0fd2f5f0a467106031fc4087b51dd5e10dc7166f7f2818ada8551739a4a45,573974c059eec893f21ac2b47d969d9c04f7bb6bfef0d38cb4465b85535f1c3f,valid,valid,true,valid,
business_duplicate_candidate,573974c059eec893f21ac2b47d969d9c04f7bb6bfef0d38cb4465b85535f1c3f,3,2,within_file,expense_area|project_code,dae37fed7a11daa73000182c187547195bfbb2116567f4661a24911b9a070615,Defra__25k_May_25.csv,2025-05,841,2026-09-23T00:00:00+00:00,real_public_defra,false,,DEFRA,EA,27/05/2025,Exp - Purchase Of Goods/Services - Contractors,EA Ops-EAN-FCRM West-Mgt,FUGRO GB LTD,1001613389,33361.01,FEES AND COMMISSIONS,OX10 9RB,SUPPLIER,,ENVIMAN002773R,Expense,GB579345984,2025-05-27,33361.01,GBP,8416bf9ae5060da00db1c488e3b063a7d9d70c21971c0f9eaf13a70bc84f286c,573974c059eec893f21ac2b47d969d9c04f7bb6bfef0d38cb4465b85535f1c3f,valid,valid,true,valid,
business_duplicate_candidate,573974c059eec893f21ac2b47d969d9c04f7bb6bfef0d38cb4465b85535f1c3f,3,2,within_file,expense_area|project_code,573f8766dbcfdf7eeb4870ff9a608293317b6e60372898a3ea48cab639d27bf7,Defra__25k_May_25.csv,2025-05,842,2026-09-23T00:00:00+00:00,real_public_defra,false,,DEFRA,EA,27/05/2025,Exp - Purchase Of Goods/Services - Contractors,EA Ops-EAN-FCRM East-Mgt,FUGRO GB LTD,1001613389,33361.01,FEES AND COMMISSIONS,OX10 9RB,SUPPLIER,,ENVIMAN002774R,Expense,GB579345984,2025-05-27,33361.01,GBP,d156defbf8a43bf321d0fd3f38f41baecb65ba144b05cec2b5f2a5c543cd9fff,573974c059eec893f21ac2b47d969d9c04f7bb6bfef0d38cb4465b85535f1c3f,valid,valid,true,valid,
business_duplicate_candidate,585a18e44b77b3ef98a0b36a0bb965bae5d07ac8e544b2f4b6da5b19f3b818f3,2,1,within_file,transaction_date_raw|amount_raw,4204ebe10f37a43397a8bb25e465b4a6641e66a46459002901c146fba98097d0,Over_25K_Transparency_report_April_25.csv,2025-04,537,2026-09-23T00:00:00+00:00,real_public_defra,false,,DE,NATURAL ENGLAND,08/04/2025,EXP - CAPITAL GRANTS TO PRIVATE SECTOR - COMPANIES,PROTECTED SITES & NATURE BASED SOLUTIONS NATIONAL TEAM,DORSET WILDLIFE TRUST,10070043280,"£60,713.60",Grant-Classic - Capital Grant-Private Corporation,DT2 7AA,CUSTOMER,GIA,00000000,Expense,GB785712496,2025-04-08,60713.60,GBP,52fb6567c82870187cd2ca451a2c02463705f9c2c2f906e4e6b4be092bc67c83,585a18e44b77b3ef98a0b36a0bb965bae5d07ac8e544b2f4b6da5b19f3b818f3,valid,valid,true,valid,
business_duplicate_candidate,585a18e44b77b3ef98a0b36a0bb965bae5d07ac8e544b2f4b6da5b19f3b818f3,2,1,within_file,transaction_date_raw|amount_raw,ef9f041608d7b869b5fef16529595ba4f85e21042ffdcef6d9933e9036b31908,Over_25K_Transparency_report_April_25.csv,2025-04,589,2026-09-23T00:00:00+00:00,real_public_defra,false,,DE,NATURAL ENGLAND,03/04/2025,EXP - CAPITAL GRANTS TO PRIVATE SECTOR - COMPANIES,PROTECTED SITES & NATURE BASED SOLUTIONS NATIONAL TEAM,DORSET WILDLIFE TRUST,10070043280,"£36,240.00",Grant-Classic - Capital Grant-Private Corporation,DT2 7AA,CUSTOMER,GIA,00000000,Expense,GB785712496,2025-04-03,36240.00,GBP,beb9d9d0d34aa218e4d4aca29c31767511db7ebb32610d47b1c4bf9e8cb51cac,585a18e44b77b3ef98a0b36a0bb965bae5d07ac8e544b2f4b6da5b19f3b818f3,valid,valid,true,valid,
business_duplicate_candidate,59b35935cfbbd92543a9fa2ec9d1afc4d3ba68aefbdd892af08ac6b5a6213802,2,1,cross_file,transaction_date_raw|amount_raw|contract_number,b9533b6481df3a604e238a1e8d7b645ead3ece21b8241eafa2b5132ba608687a,August_Over__25K_Transparency.csv,2025-08,284,2026-09-23T00:00:00+00:00,real_public_defra,false,,DE,DEFRA,19/08/2025,EXP - PURCHASE OF GOODS/SERVICES - RESEARCH & DEVELOPMENT - OTHER OUTSOURCED,OFFICE OF THE DIRECTOR OF ANALYSIS,VERIAN GROUP UK LTD.,1003268347,"-£80,495.78",CAPITAL R&D,W5 1UA,SUPPLIER,,,Expense,GB3945 63949,2025-08-19,-80495.78,GBP,04a3bdcf666e011f56e83e43e836fd13386dd63e8166abbb20506d42acbc731a,59b35935cfbbd92543a9fa2ec9d1afc4d3ba68aefbdd892af08ac6b5a6213802,valid,valid,true,warning,amount_non_positive_review
business_duplicate_candidate,59b35935cfbbd92543a9fa2ec9d1afc4d3ba68aefbdd892af08ac6b5a6213802,2,1,cross_file,transaction_date_raw|amount_raw|contract_number,4451e74bda930c0edc2ba0b226b602699cbfbd4b26dff4f5906a603f65958f70,Over_25K_Transparency_report_April_25.csv,2025-04,462,2026-09-23T00:00:00+00:00,real_public_defra,false,,DE,DEFRA,30/04/2025,EXP - PURCHASE OF GOODS/SERVICES - RESEARCH & DEVELOPMENT - OTHER OUTSOURCED,OFFICE OF THE DIRECTOR OF ANALYSIS,VERIAN GROUP UK LTD.,1003268347,"£80,495.78",CAPITAL R&D,W5 1UA,SUPPLIER,C13252,,Expense,GB3945 63949,2025-04-30,80495.78,GBP,2c772abbeac36363995857c2da814874eba7767650422caadff0f935cb1d1c21,59b35935cfbbd92543a9fa2ec9d1afc4d3ba68aefbdd892af08ac6b5a6213802,valid,valid,true,valid,
business_duplicate_candidate,5bc703bb45cc52176ecfcf664a5b36c5a7ee58d235cb84b6ed499ccfd238f6f0,4,3,within_file,expense_type|expense_area|po_category_description|project_code|expenditure_type,54fd48df286493f72692ddb2b3fce043031bdd9dcf552babd559a91c5e47b1b0,Defra__25k_May_25.csv,2025-05,743,2026-09-23T00:00:00+00:00,real_public_defra,false,,DEFRA,EA,20/05/2025,EXP EU CAPITAL GRANTS TO PTE SECTOR - PERS & NON PROFIT INSTIT'NS SERVING H'HOLD - CWEIY,EA Ops-THM-Mgt,BAM NUTTALL LTD,1001612174,280726.43,GRANTS,GU15 3XW,CIS SUPPLIER,,ENV0004168C,Expense,GB340316204,2025-05-20,280726.43,GBP,db1fcda3c47a9f8335745598492267a3096e8febdf21000b66c99a28dc3e6347,5bc703bb45cc52176ecfcf664a5b36c5a7ee58d235cb84b6ed499ccfd238f6f0,valid,valid,true,valid,
business_duplicate_candidate,5bc703bb45cc52176ecfcf664a5b36c5a7ee58d235cb84b6ed499ccfd238f6f0,4,3,within_file,expense_type|expense_area|po_category_description|project_code|expenditure_type,18977dab24403454c6bd2d2681d5768a3a55712bf86324043008c4401ef8f597,Defra__25k_May_25.csv,2025-05,744,2026-09-23T00:00:00+00:00,real_public_defra,false,,DEFRA,EA,20/05/2025,PPE - POA & AUC (OWNED) - COST - O/BAL,EA Ops-YOR-Mgt,BAM NUTTALL LTD,1001612174,280726.43,TANGIBLE NBV,GU15 3XW,CIS SUPPLIER,,ENV0003382C,Asset,GB340316204,2025-05-20,280726.43,GBP,aa16f564946394fa8239b2cacdffc959730258bcbbd64d742cf9888567bf0eed,5bc703bb45cc52176ecfcf664a5b36c5a7ee58d235cb84b6ed499ccfd238f6f0,valid,valid,true,valid,
business_duplicate_candidate,5bc703bb45cc52176ecfcf664a5b36c5a7ee58d235cb84b6ed499ccfd238f6f0,4,3,within_file,expense_type|expense_area|po_category_description|project_code|expenditure_type,dd3546766b8b1ba94c671e876496aae2d6eee01feb802e81115ec8ace5406cd4,Defra__25k_May_25.csv,2025-05,745,2026-09-23T00:00:00+00:00,real_public_defra,false,,DEFRA,EA,20/05/2025,PPE - POA & AUC (OWNED) - COST - O/BAL,EA Ops-EAN-Mgt,BAM NUTTALL LTD,1001612174,280726.43,TANGIBLE NBV,GU15 3XW,CIS SUPPLIER,,ENV0004742C,Asset,GB340316204,2025-05-20,280726.43,GBP,bc88a4776b746fe08b50434e28cc40f99a97570fff794cf9868774ce9accb754,5bc703bb45cc52176ecfcf664a5b36c5a7ee58d235cb84b6ed499ccfd238f6f0,valid,valid,true,valid,
business_duplicate_candidate,5bc703bb45cc52176ecfcf664a5b36c5a7ee58d235cb84b6ed499ccfd238f6f0,4,3,within_file,expense_type|expense_area|po_category_description|project_code|expenditure_type,5814d42462e49e1560ab3f0bb7c18ce61168c5351d6cb44e6959ac22b01daa5f,Defra__25k_May_25.csv,2025-05,746,2026-09-23T00:00:00+00:00,real_public_defra,false,,DEFRA,EA,20/05/2025,PPE - POA & AUC (OWNED) - COST - O/BAL,EA Ops-HNL-Mgt,BAM NUTTALL LTD,1001612174,280726.43,TANGIBLE NBV,GU15 3XW,CIS SUPPLIER,,ENV0004744C,Asset,GB340316204,2025-05-20,280726.43,GBP,4886c62fef52a341782f049b65e8206fcc9d8703df2aee3ccd2bae05a12bb0f6,5bc703bb45cc52176ecfcf664a5b36c5a7ee58d235cb84b6ed499ccfd238f6f0,valid,valid,true,valid,
business_duplicate_candidate,5bfa807bd4bb47be4839e030cd8b0323d53c2dea9560933fc092a1aecf5d3f60,4,3,within_file,expense_type|po_category_description|expenditure_type,5ebf5e7a7ae2f804af67d692c436b6e20efae91381e560eee275a9de79baccf4,Defra__25k_May_25.csv,2025-05,606,2026-09-23T00:00:00+00:00,real_public_defra,false,,DEFRA,EA,15/05/2025,PPE - POA & AUC (OWNED) - COST - O/BAL,EA Ops-YOR-Mgt,BAM NUTTALL LTD,1001611155,74995.52,TANGIBLE NBV,GU15 3XW,CIS SUPPLIER,,ENV0002212C,Asset,GB340316204,2025-05-15,74995.52,GBP,86430ebf1050a54ab8f1630d20f83e68064626453107326625c04fc67bffe487,5bfa807bd4bb47be4839e030cd8b0323d53c2dea9560933fc092a1aecf5d3f60,valid,valid,true,valid,
business_duplicate_candidate,5bfa807bd4bb47be4839e030cd8b0323d53c2dea9560933fc092a1aecf5d3f60,4,3,within_file,expense_type|po_category_description|expenditure_type,10646613205d35f7b30453b716e64b71ba4834fae5871f5a3f7f30cfa97c8728,Defra__25k_May_25.csv,2025-05,607,2026-09-23T00:00:00+00:00,real_public_defra,false,,DEFRA,EA,15/05/2025,PPE - POA & AUC (OWNED) - COST - O/BAL,EA Ops-YOR-Mgt,BAM NUTTALL LTD,1001611155,74995.52,TANGIBLE NBV,GU15 3XW,CIS SUPPLIER,,ENV0002212C,Asset,GB340316204,2025-05-15,74995.52,GBP,86430ebf1050a54ab8f1630d20f83e68064626453107326625c04fc67bffe487,5bfa807bd4bb47be4839e030cd8b0323d53c2dea9560933fc092a1aecf5d3f60,valid,valid,true,valid,
business_duplicate_candidate,5bfa807bd4bb47be4839e030cd8b0323d53c2dea9560933fc092a1aecf5d3f60,4,3,within_file,expense_type|po_category_description|expenditure_type,7e87400b8527fe9e367beb814549ca899306414c8f1e9ad414b9ee7a5fcb2a87,Defra__25k_May_25.csv,2025-05,608,2026-09-23T00:00:00+00:00,real_public_defra,false,,DEFRA,EA,15/05/2025,EXP EU CAPITAL GRANTS TO PTE SECTOR - PERS & NON PROFIT INSTIT'NS SERVING H'HOLD - CWEIY,EA Ops-YOR-Mgt,BAM NUTTALL LTD,1001611155,74995.52,GRANTS,GU15 3XW,CIS SUPPLIER,,ENV0002212C,Expense,GB340316204,2025-05-15,74995.52,GBP,aab21f0442d132b190926f828685b76d94020b598e5846f410b8e6c132257d21,5bfa807bd4bb47be4839e030cd8b0323d53c2dea9560933fc092a1aecf5d3f60,valid,valid,true,valid,
business_duplicate_candidate,5bfa807bd4bb47be4839e030cd8b0323d53c2dea9560933fc092a1aecf5d3f60,4,3,within_file,expense_type|po_category_description|expenditure_type,f8a1cec9d0694b142ce9ac389a9527d1732448ef188ef0cb4f3e66fd26f2c980,Defra__25k_May_25.csv,2025-05,609,2026-09-23T00:00:00+00:00,real_public_defra,false,,DEFRA,EA,15/05/2025,PPE - POA & AUC (OWNED) - COST - O/BAL,EA Ops-YOR-Mgt,BAM NUTTALL LTD,1001611155,74995.52,TANGIBLE NBV,GU15 3XW,CIS SUPPLIER,,ENV0002212C,Asset,GB340316204,2025-05-15,74995.52,GBP,86430ebf1050a54ab8f1630d20f83e68064626453107326625c04fc67bffe487,5bfa807bd4bb47be4839e030cd8b0323d53c2dea9560933fc092a1aecf5d3f60,valid,valid,true,valid,
business_duplicate_candidate,5e2c0ab83042511340bd47e8a1afa29b0da33d198a9b8613dad8de67abeee2d6,6,5,within_file,expense_type|expense_area|po_category_description|project_code|expenditure_type,64376ecbad72b6a21960e41503c3da5028f2d5b9f6abe050ca86be4066060746,Defra__25k_May_25.csv,2025-05,650,2026-09-23T00:00:00+00:00,real_public_defra,false,,DEFRA,EA,15/05/2025,EXP EU CAPITAL GRANTS TO PTE SECTOR - PERS & NON PROFIT INSTIT'NS SERVING H'HOLD - CWEIY,EA Ops-WMD-Mgt,OVE ARUP & PARTNERS LTD,1001611416,240275.72,GRANTS,NE1 3PL,SUPPLIER,,ENV0001190C,Expense,GB524461265,2025-05-15,240275.72,GBP,66cc92f64558b181070bb2e29c97d995113062bdc3c02e01f0b1512367bcf282,5e2c0ab83042511340bd47e8a1afa29b0da33d198a9b8613dad8de67abeee2d6,valid,valid,true,valid,
business_duplicate_candidate,5e2c0ab83042511340bd47e8a1afa29b0da33d198a9b8613dad8de67abeee2d6,6,5,within_file,expense_type|expense_area|po_category_description|project_code|expenditure_type,f5baf1a59fac7c213991715f1f3850f54da9b0d4707f0247df0cd006d00c04b6,Defra__25k_May_25.csv,2025-05,651,2026-09-23T00:00:00+00:00,real_public_defra,false,,DEFRA,EA,15/05/2025,EXP EU CAPITAL GRANTS TO PTE SECTOR - PERS & NON PROFIT INSTIT'NS SERVING H'HOLD - CWEIY,EA Ops-WMD-Mgt,OVE ARUP & PARTNERS LTD,1001611416,240275.72,GRANTS,NE1 3PL,SUPPLIER,,ENV0001190C,Expense,GB524461265,2025-05-15,240275.72,GBP,66cc92f64558b181070bb2e29c97d995113062bdc3c02e01f0b1512367bcf282,5e2c0ab83042511340bd47e8a1afa29b0da33d198a9b8613dad8de67abeee2d6,valid,valid,true,valid,
business_duplicate_candidate,5e2c0ab83042511340bd47e8a1afa29b0da33d198a9b8613dad8de67abeee2d6,6,5,within_file,expense_type|expense_area|po_category_description|project_code|expenditure_type,2ef8439eed2f12bbcbb3f5db6d8aee68e6131b267dac63e7ee560122583b2cfd,Defra__25k_May_25.csv,2025-05,652,2026-09-23T00:00:00+00:00,real_public_defra,false,,DEFRA,EA,15/05/2025,EXP EU CAPITAL GRANTS TO PTE SECTOR - PERS & NON PROFIT INSTIT'NS SERVING H'HOLD - CWEIY,EA Ops-WMD-Mgt,OVE ARUP & PARTNERS LTD,1001611416,240275.72,GRANTS,NE1 3PL,SUPPLIER,,ENV0001190C,Expense,GB524461265,2025-05-15,240275.72,GBP,66cc92f64558b181070bb2e29c97d995113062bdc3c02e01f0b1512367bcf282,5e2c0ab83042511340bd47e8a1afa29b0da33d198a9b8613dad8de67abeee2d6,valid,valid,true,valid,
business_duplicate_candidate,5e2c0ab83042511340bd47e8a1afa29b0da33d198a9b8613dad8de67abeee2d6,6,5,within_file,expense_type|expense_area|po_category_description|project_code|expenditure_type,d2b2e5a1aa85c5720b8b618895cde1c1351850349d1243e83a6b837dbdf018c7,Defra__25k_May_25.csv,2025-05,653,2026-09-23T00:00:00+00:00,real_public_defra,false,,DEFRA,EA,15/05/2025,EXP EU CAPITAL GRANTS TO PTE SECTOR - PERS & NON PROFIT INSTIT'NS SERVING H'HOLD - CWEIY,EA Ops-WMD-Mgt,OVE ARUP & PARTNERS LTD,1001611416,240275.72,GRANTS,NE1 3PL,SUPPLIER,,ENV0001190C,Expense,GB524461265,2025-05-15,240275.72,GBP,66cc92f64558b181070bb2e29c97d995113062bdc3c02e01f0b1512367bcf282,5e2c0ab83042511340bd47e8a1afa29b0da33d198a9b8613dad8de67abeee2d6,valid,valid,true,valid,
business_duplicate_candidate,5e2c0ab83042511340bd47e8a1afa29b0da33d198a9b8613dad8de67abeee2d6,6,5,within_file,expense_type|expense_area|po_category_description|project_code|expenditure_type,ae454dd241cba511c945e748640aa2fafd5bd21970cbe9b7bfb4f4f12d324e6a,Defra__25k_May_25.csv,2025-05,654,2026-09-23T00:00:00+00:00,real_public_defra,false,,DEFRA,EA,15/05/2025,EXP EU CAPITAL GRANTS TO PTE SECTOR - PERS & NON PROFIT INSTIT'NS SERVING H'HOLD - CWEIY,EA Ops-WMD-Mgt,OVE ARUP & PARTNERS LTD,1001611416,240275.72,GRANTS,NE1 3PL,SUPPLIER,,ENV0001190C,Expense,GB524461265,2025-05-15,240275.72,GBP,66cc92f64558b181070bb2e29c97d995113062bdc3c02e01f0b1512367bcf282,5e2c0ab83042511340bd47e8a1afa29b0da33d198a9b8613dad8de67abeee2d6,valid,valid,true,valid,
business_duplicate_candidate,5e2c0ab83042511340bd47e8a1afa29b0da33d198a9b8613dad8de67abeee2d6,6,5,within_file,expense_type|expense_area|po_category_description|project_code|expenditure_type,89eb578e5b83f134876019cef5168ee47e0068494d17b6be68f0755cba1ac611,Defra__25k_May_25.csv,2025-05,655,2026-09-23T00:00:00+00:00,real_public_defra,false,,DEFRA,EA,15/05/2025,PPE - POA & AUC (OWNED) - COST - O/BAL,EA Ops-LNA-Mgt,OVE ARUP & PARTNERS LTD,1001611416,240275.72,TANGIBLE NBV,NE1 3PL,SUPPLIER,,ENV0005155C,Asset,GB524461265,2025-05-15,240275.72,GBP,8f594d42783a48d6fc554754ae9115e5209826011b19c4f5c3d3887c2818c5e2,5e2c0ab83042511340bd47e8a1afa29b0da33d198a9b8613dad8de67abeee2d6,valid,valid,true,valid,
business_duplicate_candidate,5e8a072f96136415ee650495a6f5e7fef9c4d75f55005462597d5507cb118fea,2,1,within_file,expense_type|amount_raw|po_category_description,d5c5a76eacd7ad602d9c97561853c4d3d0f023e97087e9d15735b1a879fe7e4a,September_Over__25K_Transparency.csv,2025-09,437,2026-09-23T00:00:00+00:00,real_public_defra,false,,DE,NATURAL ENGLAND,16/09/2025,EXP - CURRENT GRANTS TO LOCAL GOVERNMENT,CPWN NATIONAL TEAM,NORTH YORK MOORS NATIONAL PARK,1010138229,"£150,626.00",Grant-Scheme Grant-Local Authorities,YO62 5BP,LOCAL AUTHORITIES,C17563/v-02442,NE160560,Expense,GB686500421,2025-09-16,150626.00,GBP,1263e748117b75f218ad8e3299b9b05d08246c65e1c06eed6b1a88bdafc1373c,5e8a072f96136415ee650495a6f5e7fef9c4d75f55005462597d5507cb118fea,valid,valid,true,valid,
business_duplicate_candidate,5e8a072f96136415ee650495a6f5e7fef9c4d75f55005462597d5507cb118fea,2,1,within_file,expense_type|amount_raw|po_category_description,4dea8f1b18eebf654e98b2319342178c96fbef1ee293187077b3c539b9707a91,September_Over__25K_Transparency.csv,2025-09,438,2026-09-23T00:00:00+00:00,real_public_defra,false,,DE,NATURAL ENGLAND,16/09/2025,EXP - CAPITAL GRANTS TO LOCAL GOVERNMENT,CPWN NATIONAL TEAM,NORTH YORK MOORS NATIONAL PARK,1010138229,"£28,619.00",Grant-Capital Grant-Non Procurement-Local Authorities,YO62 5BP,LOCAL AUTHORITIES,C17563/v-02442,NE160560,Expense,GB686500421,2025-09-16,28619.00,GBP,6f8a648868c6523c0b4ad664e8390e4f742633e7521b67780dcc4d24e3601a28,5e8a072f96136415ee650495a6f5e7fef9c4d75f55005462597d5507cb118fea,valid,valid,true,valid,
business_duplicate_candidate,6007af7b8bb82fe8ed74ecaee286c0164cdabe86fd6fb24d8d6a584d76da05cb,2,1,within_file,transaction_date_raw|amount_raw,f16955ad3658483b33f93a9b7929f308cbee7afccd629df2fac23bf2932c8ef2,Over++_25K++Mar+2025-Rev.csv,2025-03,961,2026-09-23T00:00:00+00:00,real_public_defra,false,,DE,NFC,13/03/2025,Forest Creation,Forest Creation,Mr B Dodson,FF2024.01,"£72,896.85",Grant,LE65 1RA,Land Owner,,,Grant,,2025-03-13,72896.85,GBP,cbfdc78fa413cbc9c7b97aa085429d6cc96618a499889ee3dd8b3bf2f6d7aec3,6007af7b8bb82fe8ed74ecaee286c0164cdabe86fd6fb24d8d6a584d76da05cb,valid,valid,true,valid,
business_duplicate_candidate,6007af7b8bb82fe8ed74ecaee286c0164cdabe86fd6fb24d8d6a584d76da05cb,2,1,within_file,transaction_date_raw|amount_raw,3f83abc3e44081affede2d58738815425a605015b6d8d63ecee733cc886a583e,Over++_25K++Mar+2025-Rev.csv,2025-03,964,2026-09-23T00:00:00+00:00,real_public_defra,false,,DE,NFC,31/03/2025,Forest Creation,Forest Creation,Mr B Dodson,FF2024.01,"£361,986.64",Grant,LE65 1RA,Land Owner,,,Grant,,2025-03-31,361986.64,GBP,cb92394afa4a326f5e348fa93f201fae7361b30da2f8b79363e5b942d2022f25,6007af7b8bb82fe8ed74ecaee286c0164cdabe86fd6fb24d8d6a584d76da05cb,valid,valid,true,valid,
business_duplicate_candidate,60cb4a7c4d491cc39d9f1b7afe363216a564f79b326a8f8adc2367998789e93f,2,1,within_file,amount_raw|po_category_description|project_code,5e1b0b6099e58bc0daaf4ff650b26d696d530255eda05316a5b2fcca157e8f27,Over__25K_Feb_26.csv,2026-02,134,2026-09-23T00:00:00+00:00,real_public_defra,false,,DE,NATURAL ENGLAND,19/02/2026,PPE - POA & AUC (OWNED) - COST - ADDITIONS - BUILDINGS,NNR OPERATIONS TEAM,DEFRA,2010001065,"£128,004.62",Construction-Construction-Capital Design and build,YO1 7PX,SUPPLIER,Exemption Code: IGS,NENNR472,Asset,888800181,2026-02-19,128004.62,GBP,d3468727a3117ddb894034523ff1d872a30259ae5a49644366fa9abb7ec24e68,60cb4a7c4d491cc39d9f1b7afe363216a564f79b326a8f8adc2367998789e93f,valid,valid,true,valid,
business_duplicate_candidate,60cb4a7c4d491cc39d9f1b7afe363216a564f79b326a8f8adc2367998789e93f,2,1,within_file,amount_raw|po_category_description|project_code,db390f6ab1f6780129392b612cd6dd0c06f8b737b8d81761b6f5146e126b65d9,Over__25K_Feb_26.csv,2026-02,135,2026-09-23T00:00:00+00:00,real_public_defra,false,,DE,NATURAL ENGLAND,19/02/2026,PPE - POA & AUC (OWNED) - COST - ADDITIONS - BUILDINGS,NNR OPERATIONS TEAM,DEFRA,2010001065,"£108,717.52",Construction-Construction Service Providers-Design and Build,YO1 7PX,SUPPLIER,Exemption Code: IGS,00000000,Asset,888800181,2026-02-19,108717.52,GBP,1e5e129936b7f198f348b8e0ff35862d128112748285511b4a9fe5a106c8560d,60cb4a7c4d491cc39d9f1b7afe363216a564f79b326a8f8adc2367998789e93f,valid,valid,true,valid,
business_duplicate_candidate,6240fb88a87b53fb7257696082e302b661b0d2d01b78de88cd8ad777aca83ae3,2,1,cross_file,transaction_date_raw|expense_area|amount_raw|supplier_postcode|expenditure_type|vat_registration_number,436d61c106110189d9cbe03e86db4398043ccb2715fe7590e5331fe9aed07935,Over++_25K++Mar+2025-Rev.csv,2025-03,1023,2026-09-23T00:00:00+00:00,real_public_defra,false,,DE,KEW,12/03/2025,Capital/Equipment,Capital Development Programme,Neogen Europe Ltd.,7130475,"£36,430.33",Building the Plant & Fungal Tree of Life,RG42 7NY,UK Supplier,,11147,New works-Pt I-other costs,731665924,2025-03-12,36430.33,GBP,98616a0c5508aec1b06706955e0706caa674d77160074475a6386c1b2ff0f13f,6240fb88a87b53fb7257696082e302b661b0d2d01b78de88cd8ad777aca83ae3,valid,valid,true,valid,
business_duplicate_candidate,6240fb88a87b53fb7257696082e302b661b0d2d01b78de88cd8ad777aca83ae3,2,1,cross_file,transaction_date_raw|expense_area|amount_raw|supplier_postcode|expenditure_type|vat_registration_number,a3ddaf01ad1441eb7946c2f19be11a33b1189dd676351971288e441629689a9f,Over_25K_Transparency_report_April_25.csv,2025-04,300,2026-09-23T00:00:00+00:00,real_public_defra,false,,DE,KEW,09/04/2025,Capital/Equipment,Director of Science,Neogen Europe Ltd.,7130475,"£30,000.00",Building the Plant & Fungal Tree of Life,BA1 7DE,UK Supplier,,11147,New Works - pt1 - prof fees,208129623,2025-04-09,30000.00,GBP,d24a83d0170285e4b03a1bb763294576e71adeb0cb7c653d3e55a5c413a9c06b,6240fb88a87b53fb7257696082e302b661b0d2d01b78de88cd8ad777aca83ae3,valid,valid,true,valid,
business_duplicate_candidate,629d36ef3f71f430b6d1a43bf357a728a681837093bfb3c17fcc1c62ce0271c9,2,1,within_file,amount_raw|contract_number|project_code,7300d41990473f6a0497c3afdce470884d6ee529fd90ff4d1dfd6ac7a04e2c04,Over__25K_Transparency_July.csv,2025-07,595,2026-09-23T00:00:00+00:00,real_public_defra,false,,DE,NATURAL ENGLAND,31-Jul-25,EXP - CAPITAL GRANTS TO LOCAL GOVERNMENT,CPWN NATIONAL TEAM,ISLE OF WIGHT COUNCIL,1010136175,"£70,490.05",Grant,PO30 1UD,SUPPLIER,C25647,NE160885,Expense,108366865,2025-07-31,70490.05,GBP,3c4da5256d6295f0b022176479714740dbcb083a48ce0f96b89c208d0010c891,629d36ef3f71f430b6d1a43bf357a728a681837093bfb3c17fcc1c62ce0271c9,valid,valid,true,valid,
business_duplicate_candidate,629d36ef3f71f430b6d1a43bf357a728a681837093bfb3c17fcc1c62ce0271c9,2,1,within_file,amount_raw|contract_number|project_code,35602bb3b86700d7eef17946e9c3dc4b19aba5da9765141d9a6c5ccc5f52c2fa,Over__25K_Transparency_July.csv,2025-07,596,2026-09-23T00:00:00+00:00,real_public_defra,false,,DE,NATURAL ENGLAND,31-Jul-25,EXP - CAPITAL GRANTS TO LOCAL GOVERNMENT,CPWN NATIONAL TEAM,ISLE OF WIGHT COUNCIL,1010136175,"£31,751.98",Grant,PO30 1UD,SUPPLIER,C27153,NE160886,Expense,108366865,2025-07-31,31751.98,GBP,e82f6134b7ca0c7979c80d37be345d8b9ba2f046c2a2c8fd5a69d7e80840c96d,629d36ef3f71f430b6d1a43bf357a728a681837093bfb3c17fcc1c62ce0271c9,valid,valid,true,valid,
business_duplicate_candidate,62e025fcd2c47e514b444cd2b0496c68f1fe45c6217e7504dbdf37b72ee369a5,2,1,within_file,amount_raw,a0be07db04910ef6d9015c163debd612b00f85ac1bd55f061c3e526921ad6304,September_Over__25K_Transparency.csv,2025-09,215,2026-09-23T00:00:00+00:00,real_public_defra,false,,DE,NATURAL ENGLAND,29/09/2025,EXP-PURCHASE OF GOODS & SERVICES - DLL POND CREATION / RESTORATION,DLL REGULATOR AND PROVIDER SERVICES,F W A G EAST CONSULTANCY LTD,1010138825,"£55,458.00",Environmental (Land Use & Biodiversity) Services,CB2 9LG,SUPPLIER(1),C20714,NE163801,Expense,134894095,2025-09-29,55458.00,GBP,3a78cf2c4a14c00ab3b55b222da101b5a7a14c0189e71a55cef3bb3d29c2edd2,62e025fcd2c47e514b444cd2b0496c68f1fe45c6217e7504dbdf37b72ee369a5,valid,valid,true,valid,
business_duplicate_candidate,62e025fcd2c47e514b444cd2b0496c68f1fe45c6217e7504dbdf37b72ee369a5,2,1,within_file,amount_raw,80618b6d61d33d0058da7c43d1a3e365ef35c4b2196f5a9264fabfb9fa3fb778,September_Over__25K_Transparency.csv,2025-09,216,2026-09-23T00:00:00+00:00,real_public_defra,false,,DE,NATURAL ENGLAND,29/09/2025,EXP-PURCHASE OF GOODS & SERVICES - DLL POND CREATION / RESTORATION,DLL REGULATOR AND PROVIDER SERVICES,F W A G EAST CONSULTANCY LTD,1010138825,"£43,134.00",Environmental (Land Use & Biodiversity) Services,CB2 9LG,SUPPLIER(1),C20714,NE163801,Expense,134894095,2025-09-29,43134.00,GBP,7e5ccba2788a5b08f5b5fcdc5fbed78b12ebc8445a3287aa19dfa47329389c95,62e025fcd2c47e514b444cd2b0496c68f1fe45c6217e7504dbdf37b72ee369a5,valid,valid,true,valid,
business_duplicate_candidate,63b921a8d2bbdd7f8770a463d8ea24d8dbc2458af08b2883c132ba601f09d706,2,1,cross_file,transaction_date_raw|expense_area|amount_raw|supplier_postcode|vat_registration_number,7faa0b9fa7993c155ebc0c1ab88dc140eeae68aae846c44206c18880fdd705e1,Over++_25K++Mar+2025-Rev.csv,2025-03,1017,2026-09-23T00:00:00+00:00,real_public_defra,false,,DE,KEW,05/03/2025,Capital/Equipment,Capital Development Programme,World Forest ID Association,7129985,"£38,173.79",Building and Enhancing the Evidence Base for Nature Based Solutions to Climate Change: Soy Traceability,SE27 0DN,UK Supplier,,11638,New works-Pt I-other costs,239207464,2025-03-05,38173.79,GBP,224063dca53ebe25d8bd8ce1438678ccc9e78cbc7ce4aa66fb923f45c32ed8f5,63b921a8d2bbdd7f8770a463d8ea24d8dbc2458af08b2883c132ba601f09d706,valid,valid,true,valid,
business_duplicate_candidate,63b921a8d2bbdd7f8770a463d8ea24d8dbc2458af08b2883c132ba601f09d706,2,1,cross_file,transaction_date_raw|expense_area|amount_raw|supplier_postcode|vat_registration_number,ba63caa7dcfd124a98922590edff02347762748c20f0bec3680bc5702d05c07c,Over_25K_Transparency_report_April_25.csv,2025-04,486,2026-09-23T00:00:00+00:00,real_public_defra,false,,DE,KEW,09/04/2025,Capital/Equipment,P1: Ecosystem Stewardship,World Forest ID Association,7129985,"£47,788.00",Building and Enhancing the Evidence Base for Nature Based Solutions to Climate Change: Soy Traceability,W14 8NS,UK Supplier,,11638,New works-Pt I-other costs,610 0610 15,2025-04-09,47788.00,GBP,d8d2bfbce018ee5addb7867198470a3ec13d888f33ca196fbb61823f4f45682b,63b921a8d2bbdd7f8770a463d8ea24d8dbc2458af08b2883c132ba601f09d706,valid,valid,true,valid,
business_duplicate_candidate,6417889355a78c6b213c696bfa9bc4f9f86178fc70ceca16f8015255b913f9cd,2,1,cross_file,transaction_date_raw|expense_type|expense_area|amount_raw|supplier_postcode|expenditure_type|vat_registration_number,250e78ca3c8a6c3dfca6fe4721aeb9195fd4c422dbbf5e6a6d7722bc5f1ddd09,Over++_25K++Mar+2025-Rev.csv,2025-03,1041,2026-09-23T00:00:00+00:00,real_public_defra,false,,DE,KEW,25/03/2025,Utilities,Estates,Bytes Software  Services,7130771,"£50,707.72",IT Operations,RH11RX,UK Supplier,,60002,Gas,689638949,2025-03-25,50707.72,GBP,d81ece2741d4ca9b4ca5a157b380d9a6d1ac295f38c96b64a1e8068f040ddad5,6417889355a78c6b213c696bfa9bc4f9f86178fc70ceca16f8015255b913f9cd,valid,valid,true,valid,
business_duplicate_candidate,6417889355a78c6b213c696bfa9bc4f9f86178fc70ceca16f8015255b913f9cd,2,1,cross_file,transaction_date_raw|expense_type|expense_area|amount_raw|supplier_postcode|expenditure_type|vat_registration_number,dc0e67207a78ccb970b364676c1b2ba4b05e1be4ef2b6b6fa13543845d26aa8e,Over_25K_Transparency_report_April_25.csv,2025-04,64,2026-09-23T00:00:00+00:00,real_public_defra,false,,DE,KEW,16/04/2025,Property Related,P0: Science Services & Labs,Bytes Software  Services,7130771,"£27,520.50",IT Operations,RG42 7NY,UK Supplier,,60002,Maintenance-Reactive,731665924,2025-04-16,27520.50,GBP,76e65a4dda7f4e9160f826cd4607c43ab1e560fd1d87d98f557d0c17abff11a8,6417889355a78c6b213c696bfa9bc4f9f86178fc70ceca16f8015255b913f9cd,valid,valid,true,valid,
business_duplicate_candidate,64ed7b60c7a266eb5f235c5b0f21444493d5ddaa94bd8c739d1729a9e1549335,2,1,within_file,amount_raw,55ad86588cb473ed5f6d10c2b893fe51666fff4c6aef459decf20ff5093bdf65,Over__25K_Transparency_July.csv,2025-07,561,2026-09-23T00:00:00+00:00,real_public_defra,false,,DE,NATURAL ENGLAND,16-Jul-25,EXP - CAPITAL GRANTS TO LOCAL GOVERNMENT,Peat Capital Grants,MANCHESTER METROPOLITAN UNIVERSITY,1010135506,"£44,223.21",Grant,M15 6BH,SUPPLIER,C17473,00000000,Expense,GB108260441,2025-07-16,44223.21,GBP,eecb0d9f187217d5de1faef9f573105c2d6d664f9e607840aca963677454ee95,64ed7b60c7a266eb5f235c5b0f21444493d5ddaa94bd8c739d1729a9e1549335,valid,valid,true,valid,
business_duplicate_candidate,64ed7b60c7a266eb5f235c5b0f21444493d5ddaa94bd8c739d1729a9e1549335,2,1,within_file,amount_raw,c741756fec79c46671db516d658db2f6ead6ab13fde4671b35acb383cf82a66b,Over__25K_Transparency_July.csv,2025-07,562,2026-09-23T00:00:00+00:00,real_public_defra,false,,DE,NATURAL ENGLAND,16-Jul-25,EXP - CAPITAL GRANTS TO LOCAL GOVERNMENT,Peat Capital Grants,MANCHESTER METROPOLITAN UNIVERSITY,1010135506,"£39,752.76",Grant,M15 6BH,SUPPLIER,C17473,00000000,Expense,GB108260441,2025-07-16,39752.76,GBP,6b44b953b518412b40776d7a02bf425c04a41d6a8dacf9972e743760184c9fec,64ed7b60c7a266eb5f235c5b0f21444493d5ddaa94bd8c739d1729a9e1549335,valid,valid,true,valid,
business_duplicate_candidate,683e09613d3f40c03ece56bc58a7c249ed8eb47034b71e3d77bb72736b023a06,2,1,within_file,expense_area|project_code,b7e44d440a2ad75efb39c0a0e4c7a8b24ccc88a5825298f55211c877944fae3f,Defra__25k_May_25.csv,2025-05,695,2026-09-23T00:00:00+00:00,real_public_defra,false,,DEFRA,EA,19/05/2025,PPE - POA & AUC (OWNED) - COST - O/BAL,EA Ops-WSX-Mgt,ATKINSRÉALIS UK LTD,1001611711,141186.94,TANGIBLE NBV,KT18 5BW,CIS SUPPLIER,,ENVIMSW002039,Asset,20986 1253,2025-05-19,141186.94,GBP,1b6782dcdf443c929dc970e17a46f65196947fd6809c8116b23b0881c57d0e3f,683e09613d3f40c03ece56bc58a7c249ed8eb47034b71e3d77bb72736b023a06,valid,valid,true,valid,
business_duplicate_candidate,683e09613d3f40c03ece56bc58a7c249ed8eb47034b71e3d77bb72736b023a06,2,1,within_file,expense_area|project_code,650f07ee186baee5947d047ae8df44103274602c324c271853923df829dff0a3,Defra__25k_May_25.csv,2025-05,696,2026-09-23T00:00:00+00:00,real_public_defra,false,,DEFRA,EA,19/05/2025,PPE - POA & AUC (OWNED) - COST - O/BAL,EA Ops-DCS-Mgt,ATKINSRÉALIS UK LTD,1001611711,141186.94,TANGIBLE NBV,KT18 5BW,CIS SUPPLIER,,ENV0005814C,Asset,20986 1253,2025-05-19,141186.94,GBP,cd1c8866b8672a7b82190deb106be75f110537adabd7ae3909aa3e352376a2ba,683e09613d3f40c03ece56bc58a7c249ed8eb47034b71e3d77bb72736b023a06,valid,valid,true,valid,
business_duplicate_candidate,69ce97628d8a42f2eb27ba7b0e2f3ddd0f70018f518235c5f07133384ade057e,2,1,within_file,amount_raw|contract_number,57828ad7f3e1eb31a564752ac800e9f53c867f290f4be8a8fa21b2878311c1f6,Defra_Over__25k_June_2025.csv,2025-06,404,2026-09-23T00:00:00+00:00,real_public_defra,false,,DEFRA,NE,02/06/2025,EXP - PURCHASE OF GOODS/SERVICES - OTHER- SCIENCE & EVIDENCE MONITORING SURVLNCE,CATCHMENT SENSITIVE FARMING,RSK ADAS LIMITED,1010133216,47760,Professional Services Other-Environmental Services-Land and soil preparation and management and protection,WA6 0AR,SUPPLIER(1),C27176,00000000,Expense,GB256435886,2025-06-02,47760,GBP,ce8f23362bab8a345063610d1d06ffa28d2c445d233638fc46857e154d1b3268,69ce97628d8a42f2eb27ba7b0e2f3ddd0f70018f518235c5f07133384ade057e,valid,valid,true,valid,
business_duplicate_candidate,69ce97628d8a42f2eb27ba7b0e2f3ddd0f70018f518235c5f07133384ade057e,2,1,within_file,amount_raw|contract_number,2b58d9cc246ae0e51159d3263e4fc1d54e6716c0ed460a4d8e90f2ba1104e82d,Defra_Over__25k_June_2025.csv,2025-06,405,2026-09-23T00:00:00+00:00,real_public_defra,false,,DEFRA,NE,02/06/2025,EXP - PURCHASE OF GOODS/SERVICES - OTHER- SCIENCE & EVIDENCE MONITORING SURVLNCE,CATCHMENT SENSITIVE FARMING,RSK ADAS LIMITED,1010133216,30600,Professional Services Other-Environmental Services-Land and soil preparation and management and protection,WA6 0AR,SUPPLIER(1),C26408,00000000,Expense,GB256435886,2025-06-02,30600,GBP,78521a273285ba1c36e6e18b23d8c3ae8dddc8bcc7ed36493085f7eced7bc64b,69ce97628d8a42f2eb27ba7b0e2f3ddd0f70018f518235c5f07133384ade057e,valid,valid,true,valid,
business_duplicate_candidate,6a372b555ed52e58ac04ca71d653ecf139f43b25fd9247f176b333c6908a821c,2,1,cross_file,transaction_date_raw|expense_type|expense_area|amount_raw|supplier_postcode|expenditure_type|vat_registration_number,a86bebb9e20e588a97b5d32246c1bbeec3303655db9884417d8db7c896e5edc2,Over++_25K++Mar+2025-Rev.csv,2025-03,1036,2026-09-23T00:00:00+00:00,real_public_defra,false,,DE,KEW,25/03/2025,Consultancy & Professional Services,P3: Digital Revolution,EDF Energy Customers plc,7131006,"£129,166.67",Estates Wakehurst Energy,SE18 6SW,UK Supplier,,60043,Third Party Contracts,739932881,2025-03-25,129166.67,GBP,9cb95d1804134a1a5fe6d91fb6357bc4fc892bde303ea3ec704f1c550ca328a9,6a372b555ed52e58ac04ca71d653ecf139f43b25fd9247f176b333c6908a821c,valid,valid,true,valid,
business_duplicate_candidate,6a372b555ed52e58ac04ca71d653ecf139f43b25fd9247f176b333c6908a821c,2,1,cross_file,transaction_date_raw|expense_type|expense_area|amount_raw|supplier_postcode|expenditure_type|vat_registration_number,d89e21e38b1b07dfe2226107d4dc8ea0f490564d7bb9c99b9028dd65270d61d7,Over_25K_Transparency_report_April_25.csv,2025-04,152,2026-09-23T00:00:00+00:00,real_public_defra,false,,DE,KEW,16/04/2025,Capital/Equipment,Capital Development Programme,EDF Energy Customers plc,7131006,"£41,903.00",Estates Wakehurst Energy,W14 8NS,UK Supplier,,60043,New works-Pt I-other costs,610 0610 15,2025-04-16,41903.00,GBP,a3808a98753a7447b08d865c3fb2107652195c6d4771fc9535b7e77370ef5b1f,6a372b555ed52e58ac04ca71d653ecf139f43b25fd9247f176b333c6908a821c,valid,valid,true,valid,
business_duplicate_candidate,6bc4a33b06cae63dba00152a2e2c3c6c1bccfda1da5518709621fc7b16ff94f5,3,2,within_file,expense_type|expense_area|amount_raw|po_category_description|contract_number,7579d699bca5c2f704034bd700df0ce2c6b10276e8bffab124a7f5a5fa7ada0d,Defra__25k_May_25.csv,2025-05,1020,2026-09-23T00:00:00+00:00,real_public_defra,false,,DEFRA,NE,21/05/2025,EXP - CURRENT GRANTS TO PRIVATE SECTOR - NON PROFIT INSTITUTIONS SERVING H'HOLD,LANDSCAPE RECOVERY,LANCASHIRE WILDLIFE TRUST LTD,1010132775,73043.87,Grant-Non Capital Grant-Non Procurement-Persons and NPISH (Non Profit Institutions Serving Households),PR5 6BY,THIRD PARTY,25392,0,Expense,265 7548 65,2025-05-21,73043.87,GBP,3904e89c5ebb3537358c6268ef2f93d27e6a2670fb872ac991e691d7495325c0,6bc4a33b06cae63dba00152a2e2c3c6c1bccfda1da5518709621fc7b16ff94f5,valid,valid,true,valid,
business_duplicate_candidate,6bc4a33b06cae63dba00152a2e2c3c6c1bccfda1da5518709621fc7b16ff94f5,3,2,within_file,expense_type|expense_area|amount_raw|po_category_description|contract_number,84b4d40a4507341b71f666806b697f7fe444284a4ca0abc82261b2d0241921f8,Defra__25k_May_25.csv,2025-05,1021,2026-09-23T00:00:00+00:00,real_public_defra,false,,DEFRA,NE,21/05/2025,EXP - CAPITAL GRANTS TO LOCAL GOVERNMENT,Peat Capital Grants,LANCASHIRE WILDLIFE TRUST LTD,1010132775,67215.96,Grant-Capital Grant-Non Procurement-Local Authorities,PR5 6BY,THIRD PARTY,ECM62238,0,Expense,265 7548 65,2025-05-21,67215.96,GBP,06c1f002910627d563c8da7d8aa5f3d7ba5ee560f3c035ff010ec524022ca4f1,6bc4a33b06cae63dba00152a2e2c3c6c1bccfda1da5518709621fc7b16ff94f5,valid,valid,true,valid,
business_duplicate_candidate,6bc4a33b06cae63dba00152a2e2c3c6c1bccfda1da5518709621fc7b16ff94f5,3,2,within_file,expense_type|expense_area|amount_raw|po_category_description|contract_number,d79378531b32dc02e5b8d36f4ce02035eb7f6dad1922b16da23c5ff5d42e2f9e,Defra__25k_May_25.csv,2025-05,1022,2026-09-23T00:00:00+00:00,real_public_defra,false,,DEFRA,NE,21/05/2025,EXP - CURRENT GRANTS TO PRIVATE SECTOR - NON PROFIT INSTITUTIONS SERVING H'HOLD,LANDSCAPE RECOVERY,LANCASHIRE WILDLIFE TRUST LTD,1010132775,59355.52,Grant-Non Capital Grant-Non Procurement-Persons and NPISH (Non Profit Institutions Serving Households),PR5 6BY,THIRD PARTY,66439,0,Expense,265 7548 65,2025-05-21,59355.52,GBP,7736f949a1d74777c54b752551d4240103b837307641478caa79b5f6701c65dd,6bc4a33b06cae63dba00152a2e2c3c6c1bccfda1da5518709621fc7b16ff94f5,valid,valid,true,valid,
business_duplicate_candidate,6cb48a8fc2c0a2e1a9255a3cd2cf1ee199c7cbc1a929b462a6d15a54ffae79f1,2,1,within_file,amount_raw,53d88c403d2132820806dd5f898e11d3525fb3a7dc07debf2b7a99eb91d7398d,Over__25K_Transparency_July.csv,2025-07,1,2026-09-23T00:00:00+00:00,real_public_defra,false,,DE,AHDB,11-Jul-25,Invoice,Research,Agricarbon UK Limited,INV-0531A,"£70,732.38",Environmental Baselining,DD2 5NQ,,,136229,,GB 317 080 524,2025-07-11,70732.38,GBP,0aa69153d0e9d5547563676fc435e7f694b8bb8f40b65a9f142e975ba8cf98cd,6cb48a8fc2c0a2e1a9255a3cd2cf1ee199c7cbc1a929b462a6d15a54ffae79f1,valid,valid,true,valid,
business_duplicate_candidate,6cb48a8fc2c0a2e1a9255a3cd2cf1ee199c7cbc1a929b462a6d15a54ffae79f1,2,1,within_file,amount_raw,bee220304b3fbae1db0a807b73569fb545ed69e2705707834ad06a26decb9e0c,Over__25K_Transparency_July.csv,2025-07,4,2026-09-23T00:00:00+00:00,real_public_defra,false,,DE,AHDB,11-Jul-25,Invoice,Research,Agricarbon UK Limited,INV-0531A,"£37,532.92",Environmental Baselining,DD2 5NQ,,,136229,,GB 317 080 524,2025-07-11,37532.92,GBP,dae45050d50a5903fe7f9991022a11c215f91a7ae5b4a43cae6ce03088665e7f,6cb48a8fc2c0a2e1a9255a3cd2cf1ee199c7cbc1a929b462a6d15a54ffae79f1,valid,valid,true,valid,
business_duplicate_candidate,6d257c0e719aafead6143779c650e0a400c8712dd53ecfd7469925d8c6ddd831,2,1,within_file,amount_raw,8c745ce0d1cc94c42275186fdc0cdd2621e6f8cfb536185a0e8a8a703ebcb199,Defra__25k_May_25.csv,2025-05,777,2026-09-23T00:00:00+00:00,real_public_defra,false,,DEFRA,EA,22/05/2025,EXP - CAPITAL GRANTS TO LOCAL GOVERNMENT,EA FCRM Dir-AME-Engineering and Technical Assurance,MIDDLE LEVEL COMMISSIONER,1001571403,-138119.27,GRANTS,PE15 0AH,SUPPLIER,,ENV0006083C,Expense,,2025-05-22,-138119.27,GBP,0429b6e9f996017f06cd9593015cf9cfdb45327b6330d073170d8b4255f793b0,6d257c0e719aafead6143779c650e0a400c8712dd53ecfd7469925d8c6ddd831,valid,valid,true,warning,amount_non_positive_review
business_duplicate_candidate,6d257c0e719aafead6143779c650e0a400c8712dd53ecfd7469925d8c6ddd831,2,1,within_file,amount_raw,f0a2ce962539999aba19d7e5a54c5e460c4963e4ff7fd2088d5153f4f849aed8,Defra__25k_May_25.csv,2025-05,778,2026-09-23T00:00:00+00:00,real_public_defra,false,,DEFRA,EA,22/05/2025,EXP - CAPITAL GRANTS TO LOCAL GOVERNMENT,EA FCRM Dir-AME-Engineering and Technical Assurance,MIDDLE LEVEL COMMISSIONER,1001571403,-37619.79,GRANTS,PE15 0AH,SUPPLIER,,ENV0006083C,Expense,,2025-05-22,-37619.79,GBP,39e307b885bf77227c3f7e70532be0adb2caa8916c8402a95f05f387d2cb76bb,6d257c0e719aafead6143779c650e0a400c8712dd53ecfd7469925d8c6ddd831,valid,valid,true,warning,amount_non_positive_review
business_duplicate_candidate,6ebda30a88fb81f2ad868e3e557cf5998044bdc07f4fbac87b293fb81b30e0fd,2,1,cross_file,transaction_date_raw|expense_type|expense_area|amount_raw|supplier_postcode|expenditure_type|vat_registration_number,7586e4cbbb7824237561c83cf46e7585665cd94c9287309976602dec625b5e0f,Over++_25K++Mar+2025-Rev.csv,2025-03,1031,2026-09-23T00:00:00+00:00,real_public_defra,false,,DE,KEW,19/03/2025,Consultancy & Professional Services,Information Technology,Unigro Ltd,7130585,"£65,372.00",Infrastructure Capital Works,EC4M 6XH,UK Supplier,,11732,Professional Services - IT,GB 788 629 066,2025-03-19,65372.00,GBP,89dd19bb67646bde0622a57f835585319879015468b861840510e0a087c37c4f,6ebda30a88fb81f2ad868e3e557cf5998044bdc07f4fbac87b293fb81b30e0fd,valid,valid,true,valid,
business_duplicate_candidate,6ebda30a88fb81f2ad868e3e557cf5998044bdc07f4fbac87b293fb81b30e0fd,2,1,cross_file,transaction_date_raw|expense_type|expense_area|amount_raw|supplier_postcode|expenditure_type|vat_registration_number,d4ef0fc676e380d9de640019791340e5657d46b21a82910d4b302572587cad1e,Over_25K_Transparency_report_April_25.csv,2025-04,443,2026-09-23T00:00:00+00:00,real_public_defra,false,,DE,KEW,16/04/2025,Capital/Equipment,Capital Development Programme,Unigro Ltd,7130585,"£75,331.13",Infrastructure Capital Works,RG42 7NY,UK Supplier,,11732,New works-Pt I-other costs,731665924,2025-04-16,75331.13,GBP,a4444e258bcef025cdf9b486d2957d376b4e6a687f36c5152782ea90e9e02a4b,6ebda30a88fb81f2ad868e3e557cf5998044bdc07f4fbac87b293fb81b30e0fd,valid,valid,true,valid,
business_duplicate_candidate,71a111c1770b5a884ccb112a1710bd914aaa3468bb1097e9a50baf7fea28e8e3,2,1,within_file,amount_raw,2ba395747fca43518ef20e0e4d5c4e84b6134cac1c33593a2d94ab5783074aaf,Over__25K_Feb_26.csv,2026-02,517,2026-09-23T00:00:00+00:00,real_public_defra,false,,DE,NATURAL ENGLAND,13/02/2026,EXP CAPITAL GRANTS TO PTE SECTOR - PERSONS & NON PROFIT INSTIT'NS SERVING H'HOLD,Peat Capital Grants,YORKSHIRE WILDLIFE TRUST,1010146221,"£197,026.25",Grant-Capital Grant-Other,YO24 1GN,3RD SECTOR SUPPLIER,GIA,00000000,Expense,235804804,2026-02-13,197026.25,GBP,9180b56637bc1922396d562302670b2635d271f92b68ab4d535f3b8d0b7596e0,71a111c1770b5a884ccb112a1710bd914aaa3468bb1097e9a50baf7fea28e8e3,valid,valid,true,valid,
business_duplicate_candidate,71a111c1770b5a884ccb112a1710bd914aaa3468bb1097e9a50baf7fea28e8e3,2,1,within_file,amount_raw,556f65e73cc4885b10ddc92e1153ddcb7389057c8b0cc305d05567838caf3f4e,Over__25K_Feb_26.csv,2026-02,518,2026-09-23T00:00:00+00:00,real_public_defra,false,,DE,NATURAL ENGLAND,13/02/2026,EXP CAPITAL GRANTS TO PTE SECTOR - PERSONS & NON PROFIT INSTIT'NS SERVING H'HOLD,Peat Capital Grants,YORKSHIRE WILDLIFE TRUST,1010146221,"£142,634.45",Grant-Capital Grant-Other,YO24 1GN,3RD SECTOR SUPPLIER,GIA,00000000,Expense,235804804,2026-02-13,142634.45,GBP,1e338b4ba4d434c1e3cb14a8aa910ec14d005e054cba777506475cd6b754b97c,71a111c1770b5a884ccb112a1710bd914aaa3468bb1097e9a50baf7fea28e8e3,valid,valid,true,valid,
business_duplicate_candidate,72883bfe608cf5e2dcf7d30de4ba3072f02d92a5df096b3f6002637f546c6e19,2,1,within_file,amount_raw,2c5d64e9871f84fc46df551e36ec2142daa0007911e910d2b7d99ac6433966a1,Over__25K_Feb_26.csv,2026-02,43,2026-09-23T00:00:00+00:00,real_public_defra,false,,DE,Cefas,06/02/2026,Technical Services,Strategy and Delivery,Association of Commonwealth Universities,20217123,"£77,749.20", Training & Capacity?Building Services,WC1H 9HF,STANSME,3656,C8600, Training & Capacity?Building Services,195914172,2026-02-06,77749.20,GBP,45751305d42cb58b5fd9c4e4da7f25d741225d1446a87ead70925bdf2b1a17e4,72883bfe608cf5e2dcf7d30de4ba3072f02d92a5df096b3f6002637f546c6e19,valid,valid,true,valid,
business_duplicate_candidate,72883bfe608cf5e2dcf7d30de4ba3072f02d92a5df096b3f6002637f546c6e19,2,1,within_file,amount_raw,162df3db3df30488b7d052ce480b4876755a70d0aeb01407b52615e458a95726,Over__25K_Feb_26.csv,2026-02,44,2026-09-23T00:00:00+00:00,real_public_defra,false,,DE,Cefas,06/02/2026,Technical Services,Strategy and Delivery,Association of Commonwealth Universities,20217123,"£47,630.00", Training & Capacity?Building Services,WC1H 9HF,STANSME,3656,C8600, Training & Capacity?Building Services,195914172,2026-02-06,47630.00,GBP,10bef899b9660f5856fa58d1a7fe90e2095658f1cee32fd2ef2136a64a7d0806,72883bfe608cf5e2dcf7d30de4ba3072f02d92a5df096b3f6002637f546c6e19,valid,valid,true,valid,
business_duplicate_candidate,72aab41942aa16d3fae885bdadcdea82c4ba144df2f4b345e9b5e32237336228,2,1,within_file,transaction_date_raw,58332f95b130a68ecbb084873dc90a5b0003ab6747a665d371e4c45b3ea5ae4a,Over_25K_Transparency_report_April_25.csv,2025-04,593,2026-09-23T00:00:00+00:00,real_public_defra,false,,DE,NATURAL ENGLAND,14/04/2025,EXP-PURCHASE OF GOODS & SERVICES - DLL POND CREATION / RESTORATION,DLL Pond Management,KENT COUNTY COUNCIL,10070041361,"£43,134.00",Environmental (Land Use & Biodiversity) Services,ME14 1XQ,SUPPLIER,C22031,NE163787,Expense,GB20 426 9191,2025-04-14,43134.00,GBP,3e7d3ebbe57a191d38e881099df4b7f202c776ce8ad1761e9d57b5a6affe6768,72aab41942aa16d3fae885bdadcdea82c4ba144df2f4b345e9b5e32237336228,valid,valid,true,valid,
business_duplicate_candidate,72aab41942aa16d3fae885bdadcdea82c4ba144df2f4b345e9b5e32237336228,2,1,within_file,transaction_date_raw,ae704c3c7c56d719854a32ea42031fac0ada857163581acc6c54feb542356337,Over_25K_Transparency_report_April_25.csv,2025-04,594,2026-09-23T00:00:00+00:00,real_public_defra,false,,DE,NATURAL ENGLAND,24/04/2025,EXP-PURCHASE OF GOODS & SERVICES - DLL POND CREATION / RESTORATION,DLL Pond Management,KENT COUNTY COUNCIL,10070041361,"£43,134.00",Environmental (Land Use & Biodiversity) Services,ME14 1XQ,SUPPLIER,C22031,NE163787,Expense,GB20 426 9191,2025-04-24,43134.00,GBP,fc65e57d4029729bcae61dd01b91f9fdfb6a43a2f7da6c4d9621bd6c1c0db247,72aab41942aa16d3fae885bdadcdea82c4ba144df2f4b345e9b5e32237336228,valid,valid,true,valid,
business_duplicate_candidate,72f6fda13b6851ef9cbd1a49584f825b45b6bbca5dc1b4fe8121dde9a2375e75,2,1,cross_file,transaction_date_raw|expense_type|expense_area|amount_raw|supplier_postcode|expenditure_type|vat_registration_number,8ae1d380decfa9e25dafd2a45bfd79d9aa828931d9521ac804b76153b20147e0,Over++_25K++Mar+2025-Rev.csv,2025-03,1032,2026-09-23T00:00:00+00:00,real_public_defra,false,,DE,KEW,19/03/2025,Other,P4: Accelerated Taxonomy,Advanced Demand Side Management Ltd,7130617,"£40,960.25",Estates Wakehurst Energy,B60 4DJ,UK Supplier,,60043,Courier/Freight,705233371,2025-03-19,40960.25,GBP,cbd65204dc54243b077937b996ea46d77b77f3e1ab8d4941121fae8e280e9cfc,72f6fda13b6851ef9cbd1a49584f825b45b6bbca5dc1b4fe8121dde9a2375e75,valid,valid,true,valid,
business_duplicate_candidate,72f6fda13b6851ef9cbd1a49584f825b45b6bbca5dc1b4fe8121dde9a2375e75,2,1,cross_file,transaction_date_raw|expense_type|expense_area|amount_raw|supplier_postcode|expenditure_type|vat_registration_number,8aaaeade73b802b5dd34acc143e0064d122ac9e187932beb0c739077160c6a58,Over_25K_Transparency_report_April_25.csv,2025-04,9,2026-09-23T00:00:00+00:00,real_public_defra,false,,DE,KEW,16/04/2025,Consumables & Materials,Marketing & Membership,Advanced Demand Side Management Ltd,7130617,"£71,813.11",Estates Wakehurst Energy,TW1 3SP,UK Supplier,,60043,Publication production costs,GB232584272,2025-04-16,71813.11,GBP,7685062b910c90f5d40d986bcb5c74e08651ef605267ebeea8c0ce342e57b70e,72f6fda13b6851ef9cbd1a49584f825b45b6bbca5dc1b4fe8121dde9a2375e75,valid,valid,true,valid,
business_duplicate_candidate,73219ae1c13e65baeffe74216b511b3e2d3559bcd0959d023a912a0f0b629f24,2,1,within_file,expense_type|expense_area|amount_raw|po_category_description|contract_number|project_code,27c1d2f5d92de5449e08dda44fe9d5de0dee0b3266c7dc323e4e335cbf49b8eb,Over++_25K++Mar+2025-Rev.csv,2025-03,1193,2026-09-23T00:00:00+00:00,real_public_defra,false,,DE,NATURAL ENGLAND,24/03/2025,EXP - PURCHASE OF GOODS/SERVICES - OTHER - PROGRAMME EXPENDITURE,Sustainable Development,ICF CONSULTING SERVICES LTD,1010129909,42736.81,Operational Goods-Unclassified,EC2R 8HP,SUPPLIER,22928,NE163925,Expense,927 4872 86,2025-03-24,42736.81,GBP,fb8d3172557dac59f25016f6f8b4b0cbef861f0b016a50b687b74caef7506d17,73219ae1c13e65baeffe74216b511b3e2d3559bcd0959d023a912a0f0b629f24,valid,valid,true,valid,
business_duplicate_candidate,73219ae1c13e65baeffe74216b511b3e2d3559bcd0959d023a912a0f0b629f24,2,1,within_file,expense_type|expense_area|amount_raw|po_category_description|contract_number|project_code,54ae6a0aa1c313f48f70fb2787cc643b69e30a51d78bfd8868afa3ceeaafaecd,Over++_25K++Mar+2025-Rev.csv,2025-03,1198,2026-09-23T00:00:00+00:00,real_public_defra,false,,DE,NATURAL ENGLAND,24/03/2025,EXP - PURCHASE OF GOODS/SERVICES - RESEARCH & DEVELOPMENT - OTHER OUTSOURCED,Natural Capital & Ecosystem Assessment - Terrestrial,ICF CONSULTING SERVICES LTD,1010129909,27570.31,Research-Unclassified,EC2R 8HP,SUPPLIER,RDE619,00000000,Expense,927 4872 86,2025-03-24,27570.31,GBP,3d19bfc9fadcb36aa2f6d7b814cdb6adb160d64aa04d528269cb4180478fddc4,73219ae1c13e65baeffe74216b511b3e2d3559bcd0959d023a912a0f0b629f24,valid,valid,true,valid,
business_duplicate_candidate,732541c70256f8eef23bf38bdc58df67a4b2f8a6dd2bd6e2d663ffe230a36f03,2,1,cross_file,department|transaction_date_raw|amount_raw,604aad34e1f3278f1ac437901d47a2dd21a5b1ddc36d2e6083f89f38e34658f7,December_Over__25K.csv,2025-12,791,2026-09-23T00:00:00+00:00,real_public_defra,false,,DE,EA,18-Dec-2025,EXP - CAPITAL GRANTS TO LOCAL GOVERNMENT,EA FCRM Dir-SAME-Engineering Standards,KINGS LYNN INTERNAL DRAINAGE BOARD,1001614969,"-£200,000.10",GRANTS,PE30 5DD,SUPPLIER,,ENV0006083C,Expense,106280109,2025-12-18,-200000.10,GBP,9722fbd15ab722e2742af7c236c741ddb861f1216aafde7bcf8846d140e01494,732541c70256f8eef23bf38bdc58df67a4b2f8a6dd2bd6e2d663ffe230a36f03,valid,valid,true,warning,amount_non_positive_review
business_duplicate_candidate,732541c70256f8eef23bf38bdc58df67a4b2f8a6dd2bd6e2d663ffe230a36f03,2,1,cross_file,department|transaction_date_raw|amount_raw,c49ce486ed509a39f69f4a0823563e4ce5f45a85ba167fe4542b64288e6b1e3b,Defra_Over__25k_June_2025.csv,2025-06,763,2026-09-23T00:00:00+00:00,real_public_defra,false,,DEFRA,EA,03/06/2025,EXP - CAPITAL GRANTS TO LOCAL GOVERNMENT,EA FCRM Dir-SAME-Engineering Standards,KINGS LYNN INTERNAL DRAINAGE BOARD,1001614969,406100.1,GRANTS,PE30 5DD,SUPPLIER,,ENV0006083C,Expense,106280109,2025-06-03,406100.1,GBP,269e53acedb154b6b556d4354e298b50c5bcbbcc312ef92efe7f3a53e6833d27,732541c70256f8eef23bf38bdc58df67a4b2f8a6dd2bd6e2d663ffe230a36f03,valid,valid,true,valid,
business_duplicate_candidate,7bfca27fbe51728ad7597aebf059b36c5280a0b00b383e07750467d00fd52ecf,3,2,within_file,expense_type|expense_area|project_code,78338b3b77ae03279f8d8a71966607d80199e462afd527021592d64d7ad4beee,Defra__25k_May_25.csv,2025-05,764,2026-09-23T00:00:00+00:00,real_public_defra,false,,DEFRA,EA,21/05/2025,EXP - PURCHASE OF GOODS/SERVICES - VEHICLE MAINTENANCE,EA STA-CNS-DGFS-Contracts and Risk,FRAIKIN LTD,1001612564,661442.68,TRANSPORT & PLANT,CV3 4FJ,CUSTOMER,,,Expense,,2025-05-21,661442.68,GBP,8928a3714baaf6aa327c948e21959ef3b42917096873011a9be7a7a7f2c358a4,7bfca27fbe51728ad7597aebf059b36c5280a0b00b383e07750467d00fd52ecf,valid,valid,true,valid,
business_duplicate_candidate,7bfca27fbe51728ad7597aebf059b36c5280a0b00b383e07750467d00fd52ecf,3,2,within_file,expense_type|expense_area|project_code,cc373ee471f95de5e26fa3363efacd0901edfb782e3aedf8943c0005aaef2246,Defra__25k_May_25.csv,2025-05,765,2026-09-23T00:00:00+00:00,real_public_defra,false,,DEFRA,EA,21/05/2025,"EXP - PURCHASE OF GOODS/SERVICES - OTHER - V&P, BOATS & AIRCRAFT - SERVICE & REPAIR",EA STA-CNS-DGFS-Mgt,FRAIKIN LTD,1001612564,661442.68,TRANSPORT & PLANT,CV3 4FJ,CUSTOMER,,ENVHORES00187,Expense,,2025-05-21,661442.68,GBP,152468d20ad5bc0e880647e6535a48fbce3e84a124b203b57a7666bc9b2eb5d6,7bfca27fbe51728ad7597aebf059b36c5280a0b00b383e07750467d00fd52ecf,valid,valid,true,valid,
business_duplicate_candidate,7bfca27fbe51728ad7597aebf059b36c5280a0b00b383e07750467d00fd52ecf,3,2,within_file,expense_type|expense_area|project_code,c52ec7bce48057a690b5e71dc70b3f16e77c072755bc719dc2fc4cab5a3f0a54,Defra__25k_May_25.csv,2025-05,766,2026-09-23T00:00:00+00:00,real_public_defra,false,,DEFRA,EA,21/05/2025,"EXP - PURCHASE OF GOODS/SERVICES - OTHER - V&P, BOATS & AIRCRAFT - PURCHASE",EA STA-CNS-DGFS-Mgt,FRAIKIN LTD,1001612564,661442.68,TRANSPORT & PLANT,CV3 4FJ,CUSTOMER,,ENVHORES00187,Expense,,2025-05-21,661442.68,GBP,15071f4af79cb7078aaae2b407d918face9c5627869ab60234b3fbb3131ee332,7bfca27fbe51728ad7597aebf059b36c5280a0b00b383e07750467d00fd52ecf,valid,valid,true,valid,
business_duplicate_candidate,7cdc0203839e05da165a9ed68e0503a7edfad5f46d83096269355d9507d75369,2,1,within_file,supplier_postcode,e7059cf1f0331c87541c1c4e8e2a1c6a1560a1c091d12e6f62d1da3211676b71,Defra_Over__25k_June_2025.csv,2025-06,483,2026-09-23T00:00:00+00:00,real_public_defra,false,,DEFRA,KEW,10/06/2025,Consultancy & Professional Services,Visitor Programmes & Exhibitions,Raytell Electrical Co. Ltd,7134486,"52,594.88",IT Operations,,UK Supplier,,60558,Prof Fees - Construction,230699848,2025-06-10,52594.88,GBP,73a17507dff0029a668bf7b6dd555cca62dd59e3f70bc99a66c74b0156535319,7cdc0203839e05da165a9ed68e0503a7edfad5f46d83096269355d9507d75369,valid,valid,true,valid,
business_duplicate_candidate,7cdc0203839e05da165a9ed68e0503a7edfad5f46d83096269355d9507d75369,2,1,within_file,supplier_postcode,aa592050d07166395fb7b76166207e419de4b1a9ed632b65c02cc9d554621ac3,Defra_Over__25k_June_2025.csv,2025-06,484,2026-09-23T00:00:00+00:00,real_public_defra,false,,DEFRA,KEW,10/06/2025,Consultancy & Professional Services,Visitor Programmes & Exhibitions,Raytell Electrical Co. Ltd,7134486,"52,594.88",IT Operations,N14 5DJ,UK Supplier,,60558,Prof Fees - Construction,230699848,2025-06-10,52594.88,GBP,8e7fa44d5ab70a0173f6eec6bd67e7d7c09c0f8221fbc9b2df774b50347c251c,7cdc0203839e05da165a9ed68e0503a7edfad5f46d83096269355d9507d75369,valid,valid,true,valid,
business_duplicate_candidate,7f63ff022e7a1186f2c997ae4291de1fdeb3f88065308ea830c73df09d9f082c,8,7,within_file,expense_type|expense_area|po_category_description|project_code|expenditure_type,621ac8c96345e04fd1403441c4cb9f6b9de3b808cbff2d8eda0a247eea24b9d5,Defra__25k_May_25.csv,2025-05,811,2026-09-23T00:00:00+00:00,real_public_defra,false,,DEFRA,EA,23/05/2025,PPE - POA & AUC (OWNED) - COST - O/BAL,EA STA-CNS-DGFS-Mgt,LISTER WILDER LTD,1001613147,379089.03,TANGIBLE NBV,RG7 1HR,SUPPLIER,,ENV0006176C,Asset,GB 435 3703 62,2025-05-23,379089.03,GBP,6903a6db4e7418099d328e81132342f25930c0ec507d445878b95707d88b9d64,7f63ff022e7a1186f2c997ae4291de1fdeb3f88065308ea830c73df09d9f082c,valid,valid,true,valid,
business_duplicate_candidate,7f63ff022e7a1186f2c997ae4291de1fdeb3f88065308ea830c73df09d9f082c,8,7,within_file,expense_type|expense_area|po_category_description|project_code|expenditure_type,88e0cf057dd907e6ff36061665932ef5aadcf1d8e34e1d90fbd8407483ee24f2,Defra__25k_May_25.csv,2025-05,812,2026-09-23T00:00:00+00:00,real_public_defra,false,,DEFRA,EA,23/05/2025,PPE - POA & AUC (OWNED) - COST - O/BAL,EA STA-CNS-DGFS-Mgt,LISTER WILDER LTD,1001613147,379089.03,TANGIBLE NBV,RG7 1HR,SUPPLIER,,ENV0006176C,Asset,GB 435 3703 62,2025-05-23,379089.03,GBP,6903a6db4e7418099d328e81132342f25930c0ec507d445878b95707d88b9d64,7f63ff022e7a1186f2c997ae4291de1fdeb3f88065308ea830c73df09d9f082c,valid,valid,true,valid,
business_duplicate_candidate,7f63ff022e7a1186f2c997ae4291de1fdeb3f88065308ea830c73df09d9f082c,8,7,within_file,expense_type|expense_area|po_category_description|project_code|expenditure_type,9fd153b5906417fb4273a16195879ed92ab2aa401bbdc506425be3dc722d6f71,Defra__25k_May_25.csv,2025-05,813,2026-09-23T00:00:00+00:00,real_public_defra,false,,DEFRA,EA,23/05/2025,PPE - POA & AUC (OWNED) - COST - O/BAL,EA STA-CNS-DGFS-Mgt,LISTER WILDER LTD,1001613147,379089.03,TANGIBLE NBV,RG7 1HR,SUPPLIER,,ENV0006176C,Asset,GB 435 3703 62,2025-05-23,379089.03,GBP,6903a6db4e7418099d328e81132342f25930c0ec507d445878b95707d88b9d64,7f63ff022e7a1186f2c997ae4291de1fdeb3f88065308ea830c73df09d9f082c,valid,valid,true,valid,
business_duplicate_candidate,7f63ff022e7a1186f2c997ae4291de1fdeb3f88065308ea830c73df09d9f082c,8,7,within_file,expense_type|expense_area|po_category_description|project_code|expenditure_type,bf0e5c88a57632e0d14c0ddd3b3992e0717e515eb823ac8fb5e9caf9336cfc4c,Defra__25k_May_25.csv,2025-05,814,2026-09-23T00:00:00+00:00,real_public_defra,false,,DEFRA,EA,23/05/2025,PPE - POA & AUC (OWNED) - COST - O/BAL,EA STA-CNS-DGFS-Mgt,LISTER WILDER LTD,1001613147,379089.03,TANGIBLE NBV,RG7 1HR,SUPPLIER,,ENV0006176C,Asset,GB 435 3703 62,2025-05-23,379089.03,GBP,6903a6db4e7418099d328e81132342f25930c0ec507d445878b95707d88b9d64,7f63ff022e7a1186f2c997ae4291de1fdeb3f88065308ea830c73df09d9f082c,valid,valid,true,valid,
business_duplicate_candidate,7f63ff022e7a1186f2c997ae4291de1fdeb3f88065308ea830c73df09d9f082c,8,7,within_file,expense_type|expense_area|po_category_description|project_code|expenditure_type,32187cf136972c7a468d6651ef7b314e21cbf2dd555e785e8dca53e561972f0b,Defra__25k_May_25.csv,2025-05,815,2026-09-23T00:00:00+00:00,real_public_defra,false,,DEFRA,EA,23/05/2025,PPE - POA & AUC (OWNED) - COST - O/BAL,EA STA-CNS-DGFS-Mgt,LISTER WILDER LTD,1001613147,379089.03,TANGIBLE NBV,RG7 1HR,SUPPLIER,,ENV0006176C,Asset,GB 435 3703 62,2025-05-23,379089.03,GBP,6903a6db4e7418099d328e81132342f25930c0ec507d445878b95707d88b9d64,7f63ff022e7a1186f2c997ae4291de1fdeb3f88065308ea830c73df09d9f082c,valid,valid,true,valid,
business_duplicate_candidate,7f63ff022e7a1186f2c997ae4291de1fdeb3f88065308ea830c73df09d9f082c,8,7,within_file,expense_type|expense_area|po_category_description|project_code|expenditure_type,57946560e40b7397cb458cd0c810532cc6be36f867a0d9f3308b154f5281ce96,Defra__25k_May_25.csv,2025-05,816,2026-09-23T00:00:00+00:00,real_public_defra,false,,DEFRA,EA,23/05/2025,PPE - POA & AUC (OWNED) - COST - O/BAL,EA STA-CNS-DGFS-Mgt,LISTER WILDER LTD,1001613147,379089.03,TANGIBLE NBV,RG7 1HR,SUPPLIER,,ENV0006176C,Asset,GB 435 3703 62,2025-05-23,379089.03,GBP,6903a6db4e7418099d328e81132342f25930c0ec507d445878b95707d88b9d64,7f63ff022e7a1186f2c997ae4291de1fdeb3f88065308ea830c73df09d9f082c,valid,valid,true,valid,
business_duplicate_candidate,7f63ff022e7a1186f2c997ae4291de1fdeb3f88065308ea830c73df09d9f082c,8,7,within_file,expense_type|expense_area|po_category_description|project_code|expenditure_type,db30ab0a0d3da607a52586fe490c47f0286c0112bfcdf5a4dbee01c9e0f4d151,Defra__25k_May_25.csv,2025-05,817,2026-09-23T00:00:00+00:00,real_public_defra,false,,DEFRA,EA,23/05/2025,PPE - POA & AUC (OWNED) - COST - O/BAL,EA STA-CNS-DGFS-Mgt,LISTER WILDER LTD,1001613147,379089.03,TANGIBLE NBV,RG7 1HR,SUPPLIER,,ENV0006176C,Asset,GB 435 3703 62,2025-05-23,379089.03,GBP,6903a6db4e7418099d328e81132342f25930c0ec507d445878b95707d88b9d64,7f63ff022e7a1186f2c997ae4291de1fdeb3f88065308ea830c73df09d9f082c,valid,valid,true,valid,
business_duplicate_candidate,7f63ff022e7a1186f2c997ae4291de1fdeb3f88065308ea830c73df09d9f082c,8,7,within_file,expense_type|expense_area|po_category_description|project_code|expenditure_type,1effee6677a471fd877da99b4b843aae370537739db0e90b2281d839c0263e8c,Defra__25k_May_25.csv,2025-05,818,2026-09-23T00:00:00+00:00,real_public_defra,false,,DEFRA,EA,23/05/2025,EXP - PURCHASE OF GOODS/SERVICES - OTHER,EA STA-CNS-DGFS-Asset Management,LISTER WILDER LTD,1001613147,379089.03,OTHER COSTS,RG7 1HR,SUPPLIER,,,Expense,GB 435 3703 62,2025-05-23,379089.03,GBP,b44304864680fde84eeac46e7c886a4d33ee8cf6792cef0bb67c57d53a0bd342,7f63ff022e7a1186f2c997ae4291de1fdeb3f88065308ea830c73df09d9f082c,valid,valid,true,valid,
business_duplicate_candidate,801d429267e9640931f1a6b17321c121e94c2dd08446f51f52adda11e8ec6815,4,3,within_file,amount_raw|contract_number,d4c5e38aeccf6cb59e0d0a3e5bd69cd182f4c4c0cfb55e38f0a31dc5ba2db142,Defra_Over__25K_October_2025.csv,2025-10,513,2026-09-23T00:00:00+00:00,real_public_defra,false,,DEFRA,NATURAL ENGLAND,17-Oct-25,EXP CAPITAL GRANTS TO PTE SECTOR - PERSONS & NON PROFIT INSTIT'NS SERVING H'HOLD,"SGA LANDSCAPE, PEAT & SPECIES",NATIONAL TRUST,1010140017,103666.31,Grant-Capital Grant-Other,SN2 2NA,CUSTOMER,FUNDING 20456,NE163980,Expense,GB239503167,2025-10-17,103666.31,GBP,0d48223248388d41918d906b6cd8dd8ccdbd3d3453e6f7f8c30260ef88df5888,801d429267e9640931f1a6b17321c121e94c2dd08446f51f52adda11e8ec6815,valid,valid,true,valid,
business_duplicate_candidate,801d429267e9640931f1a6b17321c121e94c2dd08446f51f52adda11e8ec6815,4,3,within_file,amount_raw|contract_number,2f9fcab0030a8d5cdbdd008627e445c6b523ee2074114a48d55a432aae82bbc3,Defra_Over__25K_October_2025.csv,2025-10,514,2026-09-23T00:00:00+00:00,real_public_defra,false,,DEFRA,NATURAL ENGLAND,17-Oct-25,EXP CAPITAL GRANTS TO PTE SECTOR - PERSONS & NON PROFIT INSTIT'NS SERVING H'HOLD,"SGA LANDSCAPE, PEAT & SPECIES",NATIONAL TRUST,1010140017,51540.24,Grant-Capital Grant-Other,SN2 2NA,CUSTOMER,FUNDING20454,NE163980,Expense,GB239503167,2025-10-17,51540.24,GBP,a708f5df93671fe6bc9783c74794ed5bb93540aa9de578d4d8c3f9900d6ab892,801d429267e9640931f1a6b17321c121e94c2dd08446f51f52adda11e8ec6815,valid,valid,true,valid,
business_duplicate_candidate,801d429267e9640931f1a6b17321c121e94c2dd08446f51f52adda11e8ec6815,4,3,within_file,amount_raw|contract_number,57be214caad94475861972e1cfdea686978d240e8ad243f06d4b12969faf60d1,Defra_Over__25K_October_2025.csv,2025-10,515,2026-09-23T00:00:00+00:00,real_public_defra,false,,DEFRA,NATURAL ENGLAND,17-Oct-25,EXP CAPITAL GRANTS TO PTE SECTOR - PERSONS & NON PROFIT INSTIT'NS SERVING H'HOLD,"SGA LANDSCAPE, PEAT & SPECIES",NATIONAL TRUST,1010140017,51585.25,Grant-Capital Grant-Other,SN2 2NA,CUSTOMER,FUNDING 20455,NE163980,Expense,GB239503167,2025-10-17,51585.25,GBP,290bf9e8e1c2a930177303dfd4e334945b4b0855b0a2608a810cc22ca0ef322a,801d429267e9640931f1a6b17321c121e94c2dd08446f51f52adda11e8ec6815,valid,valid,true,valid,
business_duplicate_candidate,801d429267e9640931f1a6b17321c121e94c2dd08446f51f52adda11e8ec6815,4,3,within_file,amount_raw|contract_number,9bfe3dc67f09153842868a64952256a70cc45cb615573a1013d4a9a7efb8ebb9,Defra_Over__25K_October_2025.csv,2025-10,517,2026-09-23T00:00:00+00:00,real_public_defra,false,,DEFRA,NATURAL ENGLAND,17-Oct-25,EXP CAPITAL GRANTS TO PTE SECTOR - PERSONS & NON PROFIT INSTIT'NS SERVING H'HOLD,"SGA LANDSCAPE, PEAT & SPECIES",NATIONAL TRUST,1010140017,26845.96,Grant-Capital Grant-Other,SN2 2NA,CUSTOMER,FUNDING20458,NE163980,Expense,GB239503167,2025-10-17,26845.96,GBP,7251e41f6ceef8185a41b81f397e0cd0ba6d73610198af8fb51f3b649900ddeb,801d429267e9640931f1a6b17321c121e94c2dd08446f51f52adda11e8ec6815,valid,valid,true,valid,
business_duplicate_candidate,804e7f748fa51a3c7241a5493c61149ac01570fb7f68db759886b0de4818a429,2,1,cross_file,transaction_date_raw|expense_type|expense_area|amount_raw|supplier_postcode|expenditure_type|vat_registration_number,96ba0b5e696f89714d80a6a68b089f14b241360029ee29c058c0f37b433df5be,Over++_25K++Mar+2025-Rev.csv,2025-03,1022,2026-09-23T00:00:00+00:00,real_public_defra,false,,DE,KEW,12/03/2025,ICT,Information Technology,Anything Is Possible Media Limited,7130459,"£40,845.32",Autumn Events,SL6 3UD,UK Supplier,,60136,Hardware Maintenance and Repairs,GB 864 4753 92,2025-03-12,40845.32,GBP,c5d7145595f85c10c8c63b78690e9f04c21ae12903dffb3baddb7cc694d98e4a,804e7f748fa51a3c7241a5493c61149ac01570fb7f68db759886b0de4818a429,valid,valid,true,valid,
business_duplicate_candidate,804e7f748fa51a3c7241a5493c61149ac01570fb7f68db759886b0de4818a429,2,1,cross_file,transaction_date_raw|expense_type|expense_area|amount_raw|supplier_postcode|expenditure_type|vat_registration_number,3e0d6d15d5303c61910df8a51e5ee8c6f90021fdc3d388cd0842904d98487ec9,Over_25K_Transparency_report_April_25.csv,2025-04,26,2026-09-23T00:00:00+00:00,real_public_defra,false,,DE,KEW,09/04/2025,Capital/Equipment,Capital Development Programme,Anything Is Possible Media Limited,7130459,"£30,000.00",Autumn Events,W6 9BL,UK Supplier,,60136,New Works - pt1 - prof fees,830 7239 39,2025-04-09,30000.00,GBP,fcd86cb4d5e1661e61f8fc537d4affd16f9bbce2b7237197f127951d00c68311,804e7f748fa51a3c7241a5493c61149ac01570fb7f68db759886b0de4818a429,valid,valid,true,valid,
business_duplicate_candidate,81984d3bc5e4a109b52ed31d23aa1f24b8a56873fdf6336d1a6d17fc53162f80,2,1,cross_file,transaction_date_raw|expense_type|expense_area|amount_raw|supplier_postcode|expenditure_type|vat_registration_number,a4f2af0f18e33740271ba516a4542394f6c212f18f0c1d1f466e0f9792bc45c6,Over++_25K++Mar+2025-Rev.csv,2025-03,1034,2026-09-23T00:00:00+00:00,real_public_defra,false,,DE,KEW,19/03/2025,Capital/Equipment,Estates,INSCAPES,7130826,"£36,560.00",ICW projects,HP11 1JU,UK Supplier,,11733,New Works - pt1 - prof fees,GB 492004075,2025-03-19,36560.00,GBP,3a0b09c005a14851e1d68238091a8f772a105dfe6143f0964ea9ece1f8a90142,81984d3bc5e4a109b52ed31d23aa1f24b8a56873fdf6336d1a6d17fc53162f80,valid,valid,true,valid,
business_duplicate_candidate,81984d3bc5e4a109b52ed31d23aa1f24b8a56873fdf6336d1a6d17fc53162f80,2,1,cross_file,transaction_date_raw|expense_type|expense_area|amount_raw|supplier_postcode|expenditure_type|vat_registration_number,cb1da02a5fae79232bbcc663dda469e8e5daa1b32089040660b4284e214b2e67,Over_25K_Transparency_report_April_25.csv,2025-04,240,2026-09-23T00:00:00+00:00,real_public_defra,false,,DE,KEW,16/04/2025,Property Related,P0: Science Services & Labs,INSCAPES,7130826,"£50,113.60",ICW projects,RM9 6LP,UK Supplier,,11733,Furniture & fittings,GB549137720,2025-04-16,50113.60,GBP,3d71a9e74025207b0f9ba59e095ff4e1a7677570b9b93e65feab7b81e7cb9435,81984d3bc5e4a109b52ed31d23aa1f24b8a56873fdf6336d1a6d17fc53162f80,valid,valid,true,valid,
business_duplicate_candidate,83b3b4653a2a7d133188ffb6f010cb4356b0bfdaa1efcb28c64d0720c0d67a2c,4,3,within_file,expense_area|amount_raw|po_category_description|project_code,60e3bedeb1aff65c65cd19a07fe75ed6389b5951b9e6816830c3d2b2bfc3653d,Defra__25k_May_25.csv,2025-05,1026,2026-09-23T00:00:00+00:00,real_public_defra,false,,DEFRA,NE,22/05/2025,PPE - TRANSPORT EQUIPMENT (TE) (OWNED) - COST - ADDITIONS,NNR OPERATIONS TEAM,NOVUNA VEHICLE SOLUTIONS,1010132867,484519.61,Fleet-Vehicle Hire and Lease-Vehicle leasing,RG14 2PZ,SUPPLIER,C12965,NE161410,Asset,GB 823824822,2025-05-22,484519.61,GBP,7f7fdcc2014301f9c10dbc9bdbbda5529eda1deba6363df6f92476ff41b78832,83b3b4653a2a7d133188ffb6f010cb4356b0bfdaa1efcb28c64d0720c0d67a2c,valid,valid,true,valid,
business_duplicate_candidate,83b3b4653a2a7d133188ffb6f010cb4356b0bfdaa1efcb28c64d0720c0d67a2c,4,3,within_file,expense_area|amount_raw|po_category_description|project_code,17409857ee2a3fe7ed612d8fe4f4f85abeb489937852581edfc9dd8de0ea1255,Defra__25k_May_25.csv,2025-05,1027,2026-09-23T00:00:00+00:00,real_public_defra,false,,DEFRA,NE,22/05/2025,PPE - TRANSPORT EQUIPMENT (TE) (OWNED) - COST - ADDITIONS,NNR OPERATIONS TEAM,NOVUNA VEHICLE SOLUTIONS,1010132867,148889.13,Fleet-Vehicle Hire and Lease-Vehicle leasing,RG14 2PZ,SUPPLIER,C12965,NE161410,Asset,GB 823824822,2025-05-22,148889.13,GBP,4c7c886ebe3972d233fed44e2c7ae14bc56c707e1eaf03cc21951b716592ae4a,83b3b4653a2a7d133188ffb6f010cb4356b0bfdaa1efcb28c64d0720c0d67a2c,valid,valid,true,valid,
business_duplicate_candidate,83b3b4653a2a7d133188ffb6f010cb4356b0bfdaa1efcb28c64d0720c0d67a2c,4,3,within_file,expense_area|amount_raw|po_category_description|project_code,a4c7813919203e9c58b6e3f916b96d781477741aaccfb85be25fb925e181e7ba,Defra__25k_May_25.csv,2025-05,1028,2026-09-23T00:00:00+00:00,real_public_defra,false,,DEFRA,NE,22/05/2025,PPE - TRANSPORT EQUIPMENT (TE) (OWNED) - COST - ADDITIONS,NNR OPERATIONS TEAM,NOVUNA VEHICLE SOLUTIONS,1010132867,153006.19,Fleet-Vehicle Hire and Lease-Vehicle leasing,RG14 2PZ,SUPPLIER,C12965,NE161410,Asset,GB 823824822,2025-05-22,153006.19,GBP,b6b63af0d7c17bbe931c6f2d992607d1c8e51dea4aa097922bf140576967f822,83b3b4653a2a7d133188ffb6f010cb4356b0bfdaa1efcb28c64d0720c0d67a2c,valid,valid,true,valid,
business_duplicate_candidate,83b3b4653a2a7d133188ffb6f010cb4356b0bfdaa1efcb28c64d0720c0d67a2c,4,3,within_file,expense_area|amount_raw|po_category_description|project_code,6b847d7471b4242e8b9c01e7825d57c814446f3f04592296e407ea3a8628221d,Defra__25k_May_25.csv,2025-05,1029,2026-09-23T00:00:00+00:00,real_public_defra,false,,DEFRA,NE,22/05/2025,PPE - TRANSPORT EQUIPMENT (TE) (OWNED) - COST - ADDITIONS,HEN HARRIER PROGRAMME,NOVUNA VEHICLE SOLUTIONS,1010132867,76503.1,Fleet-Fleet-Vehicle Insurance,RG14 2PZ,SUPPLIER,C12965,0,Asset,GB 823824822,2025-05-22,76503.1,GBP,958d4fb888961ab45eea4abd22cbbe32bfe1598952d2ae0b26a96adec95a94a7,83b3b4653a2a7d133188ffb6f010cb4356b0bfdaa1efcb28c64d0720c0d67a2c,valid,valid,true,valid,
business_duplicate_candidate,857b487465389a426e27b835e506d3888dd86215e134a4c5a2a8f59e299aa961,2,1,cross_file,transaction_date_raw|amount_raw|project_code,2b3de5f20ace45385d3cbc74463f1310a59b765cb4d1636f45fe11b5e855270f,Over++_25K++Mar+2025-Rev.csv,2025-03,2280,2026-09-23T00:00:00+00:00,real_public_defra,false,,DE,EA,28/03/2025,EXP - PURCHASE OF GOODS/SERVICES -ACCOMM& BLDNG MGMT - GROUNDS MAINTENANCE,EA Ops-KSL-FCRM TTD-MEICA Operations & Maintenance,D F COULAM LTD,1001601099,38376.28,BUILDING COSTS,PE6 8AS,SUPPLIER,,ENV6005410R,Expense,139340417,2025-03-28,38376.28,GBP,b208eca54300eebd74d8f3f470da7d46fa470706180c672f7158391350059914,857b487465389a426e27b835e506d3888dd86215e134a4c5a2a8f59e299aa961,valid,valid,true,valid,
business_duplicate_candidate,857b487465389a426e27b835e506d3888dd86215e134a4c5a2a8f59e299aa961,2,1,cross_file,transaction_date_raw|amount_raw|project_code,5464af51fac20a94b26b825976611d4657e469f1a168a8b2d619a381c749819a,Over_25K_Transparency_report_April_25.csv,2025-04,835,2026-09-23T00:00:00+00:00,real_public_defra,false,,DE,EA,28/04/2025,EXP - PURCHASE OF GOODS/SERVICES -ACCOMM& BLDNG MGMT - GROUNDS MAINTENANCE,EA Ops-KSL-FCRM TTD-MEICA Operations & Maintenance,D F COULAM LTD,1001601099,"-£38,376.28",BUILDING COSTS,PE6 8AS,SUPPLIER,,,Expense,139340417,2025-04-28,-38376.28,GBP,bcae5bc1963b0aeb71245babcebc33a294e13afd04eaddef640b77154df93a6d,857b487465389a426e27b835e506d3888dd86215e134a4c5a2a8f59e299aa961,valid,valid,true,warning,amount_non_positive_review
business_duplicate_candidate,85ceaabdc89136b11bc2005df0ac39f89ab0dda56aecac5848029636bba4d8cf,2,1,within_file,amount_raw|po_category_description|contract_number,3a07ff29ebaa36ef35d2623ee778dbea5ee84c631724c54999b44264f9a86a35,Over_25K_Transparency_report_April_25.csv,2025-04,618,2026-09-23T00:00:00+00:00,real_public_defra,false,,DE,NATURAL ENGLAND,01/04/2025,EXP - PURCHASE OF GOODS/SERVICES - RESEARCH & DEVELOPMENT - OTHER OUTSOURCED,"SGA LANDSCAPE, PEAT & SPECIES",THE UK CENTRE FOR ECOLOGY AND HYDROLOGY UKCEH,10070039522,"£35,200.94",Research-Research-Research programs (capital R&D outsourced),OX10 8BB,SUPPLIER,C23767,NE163925,Expense,GB336940192,2025-04-01,35200.94,GBP,971d0179caba423ca62246f62f78cecf3a62784b12b3464469c03fbc6a5f5fb0,85ceaabdc89136b11bc2005df0ac39f89ab0dda56aecac5848029636bba4d8cf,valid,valid,true,valid,
business_duplicate_candidate,85ceaabdc89136b11bc2005df0ac39f89ab0dda56aecac5848029636bba4d8cf,2,1,within_file,amount_raw|po_category_description|contract_number,5ab898c2facb4f42802fdb7e319048ddc225932c4aa06bd49610cf8807d73456,Over_25K_Transparency_report_April_25.csv,2025-04,631,2026-09-23T00:00:00+00:00,real_public_defra,false,,DE,NATURAL ENGLAND,01/04/2025,EXP - PURCHASE OF GOODS/SERVICES - RESEARCH & DEVELOPMENT - OTHER OUTSOURCED,"SGA LANDSCAPE, PEAT & SPECIES",THE UK CENTRE FOR ECOLOGY AND HYDROLOGY UKCEH,10070039522,"£30,369.88",Professional Services Other-Environmental Services-Environmental (Land Use & Biodiversity) Services,OX10 8BB,SUPPLIER,Atamis C23767,NE163925,Expense,GB336940192,2025-04-01,30369.88,GBP,fc0bab7dc404f1239be2e0c1f6424c81b4442f2d736b7ecf96baac1d11bb2a18,85ceaabdc89136b11bc2005df0ac39f89ab0dda56aecac5848029636bba4d8cf,valid,valid,true,valid,
business_duplicate_candidate,8664c4062cd43c79697a04d1cbf09bac0308142074e9d23ee8927db7a5058892,2,1,within_file,expense_area|amount_raw|po_category_description,58e0d1d5c4a55e047cb2faf02c656061fd4f4e47a261dc14874a18d65fa2f485,Over++_25K++Mar+2025-Rev.csv,2025-03,1151,2026-09-23T00:00:00+00:00,real_public_defra,false,,DE,NATURAL ENGLAND,18/03/2025,EXP - PURCHASE OF GOODS/SERVICES - RESEARCH & DEVELOPMENT - OTHER OUTSOURCED,AGRI-ENVIRONMENT MONITORING AND EVALUATION,ICF CONSULTING SERVICES LTD,1010129490,74147.2,Science and Environmental Research-Unclassified,EC2R 8HP,SUPPLIER,C22928,00000000,Expense,927 4872 86,2025-03-18,74147.2,GBP,cd129e82cede2cc1dd02a46333ff32b92c4a793148c13e1818d31380dffdff5d,8664c4062cd43c79697a04d1cbf09bac0308142074e9d23ee8927db7a5058892,valid,valid,true,valid,
business_duplicate_candidate,8664c4062cd43c79697a04d1cbf09bac0308142074e9d23ee8927db7a5058892,2,1,within_file,expense_area|amount_raw|po_category_description,666135139e0e76a26884266b85d3465f2e72799d7901daee6efa2578137eab60,Over++_25K++Mar+2025-Rev.csv,2025-03,1153,2026-09-23T00:00:00+00:00,real_public_defra,false,,DE,NATURAL ENGLAND,18/03/2025,EXP - PURCHASE OF GOODS/SERVICES - RESEARCH & DEVELOPMENT - OTHER OUTSOURCED,SCIENCE AND EVIDENCE PROJECTS,ICF CONSULTING SERVICES LTD,1010129490,29820.37,Research programs (capital R&D outsourced),EC2R 8HP,SUPPLIER,C22928,00000000,Expense,927 4872 86,2025-03-18,29820.37,GBP,d65a69a67d5993e5936ec666a12462bfd35d03d9894049af6b42b23eec3fc3bc,8664c4062cd43c79697a04d1cbf09bac0308142074e9d23ee8927db7a5058892,valid,valid,true,valid,
business_duplicate_candidate,873fc5053128bd97e39894722d45536588cd1420bf7f34e81f368f378389bb60,3,2,within_file,expense_type|expense_area|po_category_description|project_code,9e9bc0b612589158b14a1b87284331a63e8916b4f8de1abb1e8d0e4e090d5b33,Defra__25k_May_25.csv,2025-05,590,2026-09-23T00:00:00+00:00,real_public_defra,false,,DEFRA,EA,14/05/2025,EXP - PURCHASE OF GOODS/SERVICES - CONSULTANCY - TECHNICAL,EA Ops-LNA-Env Mgt Central-Hydrology,OVE ARUP & PARTNERS LTD,1001610998,236904.24,FEES AND COMMISSIONS,NE1 3PL,SUPPLIER,,ENV7004192R,Expense,GB524461265,2025-05-14,236904.24,GBP,c9e537a28a03efcbe55d86f012e438b3214357336468c9a490a3436fea2ddcf1,873fc5053128bd97e39894722d45536588cd1420bf7f34e81f368f378389bb60,valid,valid,true,valid,
business_duplicate_candidate,873fc5053128bd97e39894722d45536588cd1420bf7f34e81f368f378389bb60,3,2,within_file,expense_type|expense_area|po_category_description|project_code,7c80948d8c6a6a26a24d51869af40a1044a485719d196582893e47fd3aaf5e08,Defra__25k_May_25.csv,2025-05,591,2026-09-23T00:00:00+00:00,real_public_defra,false,,DEFRA,EA,14/05/2025,EXP - PURCHASE OF GOODS/SERVICES - CONSULTANCY - TECHNICAL,EA Ops-LNA-Env Mgt Central-Hydrology,OVE ARUP & PARTNERS LTD,1001610998,236904.24,FEES AND COMMISSIONS,NE1 3PL,SUPPLIER,,ENV7004192R,Expense,GB524461265,2025-05-14,236904.24,GBP,c9e537a28a03efcbe55d86f012e438b3214357336468c9a490a3436fea2ddcf1,873fc5053128bd97e39894722d45536588cd1420bf7f34e81f368f378389bb60,valid,valid,true,valid,
business_duplicate_candidate,873fc5053128bd97e39894722d45536588cd1420bf7f34e81f368f378389bb60,3,2,within_file,expense_type|expense_area|po_category_description|project_code,64fcf512df060bcc9cf78aa37ead25491d284d575551a58f326afe3451516b7a,Defra__25k_May_25.csv,2025-05,592,2026-09-23T00:00:00+00:00,real_public_defra,false,,DEFRA,EA,14/05/2025,EXP EU CAPITAL GRANTS TO PTE SECTOR - PERS & NON PROFIT INSTIT'NS SERVING H'HOLD - CWEIY,EA Ops-LNA-Mgt,OVE ARUP & PARTNERS LTD,1001610998,236904.24,GRANTS,NE1 3PL,SUPPLIER,,ENV0002657C,Expense,GB524461265,2025-05-14,236904.24,GBP,c9e1d8b46b4322dfb03ba48e054b12acc5276049505453dba0859d81260913ad,873fc5053128bd97e39894722d45536588cd1420bf7f34e81f368f378389bb60,valid,valid,true,valid,
business_duplicate_candidate,89a4c93a51e3b86724a1fef5c5808d9a3cbd2422a27e5d1a648d3acdd363365b,2,1,within_file,expense_type|amount_raw|expenditure_type,00040731b9024c3a674c37edd7ca52640668c31820a7d2d522663959e8c3b5ac,Defra_Over__25k_June_2025.csv,2025-06,415,2026-09-23T00:00:00+00:00,real_public_defra,false,,DEFRA,NE,10/06/2025,EXP - PURCHASE OF GOODS/SERVICES - NON-PO INVOICES PENDING REALLOCATION,CORPORATE CONTRACTS,CORPORATE TRAVEL MANAGEMENT NORTH LTD,1010133583,229725.72,Business Travel Accommodation-Hotels,BD1 5HQ,SUPPLIER,,00000000,Expense,GB 708374122,2025-06-10,229725.72,GBP,b6cc544f912ffbfe293ba8d84afd0630817ea02985e5ce289982c46cd01032b4,89a4c93a51e3b86724a1fef5c5808d9a3cbd2422a27e5d1a648d3acdd363365b,valid,valid,true,valid,
business_duplicate_candidate,89a4c93a51e3b86724a1fef5c5808d9a3cbd2422a27e5d1a648d3acdd363365b,2,1,within_file,expense_type|amount_raw|expenditure_type,20fadab336e6451bb0b88e6d0dc75befe8a3f945e4ce8186a879fd0328d90c41,Defra_Over__25k_June_2025.csv,2025-06,416,2026-09-23T00:00:00+00:00,real_public_defra,false,,DEFRA,NE,10/06/2025,CA - OTHER RECEIVABLES - TRAVEL PROVIDER CONTROL ACCOUNT,CORPORATE CONTRACTS,CORPORATE TRAVEL MANAGEMENT NORTH LTD,1010133583,162351.75,Business Travel Accommodation-Hotels,BD1 5HQ,SUPPLIER,,00000000,Asset,GB 708374122,2025-06-10,162351.75,GBP,12c7d4190c2eb8da5c5970648df07d3bfd5b7f06451887f69fbc287254a6f8c6,89a4c93a51e3b86724a1fef5c5808d9a3cbd2422a27e5d1a648d3acdd363365b,valid,valid,true,valid,
business_duplicate_candidate,89b1c142c69f777c8318dac1010b522ed04e8a18d8a4450adee471098e69e28d,3,2,within_file,expense_type|expense_area|po_category_description|project_code,deaad6993818136fbf14e7cfde8f7050cf8c100599ee682cc0fb6383897964e9,Defra__25k_May_25.csv,2025-05,585,2026-09-23T00:00:00+00:00,real_public_defra,false,,DEFRA,EA,14/05/2025,EXP EU CAPITAL GRANTS TO PTE SECTOR - PERS & NON PROFIT INSTIT'NS SERVING H'HOLD - CWEIY,EA Ops-CLA-Mgt,JACOBS UK LTD,1001610979,114887.47,GRANTS,SE1 2QG,CIS SUPPLIER,,ENV0000495C,Expense,GB624298920,2025-05-14,114887.47,GBP,b0c66c5a56dcd093d19b27020a573b63df71326b67fabd0228a06388e5869e63,89b1c142c69f777c8318dac1010b522ed04e8a18d8a4450adee471098e69e28d,valid,valid,true,valid,
business_duplicate_candidate,89b1c142c69f777c8318dac1010b522ed04e8a18d8a4450adee471098e69e28d,3,2,within_file,expense_type|expense_area|po_category_description|project_code,2c59cabb8b1df488d33f39184dec25c6f78b440f71e8c0ee11758611d1dd57aa,Defra__25k_May_25.csv,2025-05,586,2026-09-23T00:00:00+00:00,real_public_defra,false,,DEFRA,EA,14/05/2025,EXP EU CAPITAL GRANTS TO PTE SECTOR - PERS & NON PROFIT INSTIT'NS SERVING H'HOLD - CWEIY,EA Ops-CLA-Mgt,JACOBS UK LTD,1001610979,114887.47,GRANTS,SE1 2QG,CIS SUPPLIER,,ENV0000495C,Expense,GB624298920,2025-05-14,114887.47,GBP,b0c66c5a56dcd093d19b27020a573b63df71326b67fabd0228a06388e5869e63,89b1c142c69f777c8318dac1010b522ed04e8a18d8a4450adee471098e69e28d,valid,valid,true,valid,
business_duplicate_candidate,89b1c142c69f777c8318dac1010b522ed04e8a18d8a4450adee471098e69e28d,3,2,within_file,expense_type|expense_area|po_category_description|project_code,41d5715ecc52b828a1d5fca2446079fa7821122b6765778d042e51e6733059cd,Defra__25k_May_25.csv,2025-05,587,2026-09-23T00:00:00+00:00,real_public_defra,false,,DEFRA,EA,14/05/2025,EXP - PURCHASE OF GOODS/SERVICES - CONSULTANCY - TECHNICAL,EA Ops-EAN-FCRM West-Programme,JACOBS UK LTD,1001610979,114887.47,FEES AND COMMISSIONS,SE1 2QG,CIS SUPPLIER,,ENV6004161R,Expense,GB624298920,2025-05-14,114887.47,GBP,77f8bff7a09815415956ce724affcd3cd63b8407feb0de7cff8a5ce780727e45,89b1c142c69f777c8318dac1010b522ed04e8a18d8a4450adee471098e69e28d,valid,valid,true,valid,
business_duplicate_candidate,8a37e2a7849f4471e3e0f2b9c9a07d731236626a5c88102930dfd09414b346f2,2,1,within_file,amount_raw,c93881eec80dad8aacf15cded393911eb15d51ec194c2f1c7fb1ad6c1de3c4c5,Defra_Over__25K_October_2025.csv,2025-10,435,2026-09-23T00:00:00+00:00,real_public_defra,false,,DEFRA,AHDB,31/10/2025,Invoice,Research,Agricarbon UK Limited,INV-0601,172993.43,Hyp Environment Team (124),DD2 5NQ,,,136229,,GB 317 080 524,2025-10-31,172993.43,GBP,2bf4c27c242daebaddeeef095f1fb051ac1f3d00f2a66d953afd848fd84345dd,8a37e2a7849f4471e3e0f2b9c9a07d731236626a5c88102930dfd09414b346f2,valid,valid,true,valid,
business_duplicate_candidate,8a37e2a7849f4471e3e0f2b9c9a07d731236626a5c88102930dfd09414b346f2,2,1,within_file,amount_raw,dc839613e7061c3c9d131e4ceefc944881e722e4dc6cc0f3fdb5195cb678bafa,Defra_Over__25K_October_2025.csv,2025-10,445,2026-09-23T00:00:00+00:00,real_public_defra,false,,DEFRA,AHDB,31/10/2025,Invoice,Research,Agricarbon UK Limited,INV-0601,34666.76,Hyp Environment Team (124),DD2 5NQ,,,136229,,GB 317 080 524,2025-10-31,34666.76,GBP,e0b989ccb2e3c6408c5b0c993b813a9792921988d6075ed4c583fb3a0ea54cbe,8a37e2a7849f4471e3e0f2b9c9a07d731236626a5c88102930dfd09414b346f2,valid,valid,true,valid,
business_duplicate_candidate,8abd4dc8c13719c0e627cfc2f05bee843bcb007f5147a9ed02214b750ef4ef65,4,3,within_file,expense_area|project_code,1a7938ff3985b72e82adb636198415c6c1d2d9fec4ca68bfc2cea6db9f27e0f0,Defra__25k_May_25.csv,2025-05,641,2026-09-23T00:00:00+00:00,real_public_defra,false,,DEFRA,EA,15/05/2025,PPE - POA & AUC (OWNED) - COST - O/BAL,EA Ops-WSX-Mgt,KIER INTERGRATED SERVICES LTD,1001611375,777740.65,TANGIBLE NBV,SG19 2BD,SUPPLIER,,ENV0001197C,Asset,1055 40018,2025-05-15,777740.65,GBP,becd144fe2955b94155c06b10beaa6b0fe0b07dd7cd958221f6253c22a93fc61,8abd4dc8c13719c0e627cfc2f05bee843bcb007f5147a9ed02214b750ef4ef65,valid,valid,true,valid,
business_duplicate_candidate,8abd4dc8c13719c0e627cfc2f05bee843bcb007f5147a9ed02214b750ef4ef65,4,3,within_file,expense_area|project_code,538d0b96d635ffb559f8e0ad90726d6dd317c60f2600854e6d8f4baa9c9db1ac,Defra__25k_May_25.csv,2025-05,642,2026-09-23T00:00:00+00:00,real_public_defra,false,,DEFRA,EA,15/05/2025,PPE - POA & AUC (OWNED) - COST - O/BAL,EA Ops-WSX-Mgt,KIER INTERGRATED SERVICES LTD,1001611375,777740.65,TANGIBLE NBV,SG19 2BD,SUPPLIER,,ENVIMSW002039,Asset,1055 40018,2025-05-15,777740.65,GBP,5db019b2fe2ec50630c07e97cc2f406e1a1e7f765abfd07ead20162aef5e3d01,8abd4dc8c13719c0e627cfc2f05bee843bcb007f5147a9ed02214b750ef4ef65,valid,valid,true,valid,
business_duplicate_candidate,8abd4dc8c13719c0e627cfc2f05bee843bcb007f5147a9ed02214b750ef4ef65,4,3,within_file,expense_area|project_code,6e58291cc31c8e6d5075939b786fd3af788632e5ea46085120efb3205609ecb2,Defra__25k_May_25.csv,2025-05,643,2026-09-23T00:00:00+00:00,real_public_defra,false,,DEFRA,EA,15/05/2025,PPE - POA & AUC (OWNED) - COST - O/BAL,EA Ops-WSX-Mgt,KIER INTERGRATED SERVICES LTD,1001611375,777740.65,TANGIBLE NBV,SG19 2BD,SUPPLIER,,ENV0001197C,Asset,1055 40018,2025-05-15,777740.65,GBP,becd144fe2955b94155c06b10beaa6b0fe0b07dd7cd958221f6253c22a93fc61,8abd4dc8c13719c0e627cfc2f05bee843bcb007f5147a9ed02214b750ef4ef65,valid,valid,true,valid,
business_duplicate_candidate,8abd4dc8c13719c0e627cfc2f05bee843bcb007f5147a9ed02214b750ef4ef65,4,3,within_file,expense_area|project_code,f88a5fa92759234420fd5cf121387db3206d3536ebee1ce5cfafdab03b80d80a,Defra__25k_May_25.csv,2025-05,644,2026-09-23T00:00:00+00:00,real_public_defra,false,,DEFRA,EA,15/05/2025,PPE - POA & AUC (OWNED) - COST - O/BAL,EA Ops-DCS-Mgt,KIER INTERGRATED SERVICES LTD,1001611375,777740.65,TANGIBLE NBV,SG19 2BD,SUPPLIER,,ENV0004444C,Asset,1055 40018,2025-05-15,777740.65,GBP,6ccf427a85ca90548bd576bcc17419565e958814cea30498f36e997f4f681c5a,8abd4dc8c13719c0e627cfc2f05bee843bcb007f5147a9ed02214b750ef4ef65,valid,valid,true,valid,
business_duplicate_candidate,8c6c427e58e6bf410a2abb2dbffff9db6a51e897bdedb7490d4a51bcfd2c7ed6,2,1,within_file,amount_raw|contract_number,bdc4b5bfa02247f19075553dfff02c810b621c9da769e3fd02dd943ade2c4d40,Over__25K_Feb_26.csv,2026-02,396,2026-09-23T00:00:00+00:00,real_public_defra,false,,DE,NATURAL ENGLAND,17/02/2026,EXP - CURRENT GRANTS TO PRIVATE SECTOR - NON PROFIT INSTITUTIONS SERVING H'HOLD,LANDSCAPE RECOVERY,RSPB,1010146375,"£38,304.32",Grant-Non Capital Grant-Non Procurement-Persons and NPISH (Non Profit Institutions Serving Households),SG19 2DL,SUPPLIER,ECM_66508,00000000,Expense,GB365969589,2026-02-17,38304.32,GBP,7333fdbadb8b4810a31b7f8ac7b9bcf1ac0090b30f9eb98de59b2d2f735032d0,8c6c427e58e6bf410a2abb2dbffff9db6a51e897bdedb7490d4a51bcfd2c7ed6,valid,valid,true,valid,
business_duplicate_candidate,8c6c427e58e6bf410a2abb2dbffff9db6a51e897bdedb7490d4a51bcfd2c7ed6,2,1,within_file,amount_raw|contract_number,dcc4029a11872b60c74518f0e0fc5f3faa724d67a2f22821799814a75a37ba0d,Over__25K_Feb_26.csv,2026-02,397,2026-09-23T00:00:00+00:00,real_public_defra,false,,DE,NATURAL ENGLAND,17/02/2026,EXP - CURRENT GRANTS TO PRIVATE SECTOR - NON PROFIT INSTITUTIONS SERVING H'HOLD,LANDSCAPE RECOVERY,RSPB,1010146375,"£34,527.58",Grant-Non Capital Grant-Non Procurement-Persons and NPISH (Non Profit Institutions Serving Households),SG19 2DL,SUPPLIER,C14107,00000000,Expense,GB365969589,2026-02-17,34527.58,GBP,757a0dcad6f29395d59e94608916c23ae4c1a5a833e9af87f206cfbe6073fb26,8c6c427e58e6bf410a2abb2dbffff9db6a51e897bdedb7490d4a51bcfd2c7ed6,valid,valid,true,valid,
business_duplicate_candidate,8e5230ed804993103f6fd76897650eb835c8208226adcb3efe2a27dcec8c34c4,2,1,within_file,amount_raw|contract_number,f7921ad8120075d4ddce21bddd0093880240ff046c49ae52c3568707d7155c34,Over__25K_Transparency_Jan_26.csv,2026-01,44,2026-09-23T00:00:00+00:00,real_public_defra,false,,DE,NATURAL ENGLAND,07/01/2026,EXP - PURCHASE OF GOODS/SERVICES - RESEARCH & DEVELOPMENT - OTHER OUTSOURCED,Natural Capital & Ecosystem Assessment - Terrestrial,BRISTOL NATURAL HISTORY CONSORTIUM,1010144308,"£35,352.00",Research-Research-Research-Unclassified,BS1 6NL,SUPPLIER,C29087,00000000,Expense,935 1572 21,2026-01-07,35352.00,GBP,ec5beae30aba77f7479de2dae1d74c52d1cec0360dd0790957a970af3b178584,8e5230ed804993103f6fd76897650eb835c8208226adcb3efe2a27dcec8c34c4,valid,valid,true,valid,
business_duplicate_candidate,8e5230ed804993103f6fd76897650eb835c8208226adcb3efe2a27dcec8c34c4,2,1,within_file,amount_raw|contract_number,126e77695597a8a199a3a2630af5136cb1d4b948d199739c6c410fa3ad340da7,Over__25K_Transparency_Jan_26.csv,2026-01,45,2026-09-23T00:00:00+00:00,real_public_defra,false,,DE,NATURAL ENGLAND,07/01/2026,EXP - PURCHASE OF GOODS/SERVICES - RESEARCH & DEVELOPMENT - OTHER OUTSOURCED,Natural Capital & Ecosystem Assessment - Terrestrial,BRISTOL NATURAL HISTORY CONSORTIUM,1010144308,"£27,000.00",Research-Research-Research-Unclassified,BS1 6NL,SUPPLIER,Sub-50k,00000000,Expense,935 1572 21,2026-01-07,27000.00,GBP,3968ab463becbcf050f40075145629b439ef9149b8371e07b7562be40808a351,8e5230ed804993103f6fd76897650eb835c8208226adcb3efe2a27dcec8c34c4,valid,valid,true,valid,
business_duplicate_candidate,8f3e53fc8c7e43cc9082c0f365cd587b63d85d495980b9892fc683897f0c45f7,2,1,within_file,expense_type|po_category_description|project_code|expenditure_type,de0fe368bf1bd0a52ddfb951bc08c490d4a564eba12b4b984bc9c93a334fcad4,Defra__25k_May_25.csv,2025-05,531,2026-09-23T00:00:00+00:00,real_public_defra,false,,DEFRA,EA,13/05/2025,EXP EU CAPITAL GRANTS TO PTE SECTOR - PERS & NON PROFIT INSTIT'NS SERVING H'HOLD - CWEIY,EA Ops-WSX-Mgt,KIER INTERGRATED SERVICES LTD,1001610434,141759.1,GRANTS,M2 2EE,SUPPLIER,,ENV0000727C,Expense,1055 40018,2025-05-13,141759.1,GBP,f8212d11dcce9dd7520175222cd0c33656ae03e98a19d9e7be4e238c28b8a730,8f3e53fc8c7e43cc9082c0f365cd587b63d85d495980b9892fc683897f0c45f7,valid,valid,true,valid,
business_duplicate_candidate,8f3e53fc8c7e43cc9082c0f365cd587b63d85d495980b9892fc683897f0c45f7,2,1,within_file,expense_type|po_category_description|project_code|expenditure_type,f639722cd63ff015e2a25652b18435ecb3c4771896e572f42836e0add2dbcccd,Defra__25k_May_25.csv,2025-05,532,2026-09-23T00:00:00+00:00,real_public_defra,false,,DEFRA,EA,13/05/2025,PPE - POA & AUC (OWNED) - COST - O/BAL,EA Ops-WSX-Mgt,KIER INTERGRATED SERVICES LTD,1001610434,141759.1,TANGIBLE NBV,M2 2EE,SUPPLIER,,ENV0004970C,Asset,1055 40018,2025-05-13,141759.1,GBP,795710105819c752117bb319c5f3f58bf1ef5feb4cf966f75de9b0f1269cd1e2,8f3e53fc8c7e43cc9082c0f365cd587b63d85d495980b9892fc683897f0c45f7,valid,valid,true,valid,
business_duplicate_candidate,8f8af3460f8bd33c9034e7f256382e24f521c87613074d12cd955e80df23dd17,2,1,within_file,amount_raw|contract_number,3434574ce7c2b2214a63d9fe32f9c09f86371d4108d7ffdbf6355aa06b4b6242,Over++_25K++Mar+2025-Rev.csv,2025-03,1178,2026-09-23T00:00:00+00:00,real_public_defra,false,,DE,NATURAL ENGLAND,21/03/2025,EXP - PURCHASE OF GOODS/SERVICES - OTHER - PROGRAMME EXPENDITURE,"SGA LANDSCAPE, PEAT & SPECIES",IMPROVEMENT & DEVELOPMENT AGENCY FOR LOCAL GOVERNMENT,1010129730,48000,Operational Goods-Unclassified,SW1P 3HZ,SUPPLIER(1),Sub-£50k,NE163925,Expense,GB540385554,2025-03-21,48000,GBP,dc6f7c6fea803ec06157ea271804cc84e0e2f90df7c5eb4f2538a68a0a726a6f,8f8af3460f8bd33c9034e7f256382e24f521c87613074d12cd955e80df23dd17,valid,valid,true,valid,
business_duplicate_candidate,8f8af3460f8bd33c9034e7f256382e24f521c87613074d12cd955e80df23dd17,2,1,within_file,amount_raw|contract_number,3246d79a5a72d210c82283cd8680b27d713ce7d1a903e951fccbc2166211af4a,Over++_25K++Mar+2025-Rev.csv,2025-03,1179,2026-09-23T00:00:00+00:00,real_public_defra,false,,DE,NATURAL ENGLAND,21/03/2025,EXP - PURCHASE OF GOODS/SERVICES - OTHER - PROGRAMME EXPENDITURE,"SGA LANDSCAPE, PEAT & SPECIES",IMPROVEMENT & DEVELOPMENT AGENCY FOR LOCAL GOVERNMENT,1010129730,37515.78,Operational Goods-Unclassified,SW1P 3HZ,SUPPLIER(1),SUB-£50K,NE163925,Expense,GB540385554,2025-03-21,37515.78,GBP,9f36fd8f804cebc2b8b041163a90abbd954b574c0f4c68b2d35fa31cdbe775e6,8f8af3460f8bd33c9034e7f256382e24f521c87613074d12cd955e80df23dd17,valid,valid,true,valid,
business_duplicate_candidate,90487a0f63405100782ac3156dc5539b54476b28b96aba40ba0be2586eb09af2,2,1,within_file,expense_area|amount_raw|po_category_description,04432e526b0b0dd6265b86ddac9a2eb885a1123c26f4a7d396761fb582027b90,Over__25K_Feb_26.csv,2026-02,257,2026-09-23T00:00:00+00:00,real_public_defra,false,,DE,NATURAL ENGLAND,05/02/2026,EXP - PURCHASE OF GOODS/SERVICES - RESEARCH & DEVELOPMENT - OTHER OUTSOURCED,Natural Capital & Ecosystem Assessment - Terrestrial,ICF CONSULTING SERVICES LTD,1010145648,"£47,095.20",Research-Research-Research-Unclassified,EC2R 8HP,SUPPLIER,C22928,00000000,Expense,927 4872 86,2026-02-05,47095.20,GBP,7c7b2c394613bdc2587e69e81d87a2e92db354549c743035ea7d22b19401dd61,90487a0f63405100782ac3156dc5539b54476b28b96aba40ba0be2586eb09af2,valid,valid,true,valid,
business_duplicate_candidate,90487a0f63405100782ac3156dc5539b54476b28b96aba40ba0be2586eb09af2,2,1,within_file,expense_area|amount_raw|po_category_description,7b36355944bc7f803ad41a1cbabfa600ed1ed00fc173de31b08f1d1cded17273,Over__25K_Feb_26.csv,2026-02,258,2026-09-23T00:00:00+00:00,real_public_defra,false,,DE,NATURAL ENGLAND,05/02/2026,EXP - PURCHASE OF GOODS/SERVICES - RESEARCH & DEVELOPMENT - OTHER OUTSOURCED,AGRI-ENVIRONMENT MONITORING AND EVALUATION,ICF CONSULTING SERVICES LTD,1010145648,"£28,085.80",Research-Science and Environmental Research-Science and Environmental Research-Unclassified,EC2R 8HP,SUPPLIER,C22928,00000000,Expense,927 4872 86,2026-02-05,28085.80,GBP,660c37f1db33ca3c06dbc7fc13474fa8f53465ca3b9c99e35f3788b882d16e8d,90487a0f63405100782ac3156dc5539b54476b28b96aba40ba0be2586eb09af2,valid,valid,true,valid,
business_duplicate_candidate,90ad0d5db9fdc817becc6b7556413480fa8c9692ffb576727cc7769beff4da8a,2,1,within_file,amount_raw,efd7bab12c78a4cfbda010c7f973b8fa3512f6cb160c9d7a824bc4418eecf998,Over_25K_Transparency_report_April_25.csv,2025-04,497,2026-09-23T00:00:00+00:00,real_public_defra,false,,DE,NATURAL ENGLAND,30/04/2025,EXP - PURCHASE OF GOODS/SERVICES - OTHER - PROGRAMME EXPENDITURE,ANALYTICS TEAM,DEFRA,10070044544,"£355,092.16",Operational Goods-Operational Goods-Operational Goods-Unclassified,YO1 7PX,SUPPLIER,DFP (DEFRA),00000000,Expense,888800181,2025-04-30,355092.16,GBP,69f28477b45cddef1dcd662ef1fc33d3ee3494198ba916f97c070c4edb8fdc71,90ad0d5db9fdc817becc6b7556413480fa8c9692ffb576727cc7769beff4da8a,valid,valid,true,valid,
business_duplicate_candidate,90ad0d5db9fdc817becc6b7556413480fa8c9692ffb576727cc7769beff4da8a,2,1,within_file,amount_raw,753ddc413eaf1f82bac07e0683317f8384f8c86ac05fabad9cc2dafe78ad5ff3,Over_25K_Transparency_report_April_25.csv,2025-04,504,2026-09-23T00:00:00+00:00,real_public_defra,false,,DE,NATURAL ENGLAND,30/04/2025,EXP - PURCHASE OF GOODS/SERVICES - OTHER - PROGRAMME EXPENDITURE,ANALYTICS TEAM,DEFRA,10070044544,"£234,803.63",Operational Goods-Operational Goods-Operational Goods-Unclassified,YO1 7PX,SUPPLIER,DFP (DEFRA),00000000,Expense,888800181,2025-04-30,234803.63,GBP,7db2e838a8a5c07098024e857a9a1329735e88a90ca09ca7269894646f990561,90ad0d5db9fdc817becc6b7556413480fa8c9692ffb576727cc7769beff4da8a,valid,valid,true,valid,
business_duplicate_candidate,91460f78872a5849e8bcf28fe885fddce01facd39f912a5bff18b83e72f82d69,4,3,within_file,expense_area|amount_raw|po_category_description|contract_number,c9ba77aae27dcd48730f9bad316cb1d98679436f6c4778081ca00e95a0a37832,Over++_25K++Mar+2025-Rev.csv,2025-03,1213,2026-09-23T00:00:00+00:00,real_public_defra,false,,DE,NATURAL ENGLAND,26/03/2025,EXP - PURCHASE OF GOODS/SERVICES - RESEARCH & DEVELOPMENT - OTHER OUTSOURCED,Natural Capital & Ecosystem Assessment - Terrestrial,ICF CONSULTING SERVICES LTD,1010130061,226862.69,Science and Environmental Research-Unclassified,EC2R 8HP,SUPPLIER,"C22928, S-0902",00000000,Expense,927 4872 86,2025-03-26,226862.69,GBP,508ca1a5f7fc22541352c7654d50db1aa1b1fb280114a8444dfe6bed27c9eb5f,91460f78872a5849e8bcf28fe885fddce01facd39f912a5bff18b83e72f82d69,valid,valid,true,valid,
business_duplicate_candidate,91460f78872a5849e8bcf28fe885fddce01facd39f912a5bff18b83e72f82d69,4,3,within_file,expense_area|amount_raw|po_category_description|contract_number,f6130c511dd5800500677ac389b7975e195ce0fdea216f16a2d78e26b3866bed,Over++_25K++Mar+2025-Rev.csv,2025-03,1214,2026-09-23T00:00:00+00:00,real_public_defra,false,,DE,NATURAL ENGLAND,26/03/2025,EXP - PURCHASE OF GOODS/SERVICES - RESEARCH & DEVELOPMENT - OTHER OUTSOURCED,NATURAL CAPITAL ECOSYSTEM ASSESSMENT - MARINE EVIDENCE,ICF CONSULTING SERVICES LTD,1010130061,159268.07,Research programs (capital R&D outsourced),EC2R 8HP,SUPPLIER,C22928,00000000,Expense,927 4872 86,2025-03-26,159268.07,GBP,443ecde71b8e5b52096edd1911dfe6c837083f530ba6adf6f9b6a396ff04baa7,91460f78872a5849e8bcf28fe885fddce01facd39f912a5bff18b83e72f82d69,valid,valid,true,valid,
business_duplicate_candidate,91460f78872a5849e8bcf28fe885fddce01facd39f912a5bff18b83e72f82d69,4,3,within_file,expense_area|amount_raw|po_category_description|contract_number,01da16952806cb37937e5f00e33b785e3e1798bf8d50e9741a6a9516f92ac417,Over++_25K++Mar+2025-Rev.csv,2025-03,1215,2026-09-23T00:00:00+00:00,real_public_defra,false,,DE,NATURAL ENGLAND,26/03/2025,EXP - PURCHASE OF GOODS/SERVICES - RESEARCH & DEVELOPMENT - OTHER OUTSOURCED,NATURAL CAPITAL ECOSYSTEM ASSESSMENT - MARINE EVIDENCE,ICF CONSULTING SERVICES LTD,1010130061,87426,Research-Unclassified,EC2R 8HP,SUPPLIER,S-O5956,00000000,Expense,927 4872 86,2025-03-26,87426,GBP,9feeca3158828041fa60e7f91100fc66cbc841ee10382a634a7c94374599ab5f,91460f78872a5849e8bcf28fe885fddce01facd39f912a5bff18b83e72f82d69,valid,valid,true,valid,
business_duplicate_candidate,91460f78872a5849e8bcf28fe885fddce01facd39f912a5bff18b83e72f82d69,4,3,within_file,expense_area|amount_raw|po_category_description|contract_number,d40db043cb88ec89ac691cbe924bdd235ab0c824cb53f49b285d4523a1890125,Over++_25K++Mar+2025-Rev.csv,2025-03,1228,2026-09-23T00:00:00+00:00,real_public_defra,false,,DE,NATURAL ENGLAND,26/03/2025,EXP - PURCHASE OF GOODS/SERVICES - RESEARCH & DEVELOPMENT - OTHER OUTSOURCED,NATURAL CAPITAL ECOSYSTEM ASSESSMENT - MARINE EVIDENCE,ICF CONSULTING SERVICES LTD,1010130061,25702.6,Research programs (capital R&D outsourced),EC2R 8HP,SUPPLIER,C22928,00000000,Expense,927 4872 86,2025-03-26,25702.6,GBP,e2a5e04398deeaa6833669af3e4093aa3c7e221b0d657632b178251c5a7534d2,91460f78872a5849e8bcf28fe885fddce01facd39f912a5bff18b83e72f82d69,valid,valid,true,valid,
business_duplicate_candidate,942b5d70847961a1dc8737d94904cf2507cfe5b07a4533050c5e4529ad6693be,2,1,cross_file,transaction_date_raw|expense_type|expense_area|amount_raw|supplier_postcode|expenditure_type|vat_registration_number,a9fa5188f829903e2bf84fdfe4ceddc5c41883545f43930c302ef9c465168efb,Over++_25K++Mar+2025-Rev.csv,2025-03,1040,2026-09-23T00:00:00+00:00,real_public_defra,false,,DE,KEW,25/03/2025,Advertising and Publicity,Marketing & Membership,"Royal Holloway and Bedford New College (known as Royal Holloway, University of London",7130899,"£60,206.69",Landscape Ecology Programme - Sky sponsorship (year 4),BN1 4EA,UK Supplier,,60532,Advertising & publicity,275 3687 64,2025-03-25,60206.69,GBP,3654f8885eb173a644ed2b717d6350a3291009398e839535b7fbe3bfcc90464f,942b5d70847961a1dc8737d94904cf2507cfe5b07a4533050c5e4529ad6693be,valid,valid,true,valid,
business_duplicate_candidate,942b5d70847961a1dc8737d94904cf2507cfe5b07a4533050c5e4529ad6693be,2,1,cross_file,transaction_date_raw|expense_type|expense_area|amount_raw|supplier_postcode|expenditure_type|vat_registration_number,33ff489df738626a5632501a8aa0751b2b34652870971d60575ca04ca5b4de62,Over_25K_Transparency_report_April_25.csv,2025-04,369,2026-09-23T00:00:00+00:00,real_public_defra,false,,DE,KEW,16/04/2025,Capital/Equipment,Capital Development Programme,"Royal Holloway and Bedford New College (known as Royal Holloway, University of London",7130899,"£28,415.00",Landscape Ecology Programme - Sky sponsorship (year 4),W1T 3DA,UK Supplier,,60532,New works-Pt I-other costs,,2025-04-16,28415.00,GBP,48bd2c6274439048fcb1be44bac6488195016bfbc39cd610299fce04e0ca0a7a,942b5d70847961a1dc8737d94904cf2507cfe5b07a4533050c5e4529ad6693be,valid,valid,true,valid,
business_duplicate_candidate,95a6819bf48eeed584a462d6b35653ea8313e324a250c2248f90ae7283ba4cdd,2,1,within_file,expense_area|project_code,b17cada900b7d828813a76805f23069030d3cdc498dd31424a30fd57eff792f8,Defra__25k_May_25.csv,2025-05,396,2026-09-23T00:00:00+00:00,real_public_defra,false,,DEFRA,EA,02/05/2025,EXP - PURCHASE OF GOODS/SERVICES - CONSULTANCY - TECHNICAL,EA Ops-KSL-Mgt,ARCADIS CONSULTING UK LTD,1001608541,121846.96,FEES AND COMMISSIONS,M60 3NT,SUPPLIER,,ENV7005105R,Expense,GB 8727 99950,2025-05-02,121846.96,GBP,c0bb644104869ed6236597149fcd1520ce5a112700f4c5d70c1e5c553d664735,95a6819bf48eeed584a462d6b35653ea8313e324a250c2248f90ae7283ba4cdd,valid,valid,true,valid,
business_duplicate_candidate,95a6819bf48eeed584a462d6b35653ea8313e324a250c2248f90ae7283ba4cdd,2,1,within_file,expense_area|project_code,8d159d4ce8326904733e97388faeaf495062050a6fd6b643a4ffaa815060cf5f,Defra__25k_May_25.csv,2025-05,397,2026-09-23T00:00:00+00:00,real_public_defra,false,,DEFRA,EA,02/05/2025,EXP - PURCHASE OF GOODS/SERVICES - CONSULTANCY - TECHNICAL,EA Ops-KSL-FCRM-Mgt,ARCADIS CONSULTING UK LTD,1001608541,121846.96,FEES AND COMMISSIONS,M60 3NT,SUPPLIER,,ENVIMSE100382R,Expense,GB 8727 99950,2025-05-02,121846.96,GBP,8a6873fc8c3a9e13e0a132b62077df645a23d5d6591a3771636e08f50864cbf2,95a6819bf48eeed584a462d6b35653ea8313e324a250c2248f90ae7283ba4cdd,valid,valid,true,valid,
business_duplicate_candidate,96f347f7477782c94d2e4f2aed7ef8b7ad0b9f6f6410f1899dc6883728dfad36,2,1,within_file,amount_raw,fa1e6260593d5967ceb24f86c94269d3ba9204464a20f7c340d7b5af01c155de,Over__25K_Transparency_July.csv,2025-07,17,2026-09-23T00:00:00+00:00,real_public_defra,false,,DE,AHDB,25-Jul-25,Invoice,Research,Bluesky International Limited,164906,"£66,869.25",Environmental Baselining,LE65 2AS,,,136229,,265885355,2025-07-25,66869.25,GBP,5164b1c077ddc028826036085494c235a1de2c1cf474eb4898c8a3d2b5887a13,96f347f7477782c94d2e4f2aed7ef8b7ad0b9f6f6410f1899dc6883728dfad36,valid,valid,true,valid,
business_duplicate_candidate,96f347f7477782c94d2e4f2aed7ef8b7ad0b9f6f6410f1899dc6883728dfad36,2,1,within_file,amount_raw,25b3debdb9cf11a6f8938c8cc4a8a7fee5adf238185896f958b50b320e7786b9,Over__25K_Transparency_July.csv,2025-07,18,2026-09-23T00:00:00+00:00,real_public_defra,false,,DE,AHDB,25-Jul-25,Invoice,Research,Bluesky International Limited,164906,"£29,013.33",Environmental Baselining,LE65 2AS,,,136229,,265885355,2025-07-25,29013.33,GBP,17e967cba151889f57025e3020be70023caa879e35b6fed19b6226c57e6e1331,96f347f7477782c94d2e4f2aed7ef8b7ad0b9f6f6410f1899dc6883728dfad36,valid,valid,true,valid,
business_duplicate_candidate,98c60aae239e4da33c0f1f806de9e500a826ab94bc5822b344489754bcf571d1,2,1,within_file,amount_raw|contract_number,0adcc86cd6ea85f5e35d66f1b173745c0b10fb1092bf5756135c96bb073640a9,August_Over__25K_Transparency.csv,2025-08,338,2026-09-23T00:00:00+00:00,real_public_defra,false,,DE,NE,13/08/2025,EXP CAPITAL GRANTS TO PTE SECTOR - PERSONS & NON PROFIT INSTIT'NS SERVING H'HOLD,"SGA LANDSCAPE, PEAT & SPECIES",BUTTERFLY CONSERVATION,1010136857,"£76,257.46",Grant-Capital Grant-Other,BH20 5QP,3RD SECTOR SUPPLIER,FUNDING20434,NE163980,Expense,GB991277189,2025-08-13,76257.46,GBP,50556100d9dedd9cc0dc371193298c1c103cde56093e9c26bfc2b824edf401ca,98c60aae239e4da33c0f1f806de9e500a826ab94bc5822b344489754bcf571d1,valid,valid,true,valid,
business_duplicate_candidate,98c60aae239e4da33c0f1f806de9e500a826ab94bc5822b344489754bcf571d1,2,1,within_file,amount_raw|contract_number,50c4b5e77c4817cc4dae883caff0ead2e9877dd57a810ad078fa41bfeaf70061,August_Over__25K_Transparency.csv,2025-08,339,2026-09-23T00:00:00+00:00,real_public_defra,false,,DE,NE,13/08/2025,EXP CAPITAL GRANTS TO PTE SECTOR - PERSONS & NON PROFIT INSTIT'NS SERVING H'HOLD,"SGA LANDSCAPE, PEAT & SPECIES",BUTTERFLY CONSERVATION,1010136857,"£51,500.00",Grant-Capital Grant-Other,BH20 5QP,3RD SECTOR SUPPLIER,FUNDING20433,NE163980,Expense,GB991277189,2025-08-13,51500.00,GBP,d767202100f9f9d9f2fdd933ce2776cd247cb9b185cc3503120d613462ea738e,98c60aae239e4da33c0f1f806de9e500a826ab94bc5822b344489754bcf571d1,valid,valid,true,valid,
business_duplicate_candidate,9a7ac75da714b1f9fc52d4d0bfb5747bce759cbf76688c09612584225246e3f5,2,1,within_file,expense_area,bca83e41c7e2c8f41057b2d55cc5c58da81e62bb2432e6a3dbcd71835d789f2b,Defra__25k_May_25.csv,2025-05,824,2026-09-23T00:00:00+00:00,real_public_defra,false,,DEFRA,EA,23/05/2025,Exp - Purchase Of Goods/Services - Consultancy,EA FCRM Dir-MPPD-PCM-NE,MOTT MACDONALD LTD,1001613166,135955.56,FEES AND COMMISSIONS,CR0 2EE,SUPPLIER,,,Expense,GB 523765636,2025-05-23,135955.56,GBP,a4536f291ddd0ee3c6a8d6f0c57d6260043812dc7165da67a8dd1d5934f655e2,9a7ac75da714b1f9fc52d4d0bfb5747bce759cbf76688c09612584225246e3f5,valid,valid,true,valid,
business_duplicate_candidate,9a7ac75da714b1f9fc52d4d0bfb5747bce759cbf76688c09612584225246e3f5,2,1,within_file,expense_area,944a87a6393e5d78ba251e4711e264e1ad485fc4138d2b9be20ef840bb4da451,Defra__25k_May_25.csv,2025-05,825,2026-09-23T00:00:00+00:00,real_public_defra,false,,DEFRA,EA,23/05/2025,Exp - Purchase Of Goods/Services - Consultancy,EA FCRM Dir-MPPD-PCM-East,MOTT MACDONALD LTD,1001613166,135955.56,FEES AND COMMISSIONS,CR0 2EE,SUPPLIER,,,Expense,GB 523765636,2025-05-23,135955.56,GBP,71e321a8d83185673cfb06ef44243ace6e55e52f9807b824993020c9a71a8a83,9a7ac75da714b1f9fc52d4d0bfb5747bce759cbf76688c09612584225246e3f5,valid,valid,true,valid,
business_duplicate_candidate,9c7a13dbb9fad1d746ee8b29f291fcd176a30d7458facb590e1b222b190c279c,4,3,within_file,amount_raw|po_category_description|project_code,3103d10ceeb4886d4efa3ebbd7d8813dcf91db15b2c1d0d12a2438b5b9acedfa,Over__25K_Feb_26.csv,2026-02,136,2026-09-23T00:00:00+00:00,real_public_defra,false,,DE,NATURAL ENGLAND,20/02/2026,PPE - POA & AUC (OWNED) - COST - ADDITIONS - BUILDINGS,NNR OPERATIONS TEAM,DEFRA,2010001066,"£147,799.50",Construction-Construction-Capital Design and build,YO1 7PX,SUPPLIER,Exemption Code: IGS,NENNR149,Asset,888800181,2026-02-20,147799.50,GBP,a8ade65c32484397fffcc1cb486295e337792d9cbd3a524907ae2ada5809828e,9c7a13dbb9fad1d746ee8b29f291fcd176a30d7458facb590e1b222b190c279c,valid,valid,true,valid,
business_duplicate_candidate,9c7a13dbb9fad1d746ee8b29f291fcd176a30d7458facb590e1b222b190c279c,4,3,within_file,amount_raw|po_category_description|project_code,72b74112a198e84ad300870f007fe378e4cefbdb4c21213476bd1279d9151ff9,Over__25K_Feb_26.csv,2026-02,137,2026-09-23T00:00:00+00:00,real_public_defra,false,,DE,NATURAL ENGLAND,20/02/2026,PPE - POA & AUC (OWNED) - COST - ADDITIONS - BUILDINGS,NNR OPERATIONS TEAM,DEFRA,2010001066,"£102,403.70",Construction-Construction-Capital Design and build,YO1 7PX,SUPPLIER,Exemption Code: IGS,NENNR472,Asset,888800181,2026-02-20,102403.70,GBP,13118eed339bc344995d3f15341f85c4f8260073d21c90b58413fc0f324bca63,9c7a13dbb9fad1d746ee8b29f291fcd176a30d7458facb590e1b222b190c279c,valid,valid,true,valid,
business_duplicate_candidate,9c7a13dbb9fad1d746ee8b29f291fcd176a30d7458facb590e1b222b190c279c,4,3,within_file,amount_raw|po_category_description|project_code,6ee5e9b7b6ce425add90f1b32e01c20971fb10afe0d0921387c5c8b9f91e9cfe,Over__25K_Feb_26.csv,2026-02,138,2026-09-23T00:00:00+00:00,real_public_defra,false,,DE,NATURAL ENGLAND,20/02/2026,PPE - POA & AUC (OWNED) - COST - ADDITIONS - BUILDINGS,NNR OPERATIONS TEAM,DEFRA,2010001066,"£58,485.40",Construction-Construction Service Providers-Design and Build,YO1 7PX,SUPPLIER,Exemption Code: IGS,00000000,Asset,888800181,2026-02-20,58485.40,GBP,1c53afb4861a2dbc4f779c89c9bac1e422fcf21e19a44cd8503dfabcf4c2489b,9c7a13dbb9fad1d746ee8b29f291fcd176a30d7458facb590e1b222b190c279c,valid,valid,true,valid,
business_duplicate_candidate,9c7a13dbb9fad1d746ee8b29f291fcd176a30d7458facb590e1b222b190c279c,4,3,within_file,amount_raw|po_category_description|project_code,1e592bfc327b32e380cb86e70de8e0892fd1690f302f7a57c1fa60b4f27089b6,Over__25K_Feb_26.csv,2026-02,139,2026-09-23T00:00:00+00:00,real_public_defra,false,,DE,NATURAL ENGLAND,20/02/2026,PPE - POA & AUC (OWNED) - COST - ADDITIONS - BUILDINGS,NNR OPERATIONS TEAM,DEFRA,2010001066,"£30,788.95",Construction-Construction-Capital Design and build,YO1 7PX,SUPPLIER,Exemption Code: IGS,NENNR373,Asset,888800181,2026-02-20,30788.95,GBP,eb4e7143c5d5e5624112d25021065e3c3cd0ddb65af9ae258008cf20a6fdcd4c,9c7a13dbb9fad1d746ee8b29f291fcd176a30d7458facb590e1b222b190c279c,valid,valid,true,valid,
business_duplicate_candidate,9ca5216ef726c32560ce699227a723a422dadedb8d32067238d23714f354901b,2,1,within_file,amount_raw,3c4c91f2b8990b719e4f041bb844cd4f8b20ad441885db2cc55e1157eadff498,November_Over__25K_Transparency.csv,2025-11,370,2026-09-23T00:00:00+00:00,real_public_defra,false,,DE,NE,18/11/2025,EXP - PURCHASE OF GOODS/SERVICES - RESEARCH & DEVELOPMENT - OTHER OUTSOURCED,Resilient Landscapes,UNIVERSITY OF ST ANDREWS,1010141717,"£27,486.00",Research-Research-Research programs (capital R&D outsourced),KY16 9RJ,SUPPLIER,C29515,NE163979,Expense,607 6064 48,2025-11-18,27486.00,GBP,e0b15ecb12a4ca53ba57e92232a40cf5fc0cafd15a52b505dd57cd45ffbd5872,9ca5216ef726c32560ce699227a723a422dadedb8d32067238d23714f354901b,valid,valid,true,valid,
business_duplicate_candidate,9ca5216ef726c32560ce699227a723a422dadedb8d32067238d23714f354901b,2,1,within_file,amount_raw,e893a22f181ee1b089a1bf6da4d6fb8bf3e720bcbfaaed92b55880e2a09b20e5,November_Over__25K_Transparency.csv,2025-11,371,2026-09-23T00:00:00+00:00,real_public_defra,false,,DE,NE,18/11/2025,EXP - PURCHASE OF GOODS/SERVICES - RESEARCH & DEVELOPMENT - OTHER OUTSOURCED,Resilient Landscapes,UNIVERSITY OF ST ANDREWS,1010141717,"£27,485.81",Research-Research-Research programs (capital R&D outsourced),KY16 9RJ,SUPPLIER,C29515,NE163979,Expense,607 6064 48,2025-11-18,27485.81,GBP,6467be087f9479f2b58c9ff6a14908ee56c51e75f26bed093778e0bf8ae24c40,9ca5216ef726c32560ce699227a723a422dadedb8d32067238d23714f354901b,valid,valid,true,valid,
business_duplicate_candidate,9dd6482483cdb97fd4cf3c3da62bcf85cd15bb88dd20fdcfe74d7005ea0c925d,8,7,within_file,expense_type|expense_area|po_category_description|project_code|expenditure_type,8114793f07f5e82cc980127bd9f5050998dd2d7000bcb12a60efca5a3b1967c2,Defra__25k_May_25.csv,2025-05,611,2026-09-23T00:00:00+00:00,real_public_defra,false,,DEFRA,EA,15/05/2025,EXP - PURCHASE OF GOODS/SERVICES - CONSULTANCY - TECHNICAL,EA Ops-EAN-FCRM East-Mgt,CH2M HILL UK,1001611169,3480400.75,FEES AND COMMISSIONS,SW1P 2AL,SUPPLIER,,ENVIMAN002893R,Expense,,2025-05-15,3480400.75,GBP,e69a6d7c648273b1331c5b693a64192444694552c4a4a9b477f935e7dbeb51bd,9dd6482483cdb97fd4cf3c3da62bcf85cd15bb88dd20fdcfe74d7005ea0c925d,valid,valid,true,valid,
business_duplicate_candidate,9dd6482483cdb97fd4cf3c3da62bcf85cd15bb88dd20fdcfe74d7005ea0c925d,8,7,within_file,expense_type|expense_area|po_category_description|project_code|expenditure_type,c317eda095cbff390f9b7dde6477002f87243567fed501421c20b7d3bb006951,Defra__25k_May_25.csv,2025-05,612,2026-09-23T00:00:00+00:00,real_public_defra,false,,DEFRA,EA,15/05/2025,EXP - PURCHASE OF GOODS/SERVICES - CONSULTANCY - TECHNICAL,EA Ops-EAN-FCRM East-Mgt,CH2M HILL UK,1001611169,3480400.75,FEES AND COMMISSIONS,SW1P 2AL,SUPPLIER,,ENVIMAN002893R,Expense,,2025-05-15,3480400.75,GBP,e69a6d7c648273b1331c5b693a64192444694552c4a4a9b477f935e7dbeb51bd,9dd6482483cdb97fd4cf3c3da62bcf85cd15bb88dd20fdcfe74d7005ea0c925d,valid,valid,true,valid,
business_duplicate_candidate,9dd6482483cdb97fd4cf3c3da62bcf85cd15bb88dd20fdcfe74d7005ea0c925d,8,7,within_file,expense_type|expense_area|po_category_description|project_code|expenditure_type,d70003413ed9efcc5a89c2982567f66a777c1540846dd617609bde4efff7de51,Defra__25k_May_25.csv,2025-05,613,2026-09-23T00:00:00+00:00,real_public_defra,false,,DEFRA,EA,15/05/2025,EXP - PURCHASE OF GOODS/SERVICES - CONSULTANCY - TECHNICAL,EA Ops-KSL-Mgt,CH2M HILL UK,1001611169,3480400.75,FEES AND COMMISSIONS,SW1P 2AL,SUPPLIER,,ENVIMSE100382R,Expense,,2025-05-15,3480400.75,GBP,ac3c16297102716db14a28d16a5c043054aa24e245f88f54ea19d878e69eedaa,9dd6482483cdb97fd4cf3c3da62bcf85cd15bb88dd20fdcfe74d7005ea0c925d,valid,valid,true,valid,
business_duplicate_candidate,9dd6482483cdb97fd4cf3c3da62bcf85cd15bb88dd20fdcfe74d7005ea0c925d,8,7,within_file,expense_type|expense_area|po_category_description|project_code|expenditure_type,e8f1d5aa3acb18d4f28b595d8cbdc0c0a1d9a0b8bf4529e4757a2524869071a7,Defra__25k_May_25.csv,2025-05,614,2026-09-23T00:00:00+00:00,real_public_defra,false,,DEFRA,EA,15/05/2025,PPE - POA & AUC (OWNED) - COST - O/BAL,EA Ops-EAN-Mgt,CH2M HILL UK,1001611169,3480400.75,TANGIBLE NBV,SW1P 2AL,SUPPLIER,,ENVIMAN002893,Asset,,2025-05-15,3480400.75,GBP,91069629112348ac762ee06793f70957f4a50108cd8ce3e1c36309e5e1ce64a4,9dd6482483cdb97fd4cf3c3da62bcf85cd15bb88dd20fdcfe74d7005ea0c925d,valid,valid,true,valid,
business_duplicate_candidate,9dd6482483cdb97fd4cf3c3da62bcf85cd15bb88dd20fdcfe74d7005ea0c925d,8,7,within_file,expense_type|expense_area|po_category_description|project_code|expenditure_type,f9ad0e8aaa67a208b9198ba27d69ccdc040b9cc301313de6cb9930cf9584964e,Defra__25k_May_25.csv,2025-05,615,2026-09-23T00:00:00+00:00,real_public_defra,false,,DEFRA,EA,15/05/2025,EXP EU CAPITAL GRANTS TO PTE SECTOR - PERS & NON PROFIT INSTIT'NS SERVING H'HOLD - CWEIY,EA Ops-KSL-Mgt,CH2M HILL UK,1001611169,3480400.75,GRANTS,SW1P 2AL,SUPPLIER,,ENVIMSE100382,Expense,,2025-05-15,3480400.75,GBP,d8a6f72a56999f5ccad193b3c7eaabdb7ea8530f6a7463969c4c16a9fa1e7716,9dd6482483cdb97fd4cf3c3da62bcf85cd15bb88dd20fdcfe74d7005ea0c925d,valid,valid,true,valid,
business_duplicate_candidate,9dd6482483cdb97fd4cf3c3da62bcf85cd15bb88dd20fdcfe74d7005ea0c925d,8,7,within_file,expense_type|expense_area|po_category_description|project_code|expenditure_type,68b216f49c143c1508595f195c6df34499a7b8cc974b5d18204601d6feab9ff3,Defra__25k_May_25.csv,2025-05,616,2026-09-23T00:00:00+00:00,real_public_defra,false,,DEFRA,EA,15/05/2025,EXP EU CAPITAL GRANTS TO PTE SECTOR - PERS & NON PROFIT INSTIT'NS SERVING H'HOLD - CWEIY,EA Ops-EAN-Mgt,CH2M HILL UK,1001611169,3480400.75,GRANTS,SW1P 2AL,SUPPLIER,,ENV0005258C,Expense,,2025-05-15,3480400.75,GBP,126419af4ba68c4ca198736fe4156bc99f7ff885af588dadbd9307db08614ec4,9dd6482483cdb97fd4cf3c3da62bcf85cd15bb88dd20fdcfe74d7005ea0c925d,valid,valid,true,valid,
business_duplicate_candidate,9dd6482483cdb97fd4cf3c3da62bcf85cd15bb88dd20fdcfe74d7005ea0c925d,8,7,within_file,expense_type|expense_area|po_category_description|project_code|expenditure_type,e5ddf0b843514a52540464fd0958844a15b6a6fd800fbfad04272b6584488ac2,Defra__25k_May_25.csv,2025-05,617,2026-09-23T00:00:00+00:00,real_public_defra,false,,DEFRA,EA,15/05/2025,EXP EU CAPITAL GRANTS TO PTE SECTOR - PERS & NON PROFIT INSTIT'NS SERVING H'HOLD - CWEIY,EA Ops-EAN-Mgt,CH2M HILL UK,1001611169,3480400.75,GRANTS,SW1P 2AL,SUPPLIER,,ENVIMAN002495,Expense,,2025-05-15,3480400.75,GBP,373034d6509555f53c7726f75d72dd9e92620d7d48e5e6dd647d9522f6792dd6,9dd6482483cdb97fd4cf3c3da62bcf85cd15bb88dd20fdcfe74d7005ea0c925d,valid,valid,true,valid,
business_duplicate_candidate,9dd6482483cdb97fd4cf3c3da62bcf85cd15bb88dd20fdcfe74d7005ea0c925d,8,7,within_file,expense_type|expense_area|po_category_description|project_code|expenditure_type,2fbb168e2af8708208c2e503320d67a751915e9c0d72131c998b7eacc8027109,Defra__25k_May_25.csv,2025-05,618,2026-09-23T00:00:00+00:00,real_public_defra,false,,DEFRA,EA,15/05/2025,PPE - POA & AUC (OWNED) - COST - O/BAL,EA Ops-KSL-Mgt,CH2M HILL UK,1001611169,3480400.75,TANGIBLE NBV,SW1P 2AL,SUPPLIER,,ENVIMSE100417,Asset,,2025-05-15,3480400.75,GBP,040fa6c197aea1895cd88e77ef7c420be92d5b9ef084b91807d6686109bdb7c1,9dd6482483cdb97fd4cf3c3da62bcf85cd15bb88dd20fdcfe74d7005ea0c925d,valid,valid,true,valid,
business_duplicate_candidate,9df5a4a32a066be3e910f942a208e625907aadb4eac3c7615509b574b529a8a8,2,1,within_file,transaction_date_raw|amount_raw,16075ecff59005da0a3f551dbcbee86d746460539abbe0e0116b5ae0bea093d9,Over_25K_Transparency_report_April_25.csv,2025-04,499,2026-09-23T00:00:00+00:00,real_public_defra,false,,DE,NATURAL ENGLAND,02/04/2025,PPE - POA & AUC (OWNED) - COST - ADDITIONS - BUILDINGS,NNR OPERATIONS TEAM,DEFRA,10070042878,"£293,352.97",Construction-Construction Service Providers-Design and Build,YO1 7PX,SUPPLIER,Exemption Code: IGS,00000000,Asset,888800181,2025-04-02,293352.97,GBP,b75c15ee6f96690135e259bd0f85df198c421d6fd5b9c70e6385ff6e559da889,9df5a4a32a066be3e910f942a208e625907aadb4eac3c7615509b574b529a8a8,valid,valid,true,valid,
business_duplicate_candidate,9df5a4a32a066be3e910f942a208e625907aadb4eac3c7615509b574b529a8a8,2,1,within_file,transaction_date_raw|amount_raw,09d3bb081706d4485c2fdc9b582f4abe5def8db0ccc158517ff7f5687381e049,Over_25K_Transparency_report_April_25.csv,2025-04,556,2026-09-23T00:00:00+00:00,real_public_defra,false,,DE,NATURAL ENGLAND,14/04/2025,PPE - POA & AUC (OWNED) - COST - ADDITIONS - BUILDINGS,NNR OPERATIONS TEAM,DEFRA,10070042878,"£78,000.00",Construction-Construction Service Providers-Design and Build,YO1 7PX,SUPPLIER,Exemption Code: IGS,00000000,Asset,888800181,2025-04-14,78000.00,GBP,4f9a36bb4f3e0478b278abc848a9cd026db73a8a09aafb924154b170a47b412b,9df5a4a32a066be3e910f942a208e625907aadb4eac3c7615509b574b529a8a8,valid,valid,true,valid,
business_duplicate_candidate,9e4a0cf71e6f5aaf1b3c6e503a541ac5ee9e2afbdb690b1fe3a76d110f4e7f3f,2,1,within_file,expense_type|expense_area|po_category_description|project_code,31109fa293b658a4fc397449325b4ca284db17d0d88076230cd1f3b92e9edcab,Defra__25k_May_25.csv,2025-05,800,2026-09-23T00:00:00+00:00,real_public_defra,false,,DEFRA,EA,22/05/2025,EXP EU CAPITAL GRANTS TO PTE SECTOR - PERS & NON PROFIT INSTIT'NS SERVING H'HOLD - CWEIY,EA Ops-NEA-Mgt,JEREMY BENN ASSOCIATES LTD,1001612946,98314.93,GRANTS,BD23 3AE,SUPPLIER,,ENV0000415C,Expense,665 3009 41,2025-05-22,98314.93,GBP,0a339ea08a34bcc22884e0485186c174f91e4fba9a4ccdb577ffadadf78148ec,9e4a0cf71e6f5aaf1b3c6e503a541ac5ee9e2afbdb690b1fe3a76d110f4e7f3f,valid,valid,true,valid,
business_duplicate_candidate,9e4a0cf71e6f5aaf1b3c6e503a541ac5ee9e2afbdb690b1fe3a76d110f4e7f3f,2,1,within_file,expense_type|expense_area|po_category_description|project_code,2d2193a9bcfcb2b537a826b30fd54370ea48f15148d1a23fb55c7e668ed53c1b,Defra__25k_May_25.csv,2025-05,801,2026-09-23T00:00:00+00:00,real_public_defra,false,,DEFRA,EA,22/05/2025,EXP - PURCHASE OF GOODS/SERVICES - CONSULTANCY - TECHNICAL,EA Ops-CLA-FCRM OPS-Field,JEREMY BENN ASSOCIATES LTD,1001612946,98314.93,FEES AND COMMISSIONS,BD23 3AE,SUPPLIER,,ENV7006051R,Expense,665 3009 41,2025-05-22,98314.93,GBP,40032d36d932da3c543dd6d4461581893c29b559aabd49ab2b4399f147f3f459,9e4a0cf71e6f5aaf1b3c6e503a541ac5ee9e2afbdb690b1fe3a76d110f4e7f3f,valid,valid,true,valid,
business_duplicate_candidate,9e4f5f766c230dfbd43439cb1818ca545b04fb4e163c62e9ca1e75b44a79a77d,2,1,cross_file,transaction_date_raw|amount_raw|supplier_postcode|vat_registration_number,42e8e900a936ca294a91b424839a5008ea470760c8038f2413c56d561ef49881,Over++_25K++Mar+2025-Rev.csv,2025-03,1025,2026-09-23T00:00:00+00:00,real_public_defra,false,,DE,KEW,12/03/2025,Capital/Equipment,Capital Development Programme,d-fine GmbH,7130389,"£28,724.99",Expansion of NCEA soil monitoring to develop high-resolution mycorrhizal maps and enhance ecosystem metrics,N14 5DJ,UK Supplier,,11711,New works-Pt I-other costs,230699848,2025-03-12,28724.99,GBP,b72b065e698bcd44ebd7b7a99870209a9b9dd3e6834007d015e177f1921a4c99,9e4f5f766c230dfbd43439cb1818ca545b04fb4e163c62e9ca1e75b44a79a77d,valid,valid,true,valid,
business_duplicate_candidate,9e4f5f766c230dfbd43439cb1818ca545b04fb4e163c62e9ca1e75b44a79a77d,2,1,cross_file,transaction_date_raw|amount_raw|supplier_postcode|vat_registration_number,c3f02f4430b316f144564535f97bfe32a21cbc9c420b341f07be45a853416097,Over_25K_Transparency_report_April_25.csv,2025-04,136,2026-09-23T00:00:00+00:00,real_public_defra,false,,DE,KEW,09/04/2025,Capital/Equipment,Capital Development Programme,d-fine GmbH,7130389,"£28,415.00",Expansion of NCEA soil monitoring to develop high-resolution mycorrhizal maps and enhance ecosystem metrics,W1T 3DA,UK Supplier,,11711,New works-Pt I-other costs,,2025-04-09,28415.00,GBP,339886cef4b677e1c9c27f2accf9d01703aae421862c00d71475335bf3952bdf,9e4f5f766c230dfbd43439cb1818ca545b04fb4e163c62e9ca1e75b44a79a77d,valid,valid,true,valid,
business_duplicate_candidate,a00be2032e73b6f3680b95e2c1e08a065b37e78577629e1d6213d94690ecdad3,2,1,cross_file,transaction_date_raw|expense_type|expense_area|amount_raw|supplier_postcode|expenditure_type|vat_registration_number,b1105e109c83cddd2d7106ae599fafdfb8ac6e3989f42fe3cc6b9952fcc99844,Over++_25K++Mar+2025-Rev.csv,2025-03,1011,2026-09-23T00:00:00+00:00,real_public_defra,false,,DE,KEW,05/03/2025,Payment to 3rd party,P1: Ecosystem Stewardship,Feilden Clegg Bradley Studios,7130039,"£105,997.91",New Herbarium,JE3 5BP,UK Supplier,,11689,Non-Kew Project Costs,,2025-03-05,105997.91,GBP,b09d7e076fe2159e4cee417f5bd28f11eef6bd80ae6b3b200b173194ca2c3194,a00be2032e73b6f3680b95e2c1e08a065b37e78577629e1d6213d94690ecdad3,valid,valid,true,valid,
business_duplicate_candidate,a00be2032e73b6f3680b95e2c1e08a065b37e78577629e1d6213d94690ecdad3,2,1,cross_file,transaction_date_raw|expense_type|expense_area|amount_raw|supplier_postcode|expenditure_type|vat_registration_number,e9e5c23f9c38971e2a1526e86b5e6f2e0d7fb0a92e8eb3816dfa18b338da4b36,Over_25K_Transparency_report_April_25.csv,2025-04,172,2026-09-23T00:00:00+00:00,real_public_defra,false,,DE,KEW,09/04/2025,Capital/Equipment,Capital Development Programme,Feilden Clegg Bradley Studios,7130039,"£87,009.00",New Herbarium,EC2A 3LQ,UK Supplier,,11689,New works-Pt I-other costs,446 9008 37,2025-04-09,87009.00,GBP,ad7f2d0b20b09dbf47a3a43bc2a63389b3440699171c1f7309b701d4c6f0ba18,a00be2032e73b6f3680b95e2c1e08a065b37e78577629e1d6213d94690ecdad3,valid,valid,true,valid,
business_duplicate_candidate,a11e4841c82254e4a59999b4ebcfb3eaee2d838d60784b8601b7b9dc427b9947,2,1,cross_file,transaction_date_raw|expense_type|expense_area|amount_raw|supplier_postcode|expenditure_type|vat_registration_number,a6d94249a1470fc1ced23c15d612ea158c1c4821d2a971697381a7a259209a98,Over++_25K++Mar+2025-Rev.csv,2025-03,1024,2026-09-23T00:00:00+00:00,real_public_defra,false,,DE,KEW,12/03/2025,Advertising and Publicity,Marketing & Membership,Anything Is Possible Media Limited,7130390,"£32,124.97",Autumn Festival,BN1 4EA,UK Supplier,,60472,Advertising & publicity,275 3687 64,2025-03-12,32124.97,GBP,f1905c2cf0e463208e708f97b514b2dfa59a219cdbd01b4aabeb2bb912b58287,a11e4841c82254e4a59999b4ebcfb3eaee2d838d60784b8601b7b9dc427b9947,valid,valid,true,valid,
business_duplicate_candidate,a11e4841c82254e4a59999b4ebcfb3eaee2d838d60784b8601b7b9dc427b9947,2,1,cross_file,transaction_date_raw|expense_type|expense_area|amount_raw|supplier_postcode|expenditure_type|vat_registration_number,e53c9b95b49dd8d7130e6283baad6280b347fc1440b8f5a6fecacf21982655b5,Over_25K_Transparency_report_April_25.csv,2025-04,27,2026-09-23T00:00:00+00:00,real_public_defra,false,,DE,KEW,09/04/2025,ICT,P0: Science Services & Labs,Anything Is Possible Media Limited,7130390,"£29,750.00",Autumn Festival,B61 0BX,UK Supplier,,60472,Photo machinery & equipt,883949261,2025-04-09,29750.00,GBP,ec38fa9402c5ca0bf3dbac62a82ac3ed6856ed0421e33c466154d22f4d0b7fb3,a11e4841c82254e4a59999b4ebcfb3eaee2d838d60784b8601b7b9dc427b9947,valid,valid,true,valid,
business_duplicate_candidate,a14a12301f46406a2d69a5cbd457bb5cd2540fd0645025b71ea8164c5a0ec633,4,3,within_file,expense_type|expense_area|po_category_description|project_code|expenditure_type,65173210283ece612f91ff4798ae26c1fad4583b3b66c509e014222799465ddb,Defra__25k_May_25.csv,2025-05,878,2026-09-23T00:00:00+00:00,real_public_defra,false,,DEFRA,EA,28/05/2025,EXP EU CAPITAL GRANTS TO PTE SECTOR - PERS & NON PROFIT INSTIT'NS SERVING H'HOLD - CWEIY,EA Ops-CLA-Mgt,VOLKERSTEVIN INFRASTRUCTURE LTD,1001613711,242655.44,GRANTS,EN11 9BX,CIS SUPPLIER,,ENV0002945C,Expense,GB424894330,2025-05-28,242655.44,GBP,577cd9ed1d9d93b5005bc55d8af9cb601769551267e0ee623d6310a776d4e7ce,a14a12301f46406a2d69a5cbd457bb5cd2540fd0645025b71ea8164c5a0ec633,valid,valid,true,valid,
business_duplicate_candidate,a14a12301f46406a2d69a5cbd457bb5cd2540fd0645025b71ea8164c5a0ec633,4,3,within_file,expense_type|expense_area|po_category_description|project_code|expenditure_type,3964f5f97c7943463cdfbdd9fed44f6e400e0198fa740b4bb34ee5b924aad928,Defra__25k_May_25.csv,2025-05,879,2026-09-23T00:00:00+00:00,real_public_defra,false,,DEFRA,EA,28/05/2025,EXP EU CAPITAL GRANTS TO PTE SECTOR - PERS & NON PROFIT INSTIT'NS SERVING H'HOLD - CWEIY,EA Ops-SSD-Mgt,VOLKERSTEVIN INFRASTRUCTURE LTD,1001613711,242655.44,GRANTS,EN11 9BX,CIS SUPPLIER,,ENVIMSO000648,Expense,GB424894330,2025-05-28,242655.44,GBP,e59ede505586dc81f06266d454577dcdf4e932dd53a901f696e698c881039e6a,a14a12301f46406a2d69a5cbd457bb5cd2540fd0645025b71ea8164c5a0ec633,valid,valid,true,valid,
business_duplicate_candidate,a14a12301f46406a2d69a5cbd457bb5cd2540fd0645025b71ea8164c5a0ec633,4,3,within_file,expense_type|expense_area|po_category_description|project_code|expenditure_type,6c77506a24f654d40e416876605ea083e4eefdae2864db5edf7dc586c4925540,Defra__25k_May_25.csv,2025-05,880,2026-09-23T00:00:00+00:00,real_public_defra,false,,DEFRA,EA,28/05/2025,PPE - POA & AUC (OWNED) - COST - O/BAL,EA Ops-SSD-Mgt,VOLKERSTEVIN INFRASTRUCTURE LTD,1001613711,242655.44,TANGIBLE NBV,EN11 9BX,CIS SUPPLIER,,ENV0003545C,Asset,GB424894330,2025-05-28,242655.44,GBP,4990304e28f4dd8009978309db01013ec8540460183830dd02a36296b18fd7d5,a14a12301f46406a2d69a5cbd457bb5cd2540fd0645025b71ea8164c5a0ec633,valid,valid,true,valid,
business_duplicate_candidate,a14a12301f46406a2d69a5cbd457bb5cd2540fd0645025b71ea8164c5a0ec633,4,3,within_file,expense_type|expense_area|po_category_description|project_code|expenditure_type,95c0ab8954f605e1d46268be16038a18781898cba5fcf18f8f30c6e837788603,Defra__25k_May_25.csv,2025-05,881,2026-09-23T00:00:00+00:00,real_public_defra,false,,DEFRA,EA,28/05/2025,PPE - POA & AUC (OWNED) - COST - O/BAL,EA Ops-SSD-Mgt,VOLKERSTEVIN INFRASTRUCTURE LTD,1001613711,242655.44,TANGIBLE NBV,EN11 9BX,CIS SUPPLIER,,ENV0003545C,Asset,GB424894330,2025-05-28,242655.44,GBP,4990304e28f4dd8009978309db01013ec8540460183830dd02a36296b18fd7d5,a14a12301f46406a2d69a5cbd457bb5cd2540fd0645025b71ea8164c5a0ec633,valid,valid,true,valid,
business_duplicate_candidate,a3826f82094865147b65f48df834fb6af13e3d657d17f1461c8a0ad7fb928f43,2,1,within_file,expense_area,00afd5ba6b342e13b381af1cfde9339c6298f2f0018c78e96a5f3405af070c94,Defra__25k_May_25.csv,2025-05,838,2026-09-23T00:00:00+00:00,real_public_defra,false,,DEFRA,EA,27/05/2025,Exp - Purchase Of Goods/Services - Consultancy,EA FCRM Dir-MPPD-PCM-NE,JACOBS UK LTD,1001613344,163350.44,FEES AND COMMISSIONS,SE1 2QG,CIS SUPPLIER,,,Expense,GB624298920,2025-05-27,163350.44,GBP,0435c99958905f0e97a5fdfa2f6b9d7d8b0616b4f88cb47fa080bb0089c617cc,a3826f82094865147b65f48df834fb6af13e3d657d17f1461c8a0ad7fb928f43,valid,valid,true,valid,
business_duplicate_candidate,a3826f82094865147b65f48df834fb6af13e3d657d17f1461c8a0ad7fb928f43,2,1,within_file,expense_area,c166679e07251148cf79ad13e9c31d9e518728e575e0726ca6ca7f7fc202349e,Defra__25k_May_25.csv,2025-05,839,2026-09-23T00:00:00+00:00,real_public_defra,false,,DEFRA,EA,27/05/2025,Exp - Purchase Of Goods/Services - Consultancy,EA FCRM Dir-MPPD-PCM-SW,JACOBS UK LTD,1001613344,163350.44,FEES AND COMMISSIONS,SE1 2QG,CIS SUPPLIER,,,Expense,GB624298920,2025-05-27,163350.44,GBP,6179a37a06a11b94e5524b95be622ad812be14650a0f47a9490979085f979063,a3826f82094865147b65f48df834fb6af13e3d657d17f1461c8a0ad7fb928f43,valid,valid,true,valid,
business_duplicate_candidate,a487fab76856389b69f880911df1517c7279ea9f3cfdcb51faef6426a74d65f2,3,2,within_file,expense_area|amount_raw|project_code,ee2ceb7b3d2cd566ca28b41c3fd4b552abc05ce4fbb321b7ee53e8d9fcbbcaec,Over__25K_Transparency_Jan_26.csv,2026-01,279,2026-09-23T00:00:00+00:00,real_public_defra,false,,DE,Cefas,15/01/2026,Software (including licences),Strategy and Delivery,Phoenix Software Ltd,20215573,"£32,536.00",Cloud Services,YO421NS,STANSME,4301,C8168,Cloud Services,GB 755 3464 38,2026-01-15,32536.00,GBP,c55771d6731d3d4bee2413a66f7f0b58967ac2cf3d78128bace7e14e98e26119,a487fab76856389b69f880911df1517c7279ea9f3cfdcb51faef6426a74d65f2,valid,valid,true,valid,
business_duplicate_candidate,a487fab76856389b69f880911df1517c7279ea9f3cfdcb51faef6426a74d65f2,3,2,within_file,expense_area|amount_raw|project_code,42f7d7ba8b33997a65534728aa709da1d40a384dd1a34952bb3369b26c2c7ac0,Over__25K_Transparency_Jan_26.csv,2026-01,280,2026-09-23T00:00:00+00:00,real_public_defra,false,,DE,Cefas,15/01/2026,Software (including licences),Corporate,Phoenix Software Ltd,20215573,"£31,627.20",Cloud Services,YO421NS,STANSME,4301,50605,Cloud Services,GB 755 3464 38,2026-01-15,31627.20,GBP,f29cedd64660a1c8cf67a1af58eb535df3d1f69276eb7267da56de3df87b3908,a487fab76856389b69f880911df1517c7279ea9f3cfdcb51faef6426a74d65f2,valid,valid,true,valid,
business_duplicate_candidate,a487fab76856389b69f880911df1517c7279ea9f3cfdcb51faef6426a74d65f2,3,2,within_file,expense_area|amount_raw|project_code,e617fa2d17ac8240e8e2d804015624f24a1bcc11b7c5a06cd49dc3a642f25533,Over__25K_Transparency_Jan_26.csv,2026-01,281,2026-09-23T00:00:00+00:00,real_public_defra,false,,DE,Cefas,15/01/2026,Software (including licences),Corporate,Phoenix Software Ltd,20215573,"£59,193.04",Cloud Services,YO421NS,STANSME,4301,50603,Cloud Services,GB 755 3464 38,2026-01-15,59193.04,GBP,563362e187d95928c82792664ac49917317c90137004253c5d4150352f27b532,a487fab76856389b69f880911df1517c7279ea9f3cfdcb51faef6426a74d65f2,valid,valid,true,valid,
business_duplicate_candidate,a51457dfecd221f40a3bbc8fd448589bacbe4ca261d0746b2f392ffed868b1ff,3,2,within_file,expense_area,bda117c0685e6e2b378fe0909379735e01d7f2be98ed7f330c309ced0efb9722,Defra__25k_May_25.csv,2025-05,417,2026-09-23T00:00:00+00:00,real_public_defra,false,,DEFRA,EA,06/05/2025,Exp - Purchase Of Goods/Services - Consultancy,EA FCRM Dir-MPPD-PCM-Mids,ARCADIS CONSULTING UK LTD,1001608655,221106.03,FEES AND COMMISSIONS,EC3M 4BY,SUPPLIER,,,Expense,GB 8727 99950,2025-05-06,221106.03,GBP,b139afdf3ce0b9291f2db4f0d870f2f353855f19c74c96222ec1c18aa9ba233f,a51457dfecd221f40a3bbc8fd448589bacbe4ca261d0746b2f392ffed868b1ff,valid,valid,true,valid,
business_duplicate_candidate,a51457dfecd221f40a3bbc8fd448589bacbe4ca261d0746b2f392ffed868b1ff,3,2,within_file,expense_area,6cb89b600d87d900efdf792b3ba5208e6b7a36ea5b921f53736d574694105521,Defra__25k_May_25.csv,2025-05,418,2026-09-23T00:00:00+00:00,real_public_defra,false,,DEFRA,EA,06/05/2025,Exp - Purchase Of Goods/Services - Consultancy,EA FCRM Dir-MPPD-PCM-SW,ARCADIS CONSULTING UK LTD,1001608655,221106.03,FEES AND COMMISSIONS,EC3M 4BY,SUPPLIER,,,Expense,GB 8727 99950,2025-05-06,221106.03,GBP,a1577b4856bdf94084e145804d8c1c85b765f45a5abe42c2a0889b24e3cad4b7,a51457dfecd221f40a3bbc8fd448589bacbe4ca261d0746b2f392ffed868b1ff,valid,valid,true,valid,
business_duplicate_candidate,a51457dfecd221f40a3bbc8fd448589bacbe4ca261d0746b2f392ffed868b1ff,3,2,within_file,expense_area,ffe5210c9fa46a4d084a125da8b4ca2887fc759117146277d99dafbf57cc3720,Defra__25k_May_25.csv,2025-05,419,2026-09-23T00:00:00+00:00,real_public_defra,false,,DEFRA,EA,06/05/2025,Exp - Purchase Of Goods/Services - Consultancy,EA FCRM Dir-MPPD-PCM-SW,ARCADIS CONSULTING UK LTD,1001608655,221106.03,FEES AND COMMISSIONS,EC3M 4BY,SUPPLIER,,,Expense,GB 8727 99950,2025-05-06,221106.03,GBP,a1577b4856bdf94084e145804d8c1c85b765f45a5abe42c2a0889b24e3cad4b7,a51457dfecd221f40a3bbc8fd448589bacbe4ca261d0746b2f392ffed868b1ff,valid,valid,true,valid,
business_duplicate_candidate,a6ed9ab926792fd0cfd83225222d2746e9447aa3b513fbc0d631c1fb4a2cd467,2,1,cross_file,transaction_date_raw|amount_raw|contract_number,5695dd0103895f1df24c63c7451be7bc255954fe39f507fdec34b2a64bb68e05,August_Over__25K_Transparency.csv,2025-08,283,2026-09-23T00:00:00+00:00,real_public_defra,false,,DE,DEFRA,19/08/2025,EXP - PURCHASE OF GOODS/SERVICES - RESEARCH & DEVELOPMENT - OTHER OUTSOURCED,OFFICE OF THE DIRECTOR OF ANALYSIS,VERIAN GROUP UK LTD.,1003263519,"-£40,223.89",CAPITAL R&D,W5 1UA,SUPPLIER,,,Expense,GB3945 63949,2025-08-19,-40223.89,GBP,fad7358710449e8d5a57d04617d59e08eed2806d00383d791ddd2e218b54cfa5,a6ed9ab926792fd0cfd83225222d2746e9447aa3b513fbc0d631c1fb4a2cd467,valid,valid,true,warning,amount_non_positive_review
business_duplicate_candidate,a6ed9ab926792fd0cfd83225222d2746e9447aa3b513fbc0d631c1fb4a2cd467,2,1,cross_file,transaction_date_raw|amount_raw|contract_number,6104f8c5dd7c62d5d4824541baf4357612008f23090ebb0795ef2a4e897ab3e8,Over++_25K++Mar+2025-Rev.csv,2025-03,230,2026-09-23T00:00:00+00:00,real_public_defra,false,,DE,DEFRA,18/03/2025,EXP - PURCHASE OF GOODS/SERVICES - RESEARCH & DEVELOPMENT - OTHER OUTSOURCED,OFFICE OF THE DIRECTOR OF ANALYSIS,VERIAN GROUP UK LTD.,1003263519,"£40,223.89",CAPITAL R&D,W5 1UA,SUPPLIER,C13252,,Expense,GB3945 63949,2025-03-18,40223.89,GBP,e882cc78b41e95a5d3c2536beff97f5de3b527f4ac257a53b5b71c5d6a74d6f4,a6ed9ab926792fd0cfd83225222d2746e9447aa3b513fbc0d631c1fb4a2cd467,valid,valid,true,valid,
business_duplicate_candidate,a9ad4afafe139e12186ef488c5f8441f23c64850d9638e17b11eb842fcdaadeb,2,1,within_file,expense_type|expense_area|project_code,d819ea01a2e9a1443fdb0ad68f63649a75a15b2482a2f847995c3ca65964925b,Defra__25k_May_25.csv,2025-05,860,2026-09-23T00:00:00+00:00,real_public_defra,false,,DEFRA,EA,27/05/2025,Exp - Purchase Of Goods/Services - Contractors,EA Ops-EMD-FCRM OPS South-Field Draycott,GROUND CONTROL LTD,1001613545,95294.38,FEES AND COMMISSIONS,CM12 0EQ,CIS SUPPLIER,,ENV6004921R,Expense,GB406427959,2025-05-27,95294.38,GBP,34ffaf6f1a1a04e36aa75d11e00fb4afb3e471507f8bc55dea2289c96eb3a6d8,a9ad4afafe139e12186ef488c5f8441f23c64850d9638e17b11eb842fcdaadeb,valid,valid,true,valid,
business_duplicate_candidate,a9ad4afafe139e12186ef488c5f8441f23c64850d9638e17b11eb842fcdaadeb,2,1,within_file,expense_type|expense_area|project_code,f053ac49fc3dc4cf4dd9bead6419adb9269b31b8c95ddd23a5d582685af7a4ed,Defra__25k_May_25.csv,2025-05,861,2026-09-23T00:00:00+00:00,real_public_defra,false,,DEFRA,EA,27/05/2025,EXP - PURCHASE OF GOODS/SERVICES - OTHER PROFESSIONAL SERVICES,EA Ops-WMD-Env Mgt WLB-WLB Asset Management,GROUND CONTROL LTD,1001613545,95294.38,FEES AND COMMISSIONS,CM12 0EQ,CIS SUPPLIER,,,Expense,GB406427959,2025-05-27,95294.38,GBP,11ea82081ba5fe172b00e6757b0ceaf8c9ece76b7962dfa168d7b47d4ad2818c,a9ad4afafe139e12186ef488c5f8441f23c64850d9638e17b11eb842fcdaadeb,valid,valid,true,valid,
business_duplicate_candidate,aab68250872c16db35c31a0a425f58e2e9ad2bb39cd6f262f6d0d0cb2400afbd,2,1,within_file,expense_area|amount_raw|po_category_description|contract_number,1f2c1825f23832af29f3f2faa227eb20cb0aa42d0109cd8b0a5c362fbd7a17df,Over++_25K++Mar+2025-Rev.csv,2025-03,1121,2026-09-23T00:00:00+00:00,real_public_defra,false,,DE,NATURAL ENGLAND,13/03/2025,EXP - PURCHASE OF GOODS/SERVICES - RESEARCH & DEVELOPMENT - OTHER OUTSOURCED,NATURAL CAPITAL ECOSYSTEM ASSESSMENT - MARINE EVIDENCE,ICF CONSULTING SERVICES LTD,1010129138,62551.75,Research programs (capital R&D outsourced),EC2R 8HP,SUPPLIER,C22928,00000000,Expense,927 4872 86,2025-03-13,62551.75,GBP,9f1ea96c40726fa478ec233e8600553e07d02c4d358b1a835919c4a0cb62cbf7,aab68250872c16db35c31a0a425f58e2e9ad2bb39cd6f262f6d0d0cb2400afbd,valid,valid,true,valid,
business_duplicate_candidate,aab68250872c16db35c31a0a425f58e2e9ad2bb39cd6f262f6d0d0cb2400afbd,2,1,within_file,expense_area|amount_raw|po_category_description|contract_number,acfe60fa96ea635099934d216b0b46e93a53b19e0ea931faeef3165c27e1bd23,Over++_25K++Mar+2025-Rev.csv,2025-03,1122,2026-09-23T00:00:00+00:00,real_public_defra,false,,DE,NATURAL ENGLAND,13/03/2025,EXP - PURCHASE OF GOODS/SERVICES - RESEARCH & DEVELOPMENT - OTHER OUTSOURCED,Natural Capital & Ecosystem Assessment - Terrestrial,ICF CONSULTING SERVICES LTD,1010129138,58500,Science and Environmental Research-Unclassified,EC2R 8HP,SUPPLIER,C22928 - S-0509,00000000,Expense,927 4872 86,2025-03-13,58500,GBP,6552cb7ef53f8752b6387abc205d730fc0baf300ff904ec0462e2a91f3806c3f,aab68250872c16db35c31a0a425f58e2e9ad2bb39cd6f262f6d0d0cb2400afbd,valid,valid,true,valid,
business_duplicate_candidate,aafdae26a808f25bb07a24b96959f022394937ceedd10b26e0f2358917c8ddb0,2,1,cross_file,transaction_date_raw|expense_type|expense_area|amount_raw|supplier_postcode|expenditure_type|vat_registration_number,bfc98c2a5d1baaea17b71ad1cb0e68eec7dd16c3538edfc9b3bde436702d75cb,Over++_25K++Mar+2025-Rev.csv,2025-03,1016,2026-09-23T00:00:00+00:00,real_public_defra,false,,DE,KEW,05/03/2025,ICT,Information Technology,CITYAXIS LIMITED,7130069,"£39,416.29",Infrastructure Capital Works,KT22 7TW,UK Supplier,,11732,IT 3rd party Cloud services,GB 823 8182 26,2025-03-05,39416.29,GBP,67908b8025e9593275c2b66ed798b202e5b745e105d16ee93ce7332bdc581acc,aafdae26a808f25bb07a24b96959f022394937ceedd10b26e0f2358917c8ddb0,valid,valid,true,valid,
business_duplicate_candidate,aafdae26a808f25bb07a24b96959f022394937ceedd10b26e0f2358917c8ddb0,2,1,cross_file,transaction_date_raw|expense_type|expense_area|amount_raw|supplier_postcode|expenditure_type|vat_registration_number,fe1d6b14a462f944186155792540158a95160ee702e2e3b57567edf01c7092f9,Over_25K_Transparency_report_April_25.csv,2025-04,82,2026-09-23T00:00:00+00:00,real_public_defra,false,,DE,KEW,09/04/2025,Finance Charges,Human Resources,CITYAXIS LIMITED,7130069,"£58,879.00",Infrastructure Capital Works,KT14 6EY,UK Supplier,,11732,Insurance,,2025-04-09,58879.00,GBP,15899d878190c443a49c3d9cddb44470f5c9935822422fecfd19017920776e2d,aafdae26a808f25bb07a24b96959f022394937ceedd10b26e0f2358917c8ddb0,valid,valid,true,valid,
business_duplicate_candidate,acedbc3583ab88cba0432117694cff074b14b954b0a06149edc88c61a119d25a,2,1,within_file,amount_raw,d13e9b58195c43143f10139784051b754cec8424a2c1b8ba99b488457efbed8a,Over++_25K++Mar+2025-Rev.csv,2025-03,983,2026-09-23T00:00:00+00:00,real_public_defra,false,,DE,AHDB,28/03/2025,,Research,Bluesky International Limited,164570,"£31,232.63",Environment Team,LE65 2AS,,,136229,,265885355,2025-03-28,31232.63,GBP,0d4393ae8db257386aa37cd86a38b1d56f1f2fb4b6d8e26c921432a7a19d8b8e,acedbc3583ab88cba0432117694cff074b14b954b0a06149edc88c61a119d25a,valid,valid,true,valid,
business_duplicate_candidate,acedbc3583ab88cba0432117694cff074b14b954b0a06149edc88c61a119d25a,2,1,within_file,amount_raw,8932ba2be7831a9184350a89677ba30e90f6f7c877ef4fd4aa89c1cb32ea897c,Over++_25K++Mar+2025-Rev.csv,2025-03,984,2026-09-23T00:00:00+00:00,real_public_defra,false,,DE,AHDB,28/03/2025,,Research,Bluesky International Limited,164570,"£27,024.92",Environment Team,LE65 2AS,,,136229,,265885355,2025-03-28,27024.92,GBP,209a61d8c606081b08b76aa461a526c0532ffc9e4e9fb531608140eb6f32f2d8,acedbc3583ab88cba0432117694cff074b14b954b0a06149edc88c61a119d25a,valid,valid,true,valid,
business_duplicate_candidate,ae716522f4f87464e3baf8f89dbfb4ee435d53e19b9fc9e009f745d5342aa116,4,3,within_file,expense_type|expense_area|po_category_description|project_code|expenditure_type,67c799de22833167edd9aee987c9781ef488b66f0ff7d59401230b5b08d07f1c,Defra__25k_May_25.csv,2025-05,699,2026-09-23T00:00:00+00:00,real_public_defra,false,,DEFRA,EA,19/05/2025,EXP - PURCHASE OF GOODS/SERVICES - CONSULTANCY - TECHNICAL,EA Ops-GMC-Mgt,JACOBS UK LTD,1001611733,153325.65,FEES AND COMMISSIONS,SE1 2QG,CIS SUPPLIER,,ENV7004309R,Expense,GB624298920,2025-05-19,153325.65,GBP,24bccac8834b2a285cefba37bfd436b374445e9b48570e508a0debd8d40d6b1b,ae716522f4f87464e3baf8f89dbfb4ee435d53e19b9fc9e009f745d5342aa116,valid,valid,true,valid,
business_duplicate_candidate,ae716522f4f87464e3baf8f89dbfb4ee435d53e19b9fc9e009f745d5342aa116,4,3,within_file,expense_type|expense_area|po_category_description|project_code|expenditure_type,37eca680bffa8984cc9c15ffe26f203825197cbae068fc70f1c3cbe44cc68743,Defra__25k_May_25.csv,2025-05,700,2026-09-23T00:00:00+00:00,real_public_defra,false,,DEFRA,EA,19/05/2025,PPE - POA & AUC (OWNED) - COST - O/BAL,EA FCRM Dir-AAM-Efficiency & Portfolio-Portfolio,JACOBS UK LTD,1001611733,153325.65,TANGIBLE NBV,SE1 2QG,CIS SUPPLIER,,ENVFCPSI00425B01C,Asset,GB624298920,2025-05-19,153325.65,GBP,5cde6acd629577fc06dedd6750637d562c8086afc7774773f47699951a02abdd,ae716522f4f87464e3baf8f89dbfb4ee435d53e19b9fc9e009f745d5342aa116,valid,valid,true,valid,
business_duplicate_candidate,ae716522f4f87464e3baf8f89dbfb4ee435d53e19b9fc9e009f745d5342aa116,4,3,within_file,expense_type|expense_area|po_category_description|project_code|expenditure_type,456a4a35094ff47adc6ddb4b1b959530e0c6d70677a803c0ae2ce1e7e9b6c254,Defra__25k_May_25.csv,2025-05,701,2026-09-23T00:00:00+00:00,real_public_defra,false,,DEFRA,EA,19/05/2025,EXP EU CAPITAL GRANTS TO PTE SECTOR - PERS & NON PROFIT INSTIT'NS SERVING H'HOLD - CWEIY,EA Ops-CLA-Mgt,JACOBS UK LTD,1001611733,153325.65,GRANTS,SE1 2QG,CIS SUPPLIER,,ENV0000489C,Expense,GB624298920,2025-05-19,153325.65,GBP,a257999dd2eb3c9d48f1c9fc6c51cbc367f832aa9f671265bbb5517fd323b312,ae716522f4f87464e3baf8f89dbfb4ee435d53e19b9fc9e009f745d5342aa116,valid,valid,true,valid,
business_duplicate_candidate,ae716522f4f87464e3baf8f89dbfb4ee435d53e19b9fc9e009f745d5342aa116,4,3,within_file,expense_type|expense_area|po_category_description|project_code|expenditure_type,0dee3943a74448d4f0c83a9b511fbbee0f9724cd97cc8f58a7bf102eec66aa73,Defra__25k_May_25.csv,2025-05,702,2026-09-23T00:00:00+00:00,real_public_defra,false,,DEFRA,EA,19/05/2025,PPE - POA & AUC (OWNED) - COST - O/BAL,EA Ops-GMC-Mgt,JACOBS UK LTD,1001611733,153325.65,TANGIBLE NBV,SE1 2QG,CIS SUPPLIER,,ENVIMNW000100,Asset,GB624298920,2025-05-19,153325.65,GBP,9f5b88b993cb1d515583227c9b399e8f51b0040f2ec4fe2f62f8be4dba055a93,ae716522f4f87464e3baf8f89dbfb4ee435d53e19b9fc9e009f745d5342aa116,valid,valid,true,valid,
business_duplicate_candidate,b0c49c91c61c6efd881576a805354ea828ceec2743b761bbace4c86ded769c54,2,1,within_file,amount_raw|project_code,71f609c51b569078c1f5dd05e193827c375a6c3f7dbf35bdf0892b93e6ea4e10,Defra_Over__25K_October_2025.csv,2025-10,538,2026-09-23T00:00:00+00:00,real_public_defra,false,,DEFRA,NATURAL ENGLAND,28-Oct-25,EXP-PURCHASE OF GOODS & SERVICES - DLL POND CREATION / RESTORATION,DLL REGULATOR AND PROVIDER SERVICES,F W A G EAST CONSULTANCY LTD,1010140559,50316,Environmental (Land Use & Biodiversity) Services,CB2 9LG,SUPPLIER(1),C20714,NE163801,Expense,134894095,2025-10-28,50316,GBP,aa5e991c3eb424e68daa9e5d8efa61502ef72870ca3612fe714a59ebc0f46b7c,b0c49c91c61c6efd881576a805354ea828ceec2743b761bbace4c86ded769c54,valid,valid,true,valid,
business_duplicate_candidate,b0c49c91c61c6efd881576a805354ea828ceec2743b761bbace4c86ded769c54,2,1,within_file,amount_raw|project_code,5d5474b4dc81ede6ee063dae326c9eeee0c7d8ec1425037ddb41ecf32dba36b8,Defra_Over__25K_October_2025.csv,2025-10,540,2026-09-23T00:00:00+00:00,real_public_defra,false,,DEFRA,NATURAL ENGLAND,28-Oct-25,EXP-PURCHASE OF GOODS & SERVICES - DLL POND CREATION / RESTORATION,DLL REGULATOR AND PROVIDER SERVICES,F W A G EAST CONSULTANCY LTD,1010140559,30810,Environmental (Land Use & Biodiversity) Services,CB2 9LG,SUPPLIER(1),C20714,NE162813,Expense,134894095,2025-10-28,30810,GBP,f21fbc53b79eaadd74fc888469669580c98918f04649fa33ff093f088bd03578,b0c49c91c61c6efd881576a805354ea828ceec2743b761bbace4c86ded769c54,valid,valid,true,valid,
business_duplicate_candidate,b14ebb019cf0985ec8f2a642739b8aeac4e9a925da83f49ba4cae7e004b14772,2,1,cross_file,transaction_date_raw|expense_type|expense_area|amount_raw|supplier_postcode|expenditure_type|vat_registration_number,ca13a83a63dec744d216284c4ce15e3ea81367e424529d61307d766c231ce4dd,Over++_25K++Mar+2025-Rev.csv,2025-03,1042,2026-09-23T00:00:00+00:00,real_public_defra,false,,DE,KEW,25/03/2025,Property Related,P0: Science Services & Labs,Hugh Broughton Architects Ltd,7131229,"£41,948.40",Capital Development Programme Central,LE4 1AW,UK Supplier,,11229,Laboratory machinery & equipt,,2025-03-25,41948.40,GBP,35e5b68a32e55c9b3d9a12b9c48792fc07e5be16e088df6a07f2da281b216aa4,b14ebb019cf0985ec8f2a642739b8aeac4e9a925da83f49ba4cae7e004b14772,valid,valid,true,valid,
business_duplicate_candidate,b14ebb019cf0985ec8f2a642739b8aeac4e9a925da83f49ba4cae7e004b14772,2,1,cross_file,transaction_date_raw|expense_type|expense_area|amount_raw|supplier_postcode|expenditure_type|vat_registration_number,1c5eb779e036657e3a55dcbf4166d56dcfdc9fe7d8c8e55757a46d53633d3557,Over_25K_Transparency_report_April_25.csv,2025-04,219,2026-09-23T00:00:00+00:00,real_public_defra,false,,DE,KEW,22/04/2025,Consumables & Materials,P2: Trait Diversity and Function,Hugh Broughton Architects Ltd,7131229,"£52,030.00",Capital Development Programme Central,EH26 0PZ,UK Supplier,,11229,Samples,GB339658161,2025-04-22,52030.00,GBP,d620ad54a820e6d785014d3b8489090b3f6d5bea11b962a84743ba22faa13513,b14ebb019cf0985ec8f2a642739b8aeac4e9a925da83f49ba4cae7e004b14772,valid,valid,true,valid,
business_duplicate_candidate,b15e9de1ab669ceab286f2e7f9db4d2e155a6f51f5b45cb054e41926ecc165bd,5,4,within_file,expense_type|expense_area|po_category_description|project_code|expenditure_type,24d033a5ffda38dfe26a2b1b7f55f086c9fe4a4defe8f9145f3f701c990e5d22,Defra__25k_May_25.csv,2025-05,728,2026-09-23T00:00:00+00:00,real_public_defra,false,,DEFRA,EA,20/05/2025,PPE - POA & AUC (OWNED) - COST - O/BAL,EA Ops-KSL-Mgt,JEREMY BENN ASSOCIATES LTD,1001612101,170263.55,TANGIBLE NBV,BD23 3AE,SUPPLIER,,ENV0004363C,Asset,665 3009 41,2025-05-20,170263.55,GBP,75c6cda63247a8b7b2e5cb59b09d4544e2ca1ba1a6786b824cbf8c2b215b1edf,b15e9de1ab669ceab286f2e7f9db4d2e155a6f51f5b45cb054e41926ecc165bd,valid,valid,true,valid,
business_duplicate_candidate,b15e9de1ab669ceab286f2e7f9db4d2e155a6f51f5b45cb054e41926ecc165bd,5,4,within_file,expense_type|expense_area|po_category_description|project_code|expenditure_type,8626feb833fddf061588943d4fd5bc4c9e83ad8ab1bdcf4bca9771645d4951c7,Defra__25k_May_25.csv,2025-05,729,2026-09-23T00:00:00+00:00,real_public_defra,false,,DEFRA,EA,20/05/2025,PPE - POA & AUC (OWNED) - COST - O/BAL,EA Ops-KSL-Mgt,JEREMY BENN ASSOCIATES LTD,1001612101,170263.55,TANGIBLE NBV,BD23 3AE,SUPPLIER,,ENV0004363C,Asset,665 3009 41,2025-05-20,170263.55,GBP,75c6cda63247a8b7b2e5cb59b09d4544e2ca1ba1a6786b824cbf8c2b215b1edf,b15e9de1ab669ceab286f2e7f9db4d2e155a6f51f5b45cb054e41926ecc165bd,valid,valid,true,valid,
business_duplicate_candidate,b15e9de1ab669ceab286f2e7f9db4d2e155a6f51f5b45cb054e41926ecc165bd,5,4,within_file,expense_type|expense_area|po_category_description|project_code|expenditure_type,0ef04ec6175e945f4e794f899c7c64c309a427d200bbe497fc1c26704e2cc282,Defra__25k_May_25.csv,2025-05,730,2026-09-23T00:00:00+00:00,real_public_defra,false,,DEFRA,EA,20/05/2025,EXP - PURCHASE OF GOODS/SERVICES - CONSULTANCY - TECHNICAL,EA Ops-KSL-FCRM-Mgt,JEREMY BENN ASSOCIATES LTD,1001612101,170263.55,FEES AND COMMISSIONS,BD23 3AE,SUPPLIER,,ENVIMSO001088R,Expense,665 3009 41,2025-05-20,170263.55,GBP,92b3afa52a0eeb4ba6fbf96896082a21803100bf2980d00ff8a058fef9258b84,b15e9de1ab669ceab286f2e7f9db4d2e155a6f51f5b45cb054e41926ecc165bd,valid,valid,true,valid,
business_duplicate_candidate,b15e9de1ab669ceab286f2e7f9db4d2e155a6f51f5b45cb054e41926ecc165bd,5,4,within_file,expense_type|expense_area|po_category_description|project_code|expenditure_type,51ddf660af27fb38cf428c98b23742963a7ddddfe6a70d5beba2fd6a5456bfbb,Defra__25k_May_25.csv,2025-05,731,2026-09-23T00:00:00+00:00,real_public_defra,false,,DEFRA,EA,20/05/2025,EXP EU CAPITAL GRANTS TO PTE SECTOR - PERS & NON PROFIT INSTIT'NS SERVING H'HOLD - CWEIY,EA Ops-SSD-Mgt,JEREMY BENN ASSOCIATES LTD,1001612101,170263.55,GRANTS,BD23 3AE,SUPPLIER,,ENVIMSO000584,Expense,665 3009 41,2025-05-20,170263.55,GBP,2bbb9c8ce39d9dff77add4207f94bbf7fdcce9abb4f3a16fe00e7114ee289b4e,b15e9de1ab669ceab286f2e7f9db4d2e155a6f51f5b45cb054e41926ecc165bd,valid,valid,true,valid,
business_duplicate_candidate,b15e9de1ab669ceab286f2e7f9db4d2e155a6f51f5b45cb054e41926ecc165bd,5,4,within_file,expense_type|expense_area|po_category_description|project_code|expenditure_type,7b8964fb40be9eb98e191390221ca20aa4f5e8406bb26f7217cbafc409fdcc6b,Defra__25k_May_25.csv,2025-05,732,2026-09-23T00:00:00+00:00,real_public_defra,false,,DEFRA,EA,20/05/2025,EXP EU CAPITAL GRANTS TO PTE SECTOR - PERS & NON PROFIT INSTIT'NS SERVING H'HOLD - CWEIY,EA Ops-SSD-Mgt,JEREMY BENN ASSOCIATES LTD,1001612101,170263.55,GRANTS,BD23 3AE,SUPPLIER,,ENVIMSO000584,Expense,665 3009 41,2025-05-20,170263.55,GBP,2bbb9c8ce39d9dff77add4207f94bbf7fdcce9abb4f3a16fe00e7114ee289b4e,b15e9de1ab669ceab286f2e7f9db4d2e155a6f51f5b45cb054e41926ecc165bd,valid,valid,true,valid,
business_duplicate_candidate,b1cbff6160ede74b95c7938b204896e98ce4660e1333b957a277f9d80d1db4a4,3,2,within_file,expense_type|expense_area|po_category_description|project_code,403fa6b8d268c32ce85606ae7421a53d9d3d1e87772b0f6eca9b62c3a6ccbe86,Defra__25k_May_25.csv,2025-05,723,2026-09-23T00:00:00+00:00,real_public_defra,false,,DEFRA,EA,19/05/2025,EXP - PURCHASE OF GOODS/SERVICES - OTHER PROFESSIONAL SERVICES,EA FCRM Dir-MPPD-PCM-Mids,JEREMY BENN ASSOCIATES LTD,1001612006,152246.11,FEES AND COMMISSIONS,BD23 3AE,SUPPLIER,,,Expense,665 3009 41,2025-05-19,152246.11,GBP,4ebb42cf8e51e8e142fb34e968e5ba8c25ea5523c86e3126d8f564c0bf1e10db,b1cbff6160ede74b95c7938b204896e98ce4660e1333b957a277f9d80d1db4a4,valid,valid,true,valid,
business_duplicate_candidate,b1cbff6160ede74b95c7938b204896e98ce4660e1333b957a277f9d80d1db4a4,3,2,within_file,expense_type|expense_area|po_category_description|project_code,1540542bb435771a86b5a9a6204fc2587356d5a04ecb3093a9f4edb961fabc67,Defra__25k_May_25.csv,2025-05,724,2026-09-23T00:00:00+00:00,real_public_defra,false,,DEFRA,EA,19/05/2025,EXP EU CAPITAL GRANTS TO PTE SECTOR - PERS & NON PROFIT INSTIT'NS SERVING H'HOLD - CWEIY,EA Ops-SSD-Mgt,JEREMY BENN ASSOCIATES LTD,1001612006,152246.11,GRANTS,BD23 3AE,SUPPLIER,,ENV0005242C,Expense,665 3009 41,2025-05-19,152246.11,GBP,e65e5d1b9e0ff12aad1432e21a95109feaa8e3bb642aa9bd3e1ad6cc86087c89,b1cbff6160ede74b95c7938b204896e98ce4660e1333b957a277f9d80d1db4a4,valid,valid,true,valid,
business_duplicate_candidate,b1cbff6160ede74b95c7938b204896e98ce4660e1333b957a277f9d80d1db4a4,3,2,within_file,expense_type|expense_area|po_category_description|project_code,1c6b032d5b84c37383731952d29e9c4271fdadfc6f0547ff69899425d2e49261,Defra__25k_May_25.csv,2025-05,725,2026-09-23T00:00:00+00:00,real_public_defra,false,,DEFRA,EA,19/05/2025,EXP - PURCHASE OF GOODS/SERVICES - OTHER PROFESSIONAL SERVICES,EA FCRM Dir-MPPD-PCM-Mids,JEREMY BENN ASSOCIATES LTD,1001612006,152246.11,FEES AND COMMISSIONS,BD23 3AE,SUPPLIER,,,Expense,665 3009 41,2025-05-19,152246.11,GBP,4ebb42cf8e51e8e142fb34e968e5ba8c25ea5523c86e3126d8f564c0bf1e10db,b1cbff6160ede74b95c7938b204896e98ce4660e1333b957a277f9d80d1db4a4,valid,valid,true,valid,
business_duplicate_candidate,b2d3d453f4d90da1a19e3f4060873028bf38708f81f09d1b6de0ffadd569847d,2,1,within_file,expense_type|expense_area|contract_number,af3d860fb2a08bdec96fc4fe5a9d09ba0df78985317e53b650d896974130fa76,Defra__25k_May_25.csv,2025-05,862,2026-09-23T00:00:00+00:00,real_public_defra,false,,DEFRA,EA,27/05/2025,Exp - Purchase Of Goods/Services - Consultancy,EA Ops-E&M-EMR-NIS,SHARED SERVICES CONNECTED LTD,1001613546,1110203.75,FEES AND COMMISSIONS,M14 0WN,SUPPLIER,,,Expense,171798078,2025-05-27,1110203.75,GBP,65154d7dabd7b214b7ab657f76617a72aa1e13b5a890c34b54dd8f627de2b991,b2d3d453f4d90da1a19e3f4060873028bf38708f81f09d1b6de0ffadd569847d,valid,valid,true,valid,
business_duplicate_candidate,b2d3d453f4d90da1a19e3f4060873028bf38708f81f09d1b6de0ffadd569847d,2,1,within_file,expense_type|expense_area|contract_number,261b8882c2dcc04a4a2b171953be0bc54b38678ce96a05c7c29315f8522c8d85,Defra__25k_May_25.csv,2025-05,863,2026-09-23T00:00:00+00:00,real_public_defra,false,,DEFRA,EA,27/05/2025,EXP - PURCHASE OF GOODS/SERVICES - ICT OUTSOURCING & MAINT/SUPPORT,EA Corp Affairs-SSC-Mgt,SHARED SERVICES CONNECTED LTD,1001613546,1110203.75,FEES AND COMMISSIONS,M14 0WN,SUPPLIER,ecm_60736,,Expense,171798078,2025-05-27,1110203.75,GBP,9c8ffb648925733f3f39c62764cf55aa9c8e93831b4e955322e6f5865fa70c0f,b2d3d453f4d90da1a19e3f4060873028bf38708f81f09d1b6de0ffadd569847d,valid,valid,true,valid,
business_duplicate_candidate,b50ba65004500b94b69000f2a8c06837a38ffdf8e28de72a9059392611b14145,3,2,within_file,expense_type|expense_area|amount_raw|po_category_description|contract_number|expenditure_type,274c87bc9cf1e8090db818d742de5cf57369f2158c8433ae53825ac8083766bc,Over++_25K++Mar+2025-Rev.csv,2025-03,1138,2026-09-23T00:00:00+00:00,real_public_defra,false,,DE,NATURAL ENGLAND,17/03/2025,EXP - PURCHASE OF GOODS/SERVICES - OTHER,ORGANISATION CHANGE,DEFRA,2010000866,54398.98,Operational Goods-Unclassified,YO1 7PX,SUPPLIER,DFP,00000000,Expense,888800181,2025-03-17,54398.98,GBP,bb6900ae017ae3b3c776f859b97b5156d95cb5a891904f81b9e2d8bc7e923665,b50ba65004500b94b69000f2a8c06837a38ffdf8e28de72a9059392611b14145,valid,valid,true,valid,
business_duplicate_candidate,b50ba65004500b94b69000f2a8c06837a38ffdf8e28de72a9059392611b14145,3,2,within_file,expense_type|expense_area|amount_raw|po_category_description|contract_number|expenditure_type,25947bcc4bea1f00e82e732730eeba76b1fbe8e2058a407c03ff5946bb0f16cc,Over++_25K++Mar+2025-Rev.csv,2025-03,1141,2026-09-23T00:00:00+00:00,real_public_defra,false,,DE,NATURAL ENGLAND,17/03/2025,PPE - POA & AUC (OWNED) - COST - ADDITIONS - BUILDINGS,NNR SERVICES TEAM,DEFRA,2010000866,35568.84,Design and Build,YO1 7PX,SUPPLIER,Exemption Code: IGS,00000000,Asset,888800181,2025-03-17,35568.84,GBP,ef7c85410b2cb2815dfec4f8d76da49b9bd4c112682df45abfc8788c41b5c729,b50ba65004500b94b69000f2a8c06837a38ffdf8e28de72a9059392611b14145,valid,valid,true,valid,
business_duplicate_candidate,b50ba65004500b94b69000f2a8c06837a38ffdf8e28de72a9059392611b14145,3,2,within_file,expense_type|expense_area|amount_raw|po_category_description|contract_number|expenditure_type,cb47c9b49d85d5c442bd6227d7d313dfb0da76bf46abf25f04d7fba1b8c88e73,Over++_25K++Mar+2025-Rev.csv,2025-03,1142,2026-09-23T00:00:00+00:00,real_public_defra,false,,DE,NATURAL ENGLAND,17/03/2025,IA - POA & AUC - COST - SYSTEM COST,Nature Recovery Network,DEFRA,2010000866,25110,Research-Unclassified,YO1 7PX,SUPPLIER,DFP,00000000,Asset,888800181,2025-03-17,25110,GBP,bedd542a688b151525a5c2f3ae053e4723e2370692bfd4f53dae4b16c6fa289c,b50ba65004500b94b69000f2a8c06837a38ffdf8e28de72a9059392611b14145,valid,valid,true,valid,
business_duplicate_candidate,b5749e3971b5b0e85d45342afddcc3c8ce896f0b259ea85d2daaad656e54d484,7,6,within_file,expense_type|expense_area|po_category_description|project_code|expenditure_type,49b293cbdb455564cf5525f961ca451a2f5cf0e8b5a38b82ca0846a0d4b81223,Defra__25k_May_25.csv,2025-05,545,2026-09-23T00:00:00+00:00,real_public_defra,false,,DEFRA,EA,13/05/2025,EXP EU CAPITAL GRANTS TO PTE SECTOR - PERS & NON PROFIT INSTIT'NS SERVING H'HOLD - CWEIY,EA Ops-SSD-Mgt,JEREMY BENN ASSOCIATES LTD,1001610533,182066.57,GRANTS,BD23 3AE,SUPPLIER,,ENV0004615C,Expense,665 3009 41,2025-05-13,182066.57,GBP,ad6909cb4961e08c01785f0e46d46e7ad0929cd676557b6d91b0946d6901f78f,b5749e3971b5b0e85d45342afddcc3c8ce896f0b259ea85d2daaad656e54d484,valid,valid,true,valid,
business_duplicate_candidate,b5749e3971b5b0e85d45342afddcc3c8ce896f0b259ea85d2daaad656e54d484,7,6,within_file,expense_type|expense_area|po_category_description|project_code|expenditure_type,782f954ddc977730bb90117443d3fc7e64dd44f1398a613ad75ac501e6019826,Defra__25k_May_25.csv,2025-05,546,2026-09-23T00:00:00+00:00,real_public_defra,false,,DEFRA,EA,13/05/2025,EXP EU CAPITAL GRANTS TO PTE SECTOR - PERS & NON PROFIT INSTIT'NS SERVING H'HOLD - CWEIY,EA Ops-SSD-Mgt,JEREMY BENN ASSOCIATES LTD,1001610533,182066.57,GRANTS,BD23 3AE,SUPPLIER,,ENV0004615C,Expense,665 3009 41,2025-05-13,182066.57,GBP,ad6909cb4961e08c01785f0e46d46e7ad0929cd676557b6d91b0946d6901f78f,b5749e3971b5b0e85d45342afddcc3c8ce896f0b259ea85d2daaad656e54d484,valid,valid,true,valid,
business_duplicate_candidate,b5749e3971b5b0e85d45342afddcc3c8ce896f0b259ea85d2daaad656e54d484,7,6,within_file,expense_type|expense_area|po_category_description|project_code|expenditure_type,ad0ac4fc171c33dc802f74e1c4e0ad8713109f03ee7dfd3fb8420cf7f1dae974,Defra__25k_May_25.csv,2025-05,547,2026-09-23T00:00:00+00:00,real_public_defra,false,,DEFRA,EA,13/05/2025,EXP EU CAPITAL GRANTS TO PTE SECTOR - PERS & NON PROFIT INSTIT'NS SERVING H'HOLD - CWEIY,EA Ops-SSD-Mgt,JEREMY BENN ASSOCIATES LTD,1001610533,182066.57,GRANTS,BD23 3AE,SUPPLIER,,ENV0004615C,Expense,665 3009 41,2025-05-13,182066.57,GBP,ad6909cb4961e08c01785f0e46d46e7ad0929cd676557b6d91b0946d6901f78f,b5749e3971b5b0e85d45342afddcc3c8ce896f0b259ea85d2daaad656e54d484,valid,valid,true,valid,
business_duplicate_candidate,b5749e3971b5b0e85d45342afddcc3c8ce896f0b259ea85d2daaad656e54d484,7,6,within_file,expense_type|expense_area|po_category_description|project_code|expenditure_type,3116ac539a1d3aee38e024df587be4d6cd3c1aac01d7a7e57732e198fbf514e4,Defra__25k_May_25.csv,2025-05,548,2026-09-23T00:00:00+00:00,real_public_defra,false,,DEFRA,EA,13/05/2025,EXP EU CAPITAL GRANTS TO PTE SECTOR - PERS & NON PROFIT INSTIT'NS SERVING H'HOLD - CWEIY,EA Ops-SSD-Mgt,JEREMY BENN ASSOCIATES LTD,1001610533,182066.57,GRANTS,BD23 3AE,SUPPLIER,,ENV0004615C,Expense,665 3009 41,2025-05-13,182066.57,GBP,ad6909cb4961e08c01785f0e46d46e7ad0929cd676557b6d91b0946d6901f78f,b5749e3971b5b0e85d45342afddcc3c8ce896f0b259ea85d2daaad656e54d484,valid,valid,true,valid,
business_duplicate_candidate,b5749e3971b5b0e85d45342afddcc3c8ce896f0b259ea85d2daaad656e54d484,7,6,within_file,expense_type|expense_area|po_category_description|project_code|expenditure_type,aaaca6fc90746cf9d899330c5f3b72c3251ed8b42c9d5a6bbdc95bb84942e6cc,Defra__25k_May_25.csv,2025-05,549,2026-09-23T00:00:00+00:00,real_public_defra,false,,DEFRA,EA,13/05/2025,EXP EU CAPITAL GRANTS TO PTE SECTOR - PERS & NON PROFIT INSTIT'NS SERVING H'HOLD - CWEIY,EA Ops-SSD-Mgt,JEREMY BENN ASSOCIATES LTD,1001610533,182066.57,GRANTS,BD23 3AE,SUPPLIER,,ENV0004615C,Expense,665 3009 41,2025-05-13,182066.57,GBP,ad6909cb4961e08c01785f0e46d46e7ad0929cd676557b6d91b0946d6901f78f,b5749e3971b5b0e85d45342afddcc3c8ce896f0b259ea85d2daaad656e54d484,valid,valid,true,valid,
business_duplicate_candidate,b5749e3971b5b0e85d45342afddcc3c8ce896f0b259ea85d2daaad656e54d484,7,6,within_file,expense_type|expense_area|po_category_description|project_code|expenditure_type,a2ba2bedfe969ffcd3c8fee031ecc479bdc00768bc51d64d790882a69cfc4371,Defra__25k_May_25.csv,2025-05,550,2026-09-23T00:00:00+00:00,real_public_defra,false,,DEFRA,EA,13/05/2025,PPE - POA & AUC (OWNED) - COST - O/BAL,EA Ops-KSL-Mgt,JEREMY BENN ASSOCIATES LTD,1001610533,182066.57,TANGIBLE NBV,BD23 3AE,SUPPLIER,,ENVIMSE100377,Asset,665 3009 41,2025-05-13,182066.57,GBP,a948b0a3fe4a84fdd2ae78d3e00e1791f8c0c140e883cc1435f751477a9698cc,b5749e3971b5b0e85d45342afddcc3c8ce896f0b259ea85d2daaad656e54d484,valid,valid,true,valid,
business_duplicate_candidate,b5749e3971b5b0e85d45342afddcc3c8ce896f0b259ea85d2daaad656e54d484,7,6,within_file,expense_type|expense_area|po_category_description|project_code|expenditure_type,1348ca022ff36fea38cfeb6a85c0298b487308b15e7c302baa0f067f646575de,Defra__25k_May_25.csv,2025-05,551,2026-09-23T00:00:00+00:00,real_public_defra,false,,DEFRA,EA,13/05/2025,PPE - POA & AUC (OWNED) - COST - O/BAL,EA Ops-KSL-Mgt,JEREMY BENN ASSOCIATES LTD,1001610533,182066.57,TANGIBLE NBV,BD23 3AE,SUPPLIER,,ENV0003427C,Asset,665 3009 41,2025-05-13,182066.57,GBP,a86f8ef6e2def35f61e94ee98977eb2b565aa42e30e6e9711d06d8134aeac725,b5749e3971b5b0e85d45342afddcc3c8ce896f0b259ea85d2daaad656e54d484,valid,valid,true,valid,
business_duplicate_candidate,b5d685016f3c975f74806b50c8b842a176813b3d400a952c387a7b90a1f9de34,2,1,within_file,expense_area|amount_raw|contract_number,ed53aff1b170e30cced4f089d56b2a8988886880b835089c31a57689ed7d72c8,Over__25K_Feb_26.csv,2026-02,260,2026-09-23T00:00:00+00:00,real_public_defra,false,,DE,NATURAL ENGLAND,10/02/2026,EXP - PURCHASE OF GOODS/SERVICES - RESEARCH & DEVELOPMENT - OTHER OUTSOURCED,AGRI-ENVIRONMENT MONITORING AND EVALUATION,ICF CONSULTING SERVICES LTD,1010145955,"£30,667.68",Research-Science and Environmental Research-Science and Environmental Research-Unclassified,EC2R 8HP,SUPPLIER,C22928,00000000,Expense,927 4872 86,2026-02-10,30667.68,GBP,79d13f476f0374f9fd0ecc18cd77a509302425fbdd927aa3a453965cb7fcc29f,b5d685016f3c975f74806b50c8b842a176813b3d400a952c387a7b90a1f9de34,valid,valid,true,valid,
business_duplicate_candidate,b5d685016f3c975f74806b50c8b842a176813b3d400a952c387a7b90a1f9de34,2,1,within_file,expense_area|amount_raw|contract_number,c0238e5cc0a1c3bcebf7f7ee4e9e4d65f05d20e97af3867f9579e8e9fe1b72c2,Over__25K_Feb_26.csv,2026-02,261,2026-09-23T00:00:00+00:00,real_public_defra,false,,DE,NATURAL ENGLAND,10/02/2026,EXP - PURCHASE OF GOODS/SERVICES - RESEARCH & DEVELOPMENT - OTHER OUTSOURCED,Natural Capital & Ecosystem Assessment - Terrestrial,ICF CONSULTING SERVICES LTD,1010145955,"£27,314.75",Research-Science and Environmental Research-Science and Environmental Research-Unclassified,EC2R 8HP,SUPPLIER,S-2506 / C22928,00000000,Expense,927 4872 86,2026-02-10,27314.75,GBP,037d5b35c74efa6cb016410963357216d137c61ec473d986a37c913f75a8df10,b5d685016f3c975f74806b50c8b842a176813b3d400a952c387a7b90a1f9de34,valid,valid,true,valid,
business_duplicate_candidate,b924ff261e607d7cfcf6c61f0359e8edce250d871548886cd72cf0f68e742c13,3,2,within_file,transaction_date_raw|amount_raw,008d991347d00ed46574c0c5f4b307d3b018169af1467b0fa3f9906cf4b1a168,Defra__25k_May_25.csv,2025-05,570,2026-09-23T00:00:00+00:00,real_public_defra,false,,DEFRA,EA,14/05/2025,EXP - PURCHASE OF GOODS/SERVICES - OTHER - GRANTS AND CONTRIBUTIONS,EA FCRM Dir-AME-Engineering and Technical Assurance,ANCHOLME INTERNAL DRAINAGE BOARD,1001546734,-371553.17,OTHER COSTS,DN6 7FE,SUPPLIER,,ENV7006083R,Expense,,2025-05-14,-371553.17,GBP,f1e4d11e5620be3789ba66dfca13db9276fe0ffbe4142a6885728bb6c2d8219d,b924ff261e607d7cfcf6c61f0359e8edce250d871548886cd72cf0f68e742c13,valid,valid,true,warning,amount_non_positive_review
business_duplicate_candidate,b924ff261e607d7cfcf6c61f0359e8edce250d871548886cd72cf0f68e742c13,3,2,within_file,transaction_date_raw|amount_raw,d882cce4a9b9b2247089b86b14ea6a7e9fa6bd6f6fc2a8bdeb03195a04448df4,Defra__25k_May_25.csv,2025-05,571,2026-09-23T00:00:00+00:00,real_public_defra,false,,DEFRA,EA,14/05/2025,EXP - PURCHASE OF GOODS/SERVICES - OTHER - GRANTS AND CONTRIBUTIONS,EA FCRM Dir-AME-Engineering and Technical Assurance,ANCHOLME INTERNAL DRAINAGE BOARD,1001546734,-189518.46,OTHER COSTS,DN6 7FE,SUPPLIER,,ENV7006083R,Expense,,2025-05-14,-189518.46,GBP,ac36b9ba5ae66c21c331a445e5306cc9df358e7d1c18fa6cd1f878fb0fe63854,b924ff261e607d7cfcf6c61f0359e8edce250d871548886cd72cf0f68e742c13,valid,valid,true,warning,amount_non_positive_review
business_duplicate_candidate,b924ff261e607d7cfcf6c61f0359e8edce250d871548886cd72cf0f68e742c13,3,2,within_file,transaction_date_raw|amount_raw,381171e71c57dd8e8f581ac9853a066f35b123b820702b5219b8b5cca98f60cc,Defra__25k_May_25.csv,2025-05,657,2026-09-23T00:00:00+00:00,real_public_defra,false,,DEFRA,EA,16/05/2025,EXP - PURCHASE OF GOODS/SERVICES - OTHER - GRANTS AND CONTRIBUTIONS,EA FCRM Dir-AME-Engineering and Technical Assurance,ANCHOLME INTERNAL DRAINAGE BOARD,1001546734,-27394.95,OTHER COSTS,DN6 7FE,SUPPLIER,,ENV7006083R,Expense,,2025-05-16,-27394.95,GBP,bdfe94e31686baa6df174b7f9a177153c8d88c365b43b8ac6fe42bc959162a4e,b924ff261e607d7cfcf6c61f0359e8edce250d871548886cd72cf0f68e742c13,valid,valid,true,warning,amount_non_positive_review
business_duplicate_candidate,ba0e94ce73a54c2a96d1c3accaa13404bad127b6cfa12873f909bbbc5e7a4efc,6,5,within_file,expense_type|expense_area|po_category_description|project_code|expenditure_type,5c3f0086251ea44fbe1defa51eda8c1189864baa626cd9ae27bc93150528951c,Defra__25k_May_25.csv,2025-05,756,2026-09-23T00:00:00+00:00,real_public_defra,false,,DEFRA,EA,21/05/2025,PPE - POA & AUC (OWNED) - COST - O/BAL,EA Ops-KSL-Mgt,VOLKERSTEVIN INFRASTRUCTURE LTD,1001612504,354942.19,TANGIBLE NBV,EN11 9BX,CIS SUPPLIER,,ENV0003358C,Asset,GB424894330,2025-05-21,354942.19,GBP,73a0d70919fbc5842a3f39a560840513e205881f7287b1fd6a2b08971c8357b8,ba0e94ce73a54c2a96d1c3accaa13404bad127b6cfa12873f909bbbc5e7a4efc,valid,valid,true,valid,
business_duplicate_candidate,ba0e94ce73a54c2a96d1c3accaa13404bad127b6cfa12873f909bbbc5e7a4efc,6,5,within_file,expense_type|expense_area|po_category_description|project_code|expenditure_type,10201ca8f4bbf1e7a32067699f1184debce9ee7dcfd62062145c74cbb301b4a1,Defra__25k_May_25.csv,2025-05,757,2026-09-23T00:00:00+00:00,real_public_defra,false,,DEFRA,EA,21/05/2025,PPE - POA & AUC (OWNED) - COST - O/BAL,EA Ops-KSL-Mgt,VOLKERSTEVIN INFRASTRUCTURE LTD,1001612504,354942.19,TANGIBLE NBV,EN11 9BX,CIS SUPPLIER,,ENV0003358C,Asset,GB424894330,2025-05-21,354942.19,GBP,73a0d70919fbc5842a3f39a560840513e205881f7287b1fd6a2b08971c8357b8,ba0e94ce73a54c2a96d1c3accaa13404bad127b6cfa12873f909bbbc5e7a4efc,valid,valid,true,valid,
business_duplicate_candidate,ba0e94ce73a54c2a96d1c3accaa13404bad127b6cfa12873f909bbbc5e7a4efc,6,5,within_file,expense_type|expense_area|po_category_description|project_code|expenditure_type,43999c5d10f4e1c32d27fa7b115d16e60e8622979dda1aa6dec0413f9eecb168,Defra__25k_May_25.csv,2025-05,758,2026-09-23T00:00:00+00:00,real_public_defra,false,,DEFRA,EA,21/05/2025,PPE - POA & AUC (OWNED) - COST - O/BAL,EA Ops-KSL-Mgt,VOLKERSTEVIN INFRASTRUCTURE LTD,1001612504,354942.19,TANGIBLE NBV,EN11 9BX,CIS SUPPLIER,,ENV0003358C,Asset,GB424894330,2025-05-21,354942.19,GBP,73a0d70919fbc5842a3f39a560840513e205881f7287b1fd6a2b08971c8357b8,ba0e94ce73a54c2a96d1c3accaa13404bad127b6cfa12873f909bbbc5e7a4efc,valid,valid,true,valid,
business_duplicate_candidate,ba0e94ce73a54c2a96d1c3accaa13404bad127b6cfa12873f909bbbc5e7a4efc,6,5,within_file,expense_type|expense_area|po_category_description|project_code|expenditure_type,9275e05c4140ef5ea7776dd4a8eefc45c0da32ddefa67d9ef0ddc46d6cde24db,Defra__25k_May_25.csv,2025-05,759,2026-09-23T00:00:00+00:00,real_public_defra,false,,DEFRA,EA,21/05/2025,PPE - POA & AUC (OWNED) - COST - O/BAL,EA Ops-KSL-Mgt,VOLKERSTEVIN INFRASTRUCTURE LTD,1001612504,354942.19,TANGIBLE NBV,EN11 9BX,CIS SUPPLIER,,ENV0003358C,Asset,GB424894330,2025-05-21,354942.19,GBP,73a0d70919fbc5842a3f39a560840513e205881f7287b1fd6a2b08971c8357b8,ba0e94ce73a54c2a96d1c3accaa13404bad127b6cfa12873f909bbbc5e7a4efc,valid,valid,true,valid,
business_duplicate_candidate,ba0e94ce73a54c2a96d1c3accaa13404bad127b6cfa12873f909bbbc5e7a4efc,6,5,within_file,expense_type|expense_area|po_category_description|project_code|expenditure_type,49470aa390a63ec832fc35407e01293b4cd005f25e4a95ba879d78c1df6df2a4,Defra__25k_May_25.csv,2025-05,760,2026-09-23T00:00:00+00:00,real_public_defra,false,,DEFRA,EA,21/05/2025,PPE - POA & AUC (OWNED) - COST - O/BAL,EA Ops-KSL-Mgt,VOLKERSTEVIN INFRASTRUCTURE LTD,1001612504,354942.19,TANGIBLE NBV,EN11 9BX,CIS SUPPLIER,,ENV0003358C,Asset,GB424894330,2025-05-21,354942.19,GBP,73a0d70919fbc5842a3f39a560840513e205881f7287b1fd6a2b08971c8357b8,ba0e94ce73a54c2a96d1c3accaa13404bad127b6cfa12873f909bbbc5e7a4efc,valid,valid,true,valid,
business_duplicate_candidate,ba0e94ce73a54c2a96d1c3accaa13404bad127b6cfa12873f909bbbc5e7a4efc,6,5,within_file,expense_type|expense_area|po_category_description|project_code|expenditure_type,be8f44696b2cb181cec3d119cd7bb8aadaa1fb602dbaeafab5bc62a703a895fa,Defra__25k_May_25.csv,2025-05,761,2026-09-23T00:00:00+00:00,real_public_defra,false,,DEFRA,EA,21/05/2025,Exp - Purchase Of Goods/Services - Contractors,EA Ops-KSL-FCRM-Mgt,VOLKERSTEVIN INFRASTRUCTURE LTD,1001612504,354942.19,FEES AND COMMISSIONS,EN11 9BX,CIS SUPPLIER,,ENV6004202R,Expense,GB424894330,2025-05-21,354942.19,GBP,cf240947130a5ac900025a482ec4e6f954c17839cf0b37ef6e4cacf96b4c6073,ba0e94ce73a54c2a96d1c3accaa13404bad127b6cfa12873f909bbbc5e7a4efc,valid,valid,true,valid,
business_duplicate_candidate,bacff11fc31c36940e280618cffe850d8f2161a9a8a1fdd7a73164801cea3f55,3,2,within_file,expense_type|expense_area|po_category_description|project_code|expenditure_type,6bf9f328ebfe8b3bec085f67ef5c569feaab8ca6ec07559111ec6272b8bf7341,Defra__25k_May_25.csv,2025-05,900,2026-09-23T00:00:00+00:00,real_public_defra,false,,DEFRA,EA,28/05/2025,PPE - POA & AUC (OWNED) - COST - O/BAL,EA Ops-KSL-Mgt,MOTT MACDONALD LTD,1001614042,320827.52,TANGIBLE NBV,CR0 2EE,SUPPLIER,,ENVIMSE100377,Asset,GB 523765636,2025-05-28,320827.52,GBP,69b24b1be0fb3d506831f277685ed66a5d5582f5606dceaa479ddce86b64e83d,bacff11fc31c36940e280618cffe850d8f2161a9a8a1fdd7a73164801cea3f55,valid,valid,true,valid,
business_duplicate_candidate,bacff11fc31c36940e280618cffe850d8f2161a9a8a1fdd7a73164801cea3f55,3,2,within_file,expense_type|expense_area|po_category_description|project_code|expenditure_type,3aecad99ec616eb22dc4f9ffd91e7647ff5d471e00d55ba64853c8bbca66fda9,Defra__25k_May_25.csv,2025-05,901,2026-09-23T00:00:00+00:00,real_public_defra,false,,DEFRA,EA,28/05/2025,Exp - Purchase Of Goods/Services - Consultancy,EA FCRM Dir-MPPD-CAFM-Should Cost & Intelligence,MOTT MACDONALD LTD,1001614042,320827.52,FEES AND COMMISSIONS,CR0 2EE,SUPPLIER,,,Expense,GB 523765636,2025-05-28,320827.52,GBP,f37e155d39a1dcf7814d6e126d94d56ffcd516a9732f815c3971606db899bf25,bacff11fc31c36940e280618cffe850d8f2161a9a8a1fdd7a73164801cea3f55,valid,valid,true,valid,
business_duplicate_candidate,bacff11fc31c36940e280618cffe850d8f2161a9a8a1fdd7a73164801cea3f55,3,2,within_file,expense_type|expense_area|po_category_description|project_code|expenditure_type,7b0aa62e2b05cc983f5a503509772cd0d028a04c1a9d42277e0d44a074bb138a,Defra__25k_May_25.csv,2025-05,902,2026-09-23T00:00:00+00:00,real_public_defra,false,,DEFRA,EA,28/05/2025,Exp - Purchase Of Goods/Services - Consultancy,EA FCRM Dir-MPPD-CAFM-Commercial Services,MOTT MACDONALD LTD,1001614042,320827.52,FEES AND COMMISSIONS,CR0 2EE,SUPPLIER,,,Expense,GB 523765636,2025-05-28,320827.52,GBP,edc73ac67dab1a9c2b1802a9af6d3dc6f0009078581b5cd596541cb3991e2272,bacff11fc31c36940e280618cffe850d8f2161a9a8a1fdd7a73164801cea3f55,valid,valid,true,valid,
business_duplicate_candidate,bbcccbfd6019fdbeccfb0d6742dfa90a3a8101dab51742389d8aee87dc73a0be,2,1,within_file,amount_raw,604a70eb554e9f9f188fd6aa1ac3d766e1cab1e0670d37ed5a13e3767f125f40,Over__25K_Transparency_July.csv,2025-07,592,2026-09-23T00:00:00+00:00,real_public_defra,false,,DE,NATURAL ENGLAND,30-Jul-25,EXP - PURCHASE OF GOODS/SERVICES - VEHICLE MAINTENANCE,NNR OPERATIONS TEAM,ENVIRONMENT AGENCY,2010000962,"£36,242.24",Fleet,PE2 5ZR,SUPPLIER,IGS,NE161410,Expense,662 4901 34,2025-07-30,36242.24,GBP,c257f82c46de057a532ff654ff2e552656f63e9cd856bfc38c3d1ace1c5dd508,bbcccbfd6019fdbeccfb0d6742dfa90a3a8101dab51742389d8aee87dc73a0be,valid,valid,true,valid,
business_duplicate_candidate,bbcccbfd6019fdbeccfb0d6742dfa90a3a8101dab51742389d8aee87dc73a0be,2,1,within_file,amount_raw,b0f3fe3cb39fe2e62b4cb4d849ef2c2929008059d1a3e551c63bc5bfa550ae18,Over__25K_Transparency_July.csv,2025-07,593,2026-09-23T00:00:00+00:00,real_public_defra,false,,DE,NATURAL ENGLAND,30-Jul-25,EXP - PURCHASE OF GOODS/SERVICES - VEHICLE MAINTENANCE,NNR OPERATIONS TEAM,ENVIRONMENT AGENCY,2010000962,"£27,174.05",Fleet,PE2 5ZR,SUPPLIER,IGS,NE161410,Expense,662 4901 34,2025-07-30,27174.05,GBP,59ed45e1c0fef4e8032700e801e567555a14282f9fe910e426b386af5942da6a,bbcccbfd6019fdbeccfb0d6742dfa90a3a8101dab51742389d8aee87dc73a0be,valid,valid,true,valid,
business_duplicate_candidate,bde863f69e29b2c3416aa6e9fdc928b30385cebdba637e2a155c2f184e022be9,2,1,within_file,expense_type|expense_area|amount_raw|po_category_description|contract_number,cd7c0ae7ac33543e55826c89bb51c7d65e4e684d68010ba8527f4f6df1718bbc,Defra_Over__25k_June_2025.csv,2025-06,425,2026-09-23T00:00:00+00:00,real_public_defra,false,,DEFRA,NE,11/06/2025,EXP - CAPITAL GRANTS TO LOCAL GOVERNMENT,Peat Capital Grants,ROYAL SOCIETY FOR THE PROTECTION OF BIRDS,1010133698,79470.78,Grant-Capital Grant-Non Procurement-Local Authorities,SG19 2DL,SUPPLIER,ECM62239,00000000,Expense,GB 365 9695 89,2025-06-11,79470.78,GBP,2a0df5a5fd6daefc824e388feb23cd117fe5ca24648bf522c012f6c4ed87cbad,bde863f69e29b2c3416aa6e9fdc928b30385cebdba637e2a155c2f184e022be9,valid,valid,true,valid,
business_duplicate_candidate,bde863f69e29b2c3416aa6e9fdc928b30385cebdba637e2a155c2f184e022be9,2,1,within_file,expense_type|expense_area|amount_raw|po_category_description|contract_number,885d88f53f2e1c8131020278594f5829060b40b285427888653c49a5dab233e4,Defra_Over__25k_June_2025.csv,2025-06,427,2026-09-23T00:00:00+00:00,real_public_defra,false,,DEFRA,NE,11/06/2025,EXP - CURRENT GRANTS TO PRIVATE SECTOR - NON PROFIT INSTITUTIONS SERVING H'HOLD,LANDSCAPE RECOVERY,ROYAL SOCIETY FOR THE PROTECTION OF BIRDS,1010133698,68638.71,Grant-Non Capital Grant-Non Procurement-Persons and NPISH (Non Profit Institutions Serving Households),SG19 2DL,SUPPLIER,66508,00000000,Expense,GB 365 9695 89,2025-06-11,68638.71,GBP,049c9c1116cee5de1184dc6760b2a2236ae6e32042c0e6ec6d676f2ca11574a6,bde863f69e29b2c3416aa6e9fdc928b30385cebdba637e2a155c2f184e022be9,valid,valid,true,valid,
business_duplicate_candidate,be4410fcb8da822739a5981f78a42796c76207faabf5362e35d0e8baa8e03ae4,2,1,cross_file,transaction_date_raw|amount_raw|supplier_postcode|vat_registration_number,764236f78910e8d16d7ad9f020694693c124e05fb86e9334f842adf1ccd14ec5,Over++_25K++Mar+2025-Rev.csv,2025-03,1010,2026-09-23T00:00:00+00:00,real_public_defra,false,,DE,KEW,05/03/2025,Capital/Equipment,Capital Development Programme,Alternative Heat,7129934,"£279,355.45",Jodrell Decarbonisation Project,WCIR 5SG,UK Supplier,,11665,New works-Pt I-other costs,478271654,2025-03-05,279355.45,GBP,742d381046c9119ce62954add141ef4790c15f5bc72b2e723232b6bedab7d145,be4410fcb8da822739a5981f78a42796c76207faabf5362e35d0e8baa8e03ae4,valid,valid,true,valid,
business_duplicate_candidate,be4410fcb8da822739a5981f78a42796c76207faabf5362e35d0e8baa8e03ae4,2,1,cross_file,transaction_date_raw|amount_raw|supplier_postcode|vat_registration_number,e0ac43a728af21a12d354d2428563e1c71573246694f15f67126af9afad4d4ca,Over_25K_Transparency_report_April_25.csv,2025-04,18,2026-09-23T00:00:00+00:00,real_public_defra,false,,DE,KEW,09/04/2025,Capital/Equipment,Capital Development Programme,Alternative Heat,7129934,"£434,654.47",Jodrell Decarbonisation Project,W14 8NS,UK Supplier,,11665,New works-Pt I-other costs,610 0610 15,2025-04-09,434654.47,GBP,3d23a0599278cb63009d9fd5e7ea1d03842bfeeac637229ce5c4cb1fc06b1890,be4410fcb8da822739a5981f78a42796c76207faabf5362e35d0e8baa8e03ae4,valid,valid,true,valid,
business_duplicate_candidate,beb89eb534db1836c4bc13dac893c5f0aaf3cb8f72cdf9a017d212a1d1cb6f38,3,2,within_file,expense_type|expense_area|po_category_description|project_code,c814911735bd82b81e946718ce72ff9878600349fdd9ad8cd5c42d20be1286f0,Defra__25k_May_25.csv,2025-05,854,2026-09-23T00:00:00+00:00,real_public_defra,false,,DEFRA,EA,27/05/2025,EXP EU CAPITAL GRANTS TO PTE SECTOR - PERS & NON PROFIT INSTIT'NS SERVING H'HOLD - CWEIY,EA Ops-WMD-Mgt,OVE ARUP & PARTNERS LTD,1001613522,151018.81,GRANTS,NE1 3PL,SUPPLIER,,ENV0004408C,Expense,GB524461265,2025-05-27,151018.81,GBP,728182e7c8749e97c633066bfaa9dd57f8a23cdce4374e9e7313a7b614d49698,beb89eb534db1836c4bc13dac893c5f0aaf3cb8f72cdf9a017d212a1d1cb6f38,valid,valid,true,valid,
business_duplicate_candidate,beb89eb534db1836c4bc13dac893c5f0aaf3cb8f72cdf9a017d212a1d1cb6f38,3,2,within_file,expense_type|expense_area|po_category_description|project_code,eba45bcb2e6dfc507d1e8c35af13c9364fd6b19993bdac285f9ead3acc143445,Defra__25k_May_25.csv,2025-05,855,2026-09-23T00:00:00+00:00,real_public_defra,false,,DEFRA,EA,27/05/2025,EXP - PURCHASE OF GOODS/SERVICES - CONSULTANCY - TECHNICAL,EA Ops-YOR-FCRM OPS NY-Mgt,OVE ARUP & PARTNERS LTD,1001613522,151018.81,FEES AND COMMISSIONS,NE1 3PL,SUPPLIER,,ENV7005431R,Expense,GB524461265,2025-05-27,151018.81,GBP,b5e1137c123531595b51fee325d87baee33768b7ee9a21dfd14098d851b927de,beb89eb534db1836c4bc13dac893c5f0aaf3cb8f72cdf9a017d212a1d1cb6f38,valid,valid,true,valid,
business_duplicate_candidate,beb89eb534db1836c4bc13dac893c5f0aaf3cb8f72cdf9a017d212a1d1cb6f38,3,2,within_file,expense_type|expense_area|po_category_description|project_code,d8fa9925271645d2efd145a22f121bf11f7dd263127f5037ade28200edf5bc3c,Defra__25k_May_25.csv,2025-05,856,2026-09-23T00:00:00+00:00,real_public_defra,false,,DEFRA,EA,27/05/2025,EXP EU CAPITAL GRANTS TO PTE SECTOR - PERS & NON PROFIT INSTIT'NS SERVING H'HOLD - CWEIY,EA Ops-EMD-Mgt,OVE ARUP & PARTNERS LTD,1001613522,151018.81,GRANTS,NE1 3PL,SUPPLIER,,ENVIMMI001615,Expense,GB524461265,2025-05-27,151018.81,GBP,62f3f1314fade80b7ea506f57841fb7bae79eea37b38b7fa37af98cad9fa118c,beb89eb534db1836c4bc13dac893c5f0aaf3cb8f72cdf9a017d212a1d1cb6f38,valid,valid,true,valid,
business_duplicate_candidate,c00256675495efaca437c927100d8fd1fd80a62e3670d02d7f5e30789b186f7d,2,1,within_file,expense_area|project_code,a059b7aa13f0bc95a11abd93b60e080c3cce804f8bcc5c41257ea3b679a49ad7,Defra__25k_May_25.csv,2025-05,738,2026-09-23T00:00:00+00:00,real_public_defra,false,,DEFRA,EA,20/05/2025,EXP - CAPITAL GRANTS TO LOCAL GOVERNMENT,EA Ops-WSX-Mgt,NEW FOREST DISTRICT COUNCIL,1001612151,1551000,GRANTS,SO43 7PA,SUPPLIER,,ENVRMAGIA0012C,Expense,189 4578 96,2025-05-20,1551000,GBP,2276bf2681b5a2e7bffd6388adb2e6a9b79cb1659be14ca533cd494155e2d06d,c00256675495efaca437c927100d8fd1fd80a62e3670d02d7f5e30789b186f7d,valid,valid,true,valid,
business_duplicate_candidate,c00256675495efaca437c927100d8fd1fd80a62e3670d02d7f5e30789b186f7d,2,1,within_file,expense_area|project_code,500e557ba9d1c600c984e8dd332c071c4a3442e7a331d0c64e34cc56f41c17ba,Defra__25k_May_25.csv,2025-05,739,2026-09-23T00:00:00+00:00,real_public_defra,false,,DEFRA,EA,20/05/2025,EXP - CAPITAL GRANTS TO LOCAL GOVERNMENT,EA Ops-SSD-Mgt,NEW FOREST DISTRICT COUNCIL,1001612151,1551000,GRANTS,SO43 7PA,SUPPLIER,,ENVRMAGIA0013C,Expense,189 4578 96,2025-05-20,1551000,GBP,3b3f0bbb091095a3e22aea7c8ae957f2c3dbc615e227b1ce229a46e8bce704b1,c00256675495efaca437c927100d8fd1fd80a62e3670d02d7f5e30789b186f7d,valid,valid,true,valid,
business_duplicate_candidate,c419c9f94ab87570d6625e96d676296f800749b82c38714e587de34f4e7346dc,2,1,within_file,expense_type|project_code,00d4f7bfd4dac66aa6921dcb10c8a97c0bfabe227e3fa79be5ba77e1eac9e9df,Defra__25k_May_25.csv,2025-05,414,2026-09-23T00:00:00+00:00,real_public_defra,false,,DEFRA,EA,06/05/2025,Exp - Purchase Of Goods/Services - Contractors,EA Ops-GPM-Monitoring-Survey-AirContracts,RICARDO AEA LTD,1001608642,118747.01,FEES AND COMMISSIONS,OX11 0QR,SUPPLIER,,ENV6007686R,Expense,88 8800 181,2025-05-06,118747.01,GBP,47ab9786579a4f1389bc2e1ceacc5df53705d02f48754cbb1582ba1d9f0b7329,c419c9f94ab87570d6625e96d676296f800749b82c38714e587de34f4e7346dc,valid,valid,true,valid,
business_duplicate_candidate,c419c9f94ab87570d6625e96d676296f800749b82c38714e587de34f4e7346dc,2,1,within_file,expense_type|project_code,63cf00d4a9385d728fac531351009fd8eac9111a40e5930040fa726b2fed893c,Defra__25k_May_25.csv,2025-05,415,2026-09-23T00:00:00+00:00,real_public_defra,false,,DEFRA,EA,06/05/2025,EXP - PURCHASE OF GOODS/SERVICES - OTHER PROFESSIONAL SERVICES,EA Ops-GPM-Monitoring-Survey-AirContracts,RICARDO AEA LTD,1001608642,118747.01,FEES AND COMMISSIONS,OX11 0QR,SUPPLIER,,,Expense,88 8800 181,2025-05-06,118747.01,GBP,3a422d8b1d06d2aa6e397b78ad5a45d519119e8a8f60a7e96d31286b645f7ac0,c419c9f94ab87570d6625e96d676296f800749b82c38714e587de34f4e7346dc,valid,valid,true,valid,
business_duplicate_candidate,c797eb3a66fba2d37c812343f400aff27b4bc30f765b9e5da62cd1389168d86d,2,1,within_file,transaction_date_raw|amount_raw,37cc4b69a6f7af353b513dd8e3a902188332469a312f209ecb8c56d38b6e50b2,Over_25K_Transparency_report_April_25.csv,2025-04,535,2026-09-23T00:00:00+00:00,real_public_defra,false,,DE,NATURAL ENGLAND,30/04/2025,EXP-PURCHASE OF GOODS & SERVICES - DLL POND CREATION / RESTORATION,DLL Pond Management,WILDSCAPES CIC,10070040262,"£73,944.00",Environmental (Land Use & Biodiversity) Services,S2 2SF,Company,C5249,NE163817,Expense,907878967,2025-04-30,73944.00,GBP,de3fa38c10ecf4c33e1d88b9fee7db55bf6bcbdb7633e3602020cfb34a2cb455,c797eb3a66fba2d37c812343f400aff27b4bc30f765b9e5da62cd1389168d86d,valid,valid,true,valid,
business_duplicate_candidate,c797eb3a66fba2d37c812343f400aff27b4bc30f765b9e5da62cd1389168d86d,2,1,within_file,transaction_date_raw|amount_raw,7b13c07e36232def20398a1746c094e14f28eeeebd295a9c667164728f172ba4,Over_25K_Transparency_report_April_25.csv,2025-04,574,2026-09-23T00:00:00+00:00,real_public_defra,false,,DE,NATURAL ENGLAND,02/04/2025,EXP-PURCHASE OF GOODS & SERVICES - DLL POND CREATION / RESTORATION,DLL Pond Management,WILDSCAPES CIC,10070040262,"£49,296.00",Environmental (Land Use & Biodiversity) Services,S2 2SF,Company,C5249,NE163817,Expense,907878967,2025-04-02,49296.00,GBP,2ad951ece013564269789367dad0a95f4e9f6a2c68c1423713304effabcf3d0d,c797eb3a66fba2d37c812343f400aff27b4bc30f765b9e5da62cd1389168d86d,valid,valid,true,valid,
business_duplicate_candidate,cb44ca39a1ebdb48a9b4a7e7b0974737fc188111380c1ddebf56414d61294df2,2,1,within_file,expense_area|amount_raw|po_category_description|contract_number,2ba81a7f7bb9b3490015dfbdaed7873d80d71360f0de7098095439d85b58239f,Over++_25K++Mar+2025-Rev.csv,2025-03,1206,2026-09-23T00:00:00+00:00,real_public_defra,false,,DE,NATURAL ENGLAND,25/03/2025,EXP - PURCHASE OF GOODS/SERVICES - RESEARCH & DEVELOPMENT - OTHER OUTSOURCED,NATURE RETURNS (SOF-NBS),ICF CONSULTING SERVICES LTD,1010129966,42000,"Purchase of Monitoring, Evaluation and Learning Services",EC2R 8HP,SUPPLIER,ATAMIS CODE C16473,00000000,Expense,927 4872 86,2025-03-25,42000,GBP,f08486e95e05b80870aeb6f13053c04013fd593b04faa148d26e9835f6e47402,cb44ca39a1ebdb48a9b4a7e7b0974737fc188111380c1ddebf56414d61294df2,valid,valid,true,valid,
business_duplicate_candidate,cb44ca39a1ebdb48a9b4a7e7b0974737fc188111380c1ddebf56414d61294df2,2,1,within_file,expense_area|amount_raw|po_category_description|contract_number,84fb56502d32309f112323e922577cb28330ab323fc0320bc8881cb83d7ed428,Over++_25K++Mar+2025-Rev.csv,2025-03,1211,2026-09-23T00:00:00+00:00,real_public_defra,false,,DE,NATURAL ENGLAND,25/03/2025,EXP - PURCHASE OF GOODS/SERVICES - RESEARCH & DEVELOPMENT - OTHER OUTSOURCED,"SGA STRATEGY, FUNDING & PEOPLE FOR NATURE",ICF CONSULTING SERVICES LTD,1010129966,25364.63,Operational Goods-Unclassified,EC2R 8HP,SUPPLIER,C22928,00000000,Expense,927 4872 86,2025-03-25,25364.63,GBP,b41e2c29fc5958017c216ffd4c87c0c72adc70c0314f6f7390372ebae690f04d,cb44ca39a1ebdb48a9b4a7e7b0974737fc188111380c1ddebf56414d61294df2,valid,valid,true,valid,
business_duplicate_candidate,cc994a278fef1fcf778cb64d342876909d826996a5b497853aa7664241c9f001,2,1,within_file,amount_raw,111810e21b00963a0826b802ee9ab6aba1507bdcc4fb257acf2c77c8429e3ffb,Over__25K_Transparency_July.csv,2025-07,2,2026-09-23T00:00:00+00:00,real_public_defra,false,,DE,AHDB,11-Jul-25,Invoice,Research,Agricarbon UK Limited,INV-0543,"£53,648.76",Environmental Baselining,DD2 5NQ,,,136229,,GB 317 080 524,2025-07-11,53648.76,GBP,a844902246650f8896619e418806e3864284e02c8bf83777f309883e749d23b5,cc994a278fef1fcf778cb64d342876909d826996a5b497853aa7664241c9f001,valid,valid,true,valid,
business_duplicate_candidate,cc994a278fef1fcf778cb64d342876909d826996a5b497853aa7664241c9f001,2,1,within_file,amount_raw,54c7705c3337e2cb759cb783105b46a776496a6dd0c4e205f5ee3c293dd28608,Over__25K_Transparency_July.csv,2025-07,3,2026-09-23T00:00:00+00:00,real_public_defra,false,,DE,AHDB,11-Jul-25,Invoice,Research,Agricarbon UK Limited,INV-0543,"£39,288.51",Environmental Baselining,DD2 5NQ,,,136229,,GB 317 080 524,2025-07-11,39288.51,GBP,93ab12a3fbd6b332440af72acebe67c03c394868c4daa734eac22a3e57319bc3,cc994a278fef1fcf778cb64d342876909d826996a5b497853aa7664241c9f001,valid,valid,true,valid,
business_duplicate_candidate,cfcd3f898bb959aa000eb35e4776abde15f2ed04f93fb25299e9f4f8500e26b5,2,1,cross_file,transaction_date_raw|amount_raw|supplier_postcode|vat_registration_number,3988fed2b3fb713b4e5fe7faf4c2e55a916b3b640ba61433c9ce904985ef9f70,Over++_25K++Mar+2025-Rev.csv,2025-03,1019,2026-09-23T00:00:00+00:00,real_public_defra,false,,DE,KEW,12/03/2025,Capital/Equipment,Capital Development Programme,Hornbill Service Management Limited,7130309,"£100,000.00",IT Operations,SE1 6NP,UK Supplier,,60002,New works-Pt I-other costs,1998510784,2025-03-12,100000.00,GBP,2ed9bd5a13ae2206bb2425e802877f5c5692550f72231d9857081c75724e26a1,cfcd3f898bb959aa000eb35e4776abde15f2ed04f93fb25299e9f4f8500e26b5,valid,valid,true,valid,
business_duplicate_candidate,cfcd3f898bb959aa000eb35e4776abde15f2ed04f93fb25299e9f4f8500e26b5,2,1,cross_file,transaction_date_raw|amount_raw|supplier_postcode|vat_registration_number,5eb3582007d7c2219b0c06b95b8cc71c407a0c71c595c1a1a7d5faffd9390716,Over_25K_Transparency_report_April_25.csv,2025-04,217,2026-09-23T00:00:00+00:00,real_public_defra,false,,DE,KEW,09/04/2025,Capital/Equipment,Capital Development Programme,Hornbill Service Management Limited,7130309,"£36,762.84",IT Operations,SE27 0DN,UK Supplier,,60002,New works-Pt I-other costs,239207464,2025-04-09,36762.84,GBP,81a3e9b8f44b37ab4b77897df3b402943b71b0531f5c793516bb05344b060400,cfcd3f898bb959aa000eb35e4776abde15f2ed04f93fb25299e9f4f8500e26b5,valid,valid,true,valid,
business_duplicate_candidate,cff6a9dd7824a7da3f3caa9674297f8d4d52910aee3a35d725693476b5a12e45,2,1,cross_file,transaction_date_raw|expense_type|expense_area|amount_raw|supplier_postcode|expenditure_type|vat_registration_number,6ee810141182be986138dd2d7e94a9beeb62368760dc9cb547f4a2f64b3ad203,Over++_25K++Mar+2025-Rev.csv,2025-03,1013,2026-09-23T00:00:00+00:00,real_public_defra,false,,DE,KEW,05/03/2025,Utilities,Estates,Waterdrinker Aalsmeer B.V,7130017,"£61,989.67",Orchid Festival,RH11RX,UK Supplier,,60137,Gas,689638949,2025-03-05,61989.67,GBP,569c5c4af757fb133a5c55d5d87b7bae3e6acd93848493c4392e47505352e636,cff6a9dd7824a7da3f3caa9674297f8d4d52910aee3a35d725693476b5a12e45,valid,valid,true,valid,
business_duplicate_candidate,cff6a9dd7824a7da3f3caa9674297f8d4d52910aee3a35d725693476b5a12e45,2,1,cross_file,transaction_date_raw|expense_type|expense_area|amount_raw|supplier_postcode|expenditure_type|vat_registration_number,9a3cba81a1b38f14d563d29605ee750e5c1a6877f9f48a13d66cbd229adb063b,Over_25K_Transparency_report_April_25.csv,2025-04,475,2026-09-23T00:00:00+00:00,real_public_defra,false,,DE,KEW,09/04/2025,Property Related,P0: Science Services & Labs,Waterdrinker Aalsmeer B.V,7130017,"£80,937.10",Orchid Festival,GU23 7ER,UK Supplier,,60137,Laboratory machinery & equipt,,2025-04-09,80937.10,GBP,32edefaa532110d061b3c11a5dd4f3e9fea339fd1266f6d7cf7d8d30a7e9da45,cff6a9dd7824a7da3f3caa9674297f8d4d52910aee3a35d725693476b5a12e45,valid,valid,true,valid,
business_duplicate_candidate,d2e140b5df4ecabecfa7ee0538bad534134e3d62c159d8a93c463833b2c73011,2,1,within_file,amount_raw,025a41f04ac21eb055b29c035f45892a163a4cb8790700c253e7443611cd60ea,Over++_25K++Mar+2025-Rev.csv,2025-03,1124,2026-09-23T00:00:00+00:00,real_public_defra,false,,DE,NATURAL ENGLAND,13/03/2025,EXP CAPITAL GRANTS TO PTE SECTOR - PERSONS & NON PROFIT INSTIT'NS SERVING H'HOLD,NATURE RETURNS (SOF-NBS),DERBYSHIRE WILDLIFE TRUST (G),1010129195,37404.75,Grant-Other,DE4 4LR,SUPPLIER,16839,00000000,Expense,,2025-03-13,37404.75,GBP,65a06579ce7dad0f57323a8afc501d56ad77538dd9d6fc894445230672177c99,d2e140b5df4ecabecfa7ee0538bad534134e3d62c159d8a93c463833b2c73011,valid,valid,true,valid,
business_duplicate_candidate,d2e140b5df4ecabecfa7ee0538bad534134e3d62c159d8a93c463833b2c73011,2,1,within_file,amount_raw,87887e7db08811d28171676fafa1a796e718b44e580dacc90c1b8c108dde8dcd,Over++_25K++Mar+2025-Rev.csv,2025-03,1125,2026-09-23T00:00:00+00:00,real_public_defra,false,,DE,NATURAL ENGLAND,13/03/2025,EXP CAPITAL GRANTS TO PTE SECTOR - PERSONS & NON PROFIT INSTIT'NS SERVING H'HOLD,NATURE RETURNS (SOF-NBS),DERBYSHIRE WILDLIFE TRUST (G),1010129195,29399.78,Grant-Other,DE4 4LR,SUPPLIER,16839,00000000,Expense,,2025-03-13,29399.78,GBP,f61f43cbd173907dd9a7ad46693eb446c8f61cfb18b48765ddc9013160a66fdc,d2e140b5df4ecabecfa7ee0538bad534134e3d62c159d8a93c463833b2c73011,valid,valid,true,valid,
business_duplicate_candidate,d47df066ab82f541cf8fc15afb0d2d92b9b735c80be2d4213a9659186dd36d7d,2,1,within_file,expense_area|project_code,0b38a3eb529baac3d7596ea9c11e7b66cfe249d9c014ece40fa7b24874be67a1,Defra__25k_May_25.csv,2025-05,909,2026-09-23T00:00:00+00:00,real_public_defra,false,,DEFRA,EA,29/05/2025,EXP - PURCHASE OF GOODS/SERVICES - CONSULTANCY - TECHNICAL,EA Ops-KSL-Env Mgt SLN-Mgt,ARCADIS CONSULTING UK LTD,1001614121,106752.06,FEES AND COMMISSIONS,M60 3NT,SUPPLIER,,ENV6007301R,Expense,GB 8727 99950,2025-05-29,106752.06,GBP,f217e9062ee93d7605e49df4a533512927c0122b47820fc2384addb6d1cc2466,d47df066ab82f541cf8fc15afb0d2d92b9b735c80be2d4213a9659186dd36d7d,valid,valid,true,valid,
business_duplicate_candidate,d47df066ab82f541cf8fc15afb0d2d92b9b735c80be2d4213a9659186dd36d7d,2,1,within_file,expense_area|project_code,cdfc3199a3730e12580ba73a1c416b80bac7f8594cfbb501ca9474587bbcc2be,Defra__25k_May_25.csv,2025-05,910,2026-09-23T00:00:00+00:00,real_public_defra,false,,DEFRA,EA,29/05/2025,EXP - PURCHASE OF GOODS/SERVICES - CONSULTANCY - TECHNICAL,EA Ops-KSL-FCRM-Mgt,ARCADIS CONSULTING UK LTD,1001614121,106752.06,FEES AND COMMISSIONS,M60 3NT,SUPPLIER,,ENVIMSE100382R,Expense,GB 8727 99950,2025-05-29,106752.06,GBP,1faa6e70ee95df8e514b7162e228e49697cec22425c0dd9926cb7d2df5048f04,d47df066ab82f541cf8fc15afb0d2d92b9b735c80be2d4213a9659186dd36d7d,valid,valid,true,valid,
business_duplicate_candidate,d60f7aacf7d1731830dcf1b0f4268bbc23cfe176ee56988f5ee328a38a868073,2,1,within_file,expense_area|project_code,ebba71cfc43894c512f20a68f27bf22e4fcc2f8d0005a2210a860369dbea729d,Defra__25k_May_25.csv,2025-05,379,2026-09-23T00:00:00+00:00,real_public_defra,false,,DEFRA,EA,01/05/2025,Exp - Purchase Of Goods/Services - Contractors,EA Ops-LNA-FCRM OPS W&N-Field Kettering,VEGETATION MANAGEMENT SERVICES LTD,1001608239,281058.8,FEES AND COMMISSIONS,NN8 4HB,CIS SUPPLIER,,ENV6007051R,Expense,GB434697464,2025-05-01,281058.8,GBP,47bb9c73f91e3f230b621f8fcd46520807ea4928d800a885372f2c3deff87e6d,d60f7aacf7d1731830dcf1b0f4268bbc23cfe176ee56988f5ee328a38a868073,valid,valid,true,valid,
business_duplicate_candidate,d60f7aacf7d1731830dcf1b0f4268bbc23cfe176ee56988f5ee328a38a868073,2,1,within_file,expense_area|project_code,54dcae738576513d1c4a55e1d7465ab37411a03606dd2d2d940befdaeea6f5a5,Defra__25k_May_25.csv,2025-05,380,2026-09-23T00:00:00+00:00,real_public_defra,false,,DEFRA,EA,01/05/2025,Exp - Purchase Of Goods/Services - Contractors,EA Ops-WMD-FCRM OPS West-Field Glouc,VEGETATION MANAGEMENT SERVICES LTD,1001608239,281058.8,FEES AND COMMISSIONS,NN8 4HB,CIS SUPPLIER,,ENV6007076R,Expense,GB434697464,2025-05-01,281058.8,GBP,2d8423befc4100482f0b15c121a8c3c8c08be8dff8350eb480764cd6270f83ac,d60f7aacf7d1731830dcf1b0f4268bbc23cfe176ee56988f5ee328a38a868073,valid,valid,true,valid,
business_duplicate_candidate,d6b8324a3893dfffaafeaea16a2af18e6fe6a57858c2987377c29e4e5f863ebb,4,3,within_file,expense_type|expense_area|po_category_description|project_code|expenditure_type,810585450d0bd132782fec3671af71cb1a29218da0e37b0876cbe92b43d8e5e3,Defra__25k_May_25.csv,2025-05,561,2026-09-23T00:00:00+00:00,real_public_defra,false,,DEFRA,EA,13/05/2025,Exp - Purchase Of Goods/Services - Contractors,EA FCRM Dir-MPPD-PCM-East,BAM NUTTALL LTD,1001610707,515693.6,FEES AND COMMISSIONS,GU15 3XW,CIS SUPPLIER,,ENV6004349R,Expense,GB340316204,2025-05-13,515693.6,GBP,8a3c47e7d4d46aebb2ba718586b0ca1467f1556538cda9f0245ef7c00ab973b2,d6b8324a3893dfffaafeaea16a2af18e6fe6a57858c2987377c29e4e5f863ebb,valid,valid,true,valid,
business_duplicate_candidate,d6b8324a3893dfffaafeaea16a2af18e6fe6a57858c2987377c29e4e5f863ebb,4,3,within_file,expense_type|expense_area|po_category_description|project_code|expenditure_type,a29c4414bec694c70a66daa06ed02f1177185ae8bdb04bf7e739cacc7cd2bd11,Defra__25k_May_25.csv,2025-05,562,2026-09-23T00:00:00+00:00,real_public_defra,false,,DEFRA,EA,13/05/2025,PPE - POA & AUC (OWNED) - COST - O/BAL,EA Ops-YOR-Mgt,BAM NUTTALL LTD,1001610707,515693.6,TANGIBLE NBV,GU15 3XW,CIS SUPPLIER,,ENV0002176C,Asset,GB340316204,2025-05-13,515693.6,GBP,dc68cabcaf0299fb78998335dafc793a0cf20e3a7fd387f5600a6d031d3ad9f4,d6b8324a3893dfffaafeaea16a2af18e6fe6a57858c2987377c29e4e5f863ebb,valid,valid,true,valid,
business_duplicate_candidate,d6b8324a3893dfffaafeaea16a2af18e6fe6a57858c2987377c29e4e5f863ebb,4,3,within_file,expense_type|expense_area|po_category_description|project_code|expenditure_type,ce69bd2dc4162c189ba5aba615b2b68db4466a4e0306aca8729b6314585dbde7,Defra__25k_May_25.csv,2025-05,563,2026-09-23T00:00:00+00:00,real_public_defra,false,,DEFRA,EA,13/05/2025,PPE - POA & AUC (OWNED) - COST - O/BAL,EA Ops-YOR-Mgt,BAM NUTTALL LTD,1001610707,515693.6,TANGIBLE NBV,GU15 3XW,CIS SUPPLIER,,ENV0002176C,Asset,GB340316204,2025-05-13,515693.6,GBP,dc68cabcaf0299fb78998335dafc793a0cf20e3a7fd387f5600a6d031d3ad9f4,d6b8324a3893dfffaafeaea16a2af18e6fe6a57858c2987377c29e4e5f863ebb,valid,valid,true,valid,
business_duplicate_candidate,d6b8324a3893dfffaafeaea16a2af18e6fe6a57858c2987377c29e4e5f863ebb,4,3,within_file,expense_type|expense_area|po_category_description|project_code|expenditure_type,6cb5345b94c450af948a8c3863452525c417466a25b3a6c8bbdab1844be93a3d,Defra__25k_May_25.csv,2025-05,564,2026-09-23T00:00:00+00:00,real_public_defra,false,,DEFRA,EA,13/05/2025,PPE - POA & AUC (OWNED) - COST - O/BAL,EA Ops-YOR-Mgt,BAM NUTTALL LTD,1001610707,515693.6,TANGIBLE NBV,GU15 3XW,CIS SUPPLIER,,ENV0002176C,Asset,GB340316204,2025-05-13,515693.6,GBP,dc68cabcaf0299fb78998335dafc793a0cf20e3a7fd387f5600a6d031d3ad9f4,d6b8324a3893dfffaafeaea16a2af18e6fe6a57858c2987377c29e4e5f863ebb,valid,valid,true,valid,
business_duplicate_candidate,e0b9d9c49f8828ed0fd03d1821261e9e66d6d6c7939d20a97a11d8332b341400,2,1,within_file,expense_area,5c2fdab525e416b28e22ca07157ab3fa79ee53b747c04d0e5e1f4f7deaeca137,Defra__25k_May_25.csv,2025-05,836,2026-09-23T00:00:00+00:00,real_public_defra,false,,DEFRA,EA,27/05/2025,Exp - Purchase Of Goods/Services - Consultancy,EA FCRM Dir-MPPD-PCM-East,TURNER & TOWNSEND PROJECT MANAGEMENT LTD,1001613343,104633.18,FEES AND COMMISSIONS,LS18 4GH,SUPPLIER,,,Expense,764244132,2025-05-27,104633.18,GBP,088a05b3c42a3c3bd153c7f49662e3e1afbb4d11ebc0993501ecf3a5e232b7dc,e0b9d9c49f8828ed0fd03d1821261e9e66d6d6c7939d20a97a11d8332b341400,valid,valid,true,valid,
business_duplicate_candidate,e0b9d9c49f8828ed0fd03d1821261e9e66d6d6c7939d20a97a11d8332b341400,2,1,within_file,expense_area,a6d375702558a2e97aa9dec648cf4edd79d64249d3846383afbab473bf48e5da,Defra__25k_May_25.csv,2025-05,837,2026-09-23T00:00:00+00:00,real_public_defra,false,,DEFRA,EA,27/05/2025,Exp - Purchase Of Goods/Services - Consultancy,EA FCRM Dir-MPPD-CAFM-Should Cost & Intelligence,TURNER & TOWNSEND PROJECT MANAGEMENT LTD,1001613343,104633.18,FEES AND COMMISSIONS,LS18 4GH,SUPPLIER,,,Expense,764244132,2025-05-27,104633.18,GBP,30c6cc4172d409d0018595e4e595ce8492b158a9f96bff12d99324df25c1f207,e0b9d9c49f8828ed0fd03d1821261e9e66d6d6c7939d20a97a11d8332b341400,valid,valid,true,valid,
business_duplicate_candidate,e10d5f41574112e4d316a056e2e8cb7e16b43be04ca7b16d78a5d242508f806f,2,1,within_file,amount_raw,c524f2fd5605fb51552b52cd0baa0cfe8bb59b3b3984a8c879b90d6acdda4465,September_Over__25K_Transparency.csv,2025-09,13,2026-09-23T00:00:00+00:00,real_public_defra,false,,DE,AHDB,05/09/2025,Invoice,Research,Agricarbon UK Limited,INV-0578,"£107,315.19",Project: Environmental Baselining ,DD2 5NQ,,,136229,,GB 317 080 524,2025-09-05,107315.19,GBP,56fdbb11e6d1fe7cd09b44a5340c256d83e61b90dfc652cdf4bbb361b9a422d6,e10d5f41574112e4d316a056e2e8cb7e16b43be04ca7b16d78a5d242508f806f,valid,valid,true,valid,
business_duplicate_candidate,e10d5f41574112e4d316a056e2e8cb7e16b43be04ca7b16d78a5d242508f806f,2,1,within_file,amount_raw,f83299ee94f2c340d98365018bed240e6b4663de73d66c8c6ba2bd4b918295c4,September_Over__25K_Transparency.csv,2025-09,14,2026-09-23T00:00:00+00:00,real_public_defra,false,,DE,AHDB,05/09/2025,Invoice,Research,Agricarbon UK Limited,INV-0578,"£44,133.13",Project: Environmental Baselining ,DD2 5NQ,,,136229,,GB 317 080 524,2025-09-05,44133.13,GBP,34be859d753141989058659b15cdb15a659b1c0eba75f1c32e40dc8a3207c8bd,e10d5f41574112e4d316a056e2e8cb7e16b43be04ca7b16d78a5d242508f806f,valid,valid,true,valid,
business_duplicate_candidate,e26f2b2aa8a39b6e248fbb65182fb7eae804e04f390f897fabc3644de0413f11,2,1,cross_file,transaction_date_raw|expense_type|expense_area|amount_raw|supplier_postcode|expenditure_type|vat_registration_number,e1007e3afd7b280dfc7cb96c0ea922f0b47867d64848bb4b6977d2534aa5eee8,Over++_25K++Mar+2025-Rev.csv,2025-03,1037,2026-09-23T00:00:00+00:00,real_public_defra,false,,DE,KEW,25/03/2025,Capital/Equipment,Capital Development Programme,Jingo Juice Ltd. t/a Marshmallow Laser Feast,7131183,"£93,052.18",Of An Oak Summer 2025,HU15 2RH,UK Supplier,,60558,New works-Pt I-other costs,GB 779 7452 62,2025-03-25,93052.18,GBP,f74f0a97e3682717509d722c7cd72c179870257cdf93cbb101420f6778bcb578,e26f2b2aa8a39b6e248fbb65182fb7eae804e04f390f897fabc3644de0413f11,valid,valid,true,valid,
business_duplicate_candidate,e26f2b2aa8a39b6e248fbb65182fb7eae804e04f390f897fabc3644de0413f11,2,1,cross_file,transaction_date_raw|expense_type|expense_area|amount_raw|supplier_postcode|expenditure_type|vat_registration_number,f82903dfcfad82705f1c4755719e0e7c79c6b2cc2e0b10ef130c6e2e9940547c,Over_25K_Transparency_report_April_25.csv,2025-04,248,2026-09-23T00:00:00+00:00,real_public_defra,false,,DE,KEW,16/04/2025,Consumables & Materials,P4: Accelerated Taxonomy,Jingo Juice Ltd. t/a Marshmallow Laser Feast,7131183,"£37,991.72",Of An Oak Summer 2025,KA6 5HN,UK Supplier,,60558,Lab chemicals & materials,GB717208153,2025-04-16,37991.72,GBP,e1e19e2d9a42909e2c7de40706fc12bf9744b4eabd8f930121428bb9cf317aa3,e26f2b2aa8a39b6e248fbb65182fb7eae804e04f390f897fabc3644de0413f11,valid,valid,true,valid,
business_duplicate_candidate,e40bd20fe1af459773275b1d24b644e9f7c13edeb3ec968efd6045339e487fb1,2,1,cross_file,transaction_date_raw|expense_type|expense_area|amount_raw|supplier_postcode|expenditure_type|vat_registration_number,dcb9ac98078f97b20d49b9eff4e517740affe96e4084f7887fb96ad74a0c3609,Over++_25K++Mar+2025-Rev.csv,2025-03,1039,2026-09-23T00:00:00+00:00,real_public_defra,false,,DE,KEW,25/03/2025,Payment to 3rd party,P2: Trait Diversity and Function,DBR (London) Ltd,7130933,"£66,853.00",Infrastructure Capital Works,EH3  5LR,UK Supplier,,11732,Non-Kew Project Costs,.,2025-03-25,66853.00,GBP,f5be2c43d30188ff1dce5f3c8f5dd658ae66448c6325f7c8c941349e6cd736ef,e40bd20fe1af459773275b1d24b644e9f7c13edeb3ec968efd6045339e487fb1,valid,valid,true,valid,
business_duplicate_candidate,e40bd20fe1af459773275b1d24b644e9f7c13edeb3ec968efd6045339e487fb1,2,1,cross_file,transaction_date_raw|expense_type|expense_area|amount_raw|supplier_postcode|expenditure_type|vat_registration_number,eac27f0324cc09ee07c175caf76f2e39e7d9e5182f544b28f863eb55412fc1da,Over_25K_Transparency_report_April_25.csv,2025-04,130,2026-09-23T00:00:00+00:00,real_public_defra,false,,DE,KEW,16/04/2025,Capital/Equipment,Capital Development Programme,DBR (London) Ltd,7130933,"£32,567.00",Infrastructure Capital Works,RG42 7NY,UK Supplier,,11732,New Works - pt1 - prof fees,731665924,2025-04-16,32567.00,GBP,76d139aade129316f88fcb1dd45ff6b2af329cd3b665da4f23953c64c219d24b,e40bd20fe1af459773275b1d24b644e9f7c13edeb3ec968efd6045339e487fb1,valid,valid,true,valid,
business_duplicate_candidate,e4761593d3386713a19c873219d8856177b7f8ea752526d337d92d8808ebe3ff,3,2,within_file,amount_raw|po_category_description,cbd2c3e117649abef267cef03308058ae177d816623a9de78476776805acf208,September_Over__25K_Transparency.csv,2025-09,144,2026-09-23T00:00:00+00:00,real_public_defra,false,,DE,NATURAL ENGLAND,12/09/2025,PPE - POA & AUC (OWNED) - COST - ADDITIONS - BUILDINGS,NNR OPERATIONS TEAM,DEFRA,2010000980,"£127,069.81",Construction-Construction-Capital Design and build,YO1 7PX,SUPPLIER,Exemption Code: IGS,00000000,Asset,888800181.,2025-09-12,127069.81,GBP,696b2f176895eeb026b2a0e551b97157f15eef25b1794b68ecb29c8994a8a446,e4761593d3386713a19c873219d8856177b7f8ea752526d337d92d8808ebe3ff,valid,valid,true,valid,
business_duplicate_candidate,e4761593d3386713a19c873219d8856177b7f8ea752526d337d92d8808ebe3ff,3,2,within_file,amount_raw|po_category_description,f17784eb4c57afbd090edd89ad20f40ec571023692d53665216381818e1ddcc8,September_Over__25K_Transparency.csv,2025-09,145,2026-09-23T00:00:00+00:00,real_public_defra,false,,DE,NATURAL ENGLAND,12/09/2025,PPE - POA & AUC (OWNED) - COST - ADDITIONS - BUILDINGS,NNR OPERATIONS TEAM,DEFRA,2010000980,"£107,488.24",Construction-Construction Service Providers-Design and Build,YO1 7PX,SUPPLIER,Exemption Code: IGS,00000000,Asset,888800181.,2025-09-12,107488.24,GBP,0c9eecd9275b9f3ce04648d8ce9b07aed97f78731a1f4bfa0a841906f5b7f556,e4761593d3386713a19c873219d8856177b7f8ea752526d337d92d8808ebe3ff,valid,valid,true,valid,
business_duplicate_candidate,e4761593d3386713a19c873219d8856177b7f8ea752526d337d92d8808ebe3ff,3,2,within_file,amount_raw|po_category_description,65cd0e93accf9fb528fed5dac9976ee0b64e0b67ffcf1aacaeea9b7265362931,September_Over__25K_Transparency.csv,2025-09,146,2026-09-23T00:00:00+00:00,real_public_defra,false,,DE,NATURAL ENGLAND,12/09/2025,PPE - POA & AUC (OWNED) - COST - ADDITIONS - BUILDINGS,NNR OPERATIONS TEAM,DEFRA,2010000980,"£34,420.36",Construction-Construction Service Providers-Design and Build,YO1 7PX,SUPPLIER,Exemption Code: IGS,00000000,Asset,888800181.,2025-09-12,34420.36,GBP,70efd70ce016adcd2d333ca434947394fde2afae25034f04949206239a6aa9fc,e4761593d3386713a19c873219d8856177b7f8ea752526d337d92d8808ebe3ff,valid,valid,true,valid,
business_duplicate_candidate,e7848fabf25279d9a11f87afc5be222b1b153d642bafc4a92b37f1a7fe41e090,2,1,within_file,amount_raw,c07fc85474c02740e9ecfe8f7d6e6f96ec1eedc98f6e51eb85b73e46684a97b4,Defra__25k_May_25.csv,2025-05,10,2026-09-23T00:00:00+00:00,real_public_defra,false,,DEFRA,AHDB,23/05/2025,Invoice,Research,Agricarbon UK Limited,INV-0526,35187.5,Environment,DD2 5NQ,,,136229,,GB 317 080 524,2025-05-23,35187.5,GBP,e42bebc9c0158bcb75f1e99553b54531389f8856cd89136df335fbe0a2dee549,e7848fabf25279d9a11f87afc5be222b1b153d642bafc4a92b37f1a7fe41e090,valid,valid,true,valid,
business_duplicate_candidate,e7848fabf25279d9a11f87afc5be222b1b153d642bafc4a92b37f1a7fe41e090,2,1,within_file,amount_raw,c5dd1d83e475da4b0e7065fe61cabe53aaa265c6e4dfa85410fdbba95926ee9a,Defra__25k_May_25.csv,2025-05,11,2026-09-23T00:00:00+00:00,real_public_defra,false,,DEFRA,AHDB,23/05/2025,Invoice,Research,Agricarbon UK Limited,INV-0526,25776.88,Environment,DD2 5NQ,,,136229,,GB 317 080 524,2025-05-23,25776.88,GBP,8d8991611eecd66736e52e3603fa90278b16ac3b375aa3a18d31940149f754db,e7848fabf25279d9a11f87afc5be222b1b153d642bafc4a92b37f1a7fe41e090,valid,valid,true,valid,
business_duplicate_candidate,e855b23d3828f8aebcfbfa38e38aa2822e6c45cb42bc1401cb11fdc65de15b07,2,1,within_file,expense_area|amount_raw|contract_number|project_code,1a7bb2e867c11d80cb9cf8d2d551a7f342974a362623ad73afc7a71724e3f681,Over++_25K++Mar+2025-Rev.csv,2025-03,1107,2026-09-23T00:00:00+00:00,real_public_defra,false,,DE,NATURAL ENGLAND,12/03/2025,EXP - PURCHASE OF GOODS/SERVICES - RESEARCH & DEVELOPMENT - OTHER OUTSOURCED,"SGA LANDSCAPE, PEAT & SPECIES",ICF CONSULTING SERVICES LTD,1010129060,84000,Research programs (capital R&D outsourced),EC2R 8HP,SUPPLIER,ECM66237,NE163925,Expense,927 4872 86,2025-03-12,84000,GBP,96da4cf616d5586c055fada80c57af52d9834543b8744c16b13cc12318e5f92e,e855b23d3828f8aebcfbfa38e38aa2822e6c45cb42bc1401cb11fdc65de15b07,valid,valid,true,valid,
business_duplicate_candidate,e855b23d3828f8aebcfbfa38e38aa2822e6c45cb42bc1401cb11fdc65de15b07,2,1,within_file,expense_area|amount_raw|contract_number|project_code,59cb5437f8c533d9e43f690df81eb774bdeece1e693c448cf8f62687d1a86f50,Over++_25K++Mar+2025-Rev.csv,2025-03,1108,2026-09-23T00:00:00+00:00,real_public_defra,false,,DE,NATURAL ENGLAND,12/03/2025,EXP - PURCHASE OF GOODS/SERVICES - RESEARCH & DEVELOPMENT - OTHER OUTSOURCED,Peat Capital Grants,ICF CONSULTING SERVICES LTD,1010129060,72000,Research programs (capital R&D outsourced),EC2R 8HP,SUPPLIER,C23103,00000000,Expense,927 4872 86,2025-03-12,72000,GBP,25ede0d352931d1dd9b16ece00ec10c9210138370b2b777dbb25bb75cecde983,e855b23d3828f8aebcfbfa38e38aa2822e6c45cb42bc1401cb11fdc65de15b07,valid,valid,true,valid,
business_duplicate_candidate,ea78042524150e254f41663a59fa5ee90d15bd47606e32159081be90f9b817f7,3,2,within_file,expense_area|amount_raw|project_code,6aca8ca8c8536e8a6718af3ba10e99d17a11394a3827a03d37e9147557a53755,August_Over__25K_Transparency.csv,2025-08,26,2026-09-23T00:00:00+00:00,real_public_defra,false,,DE,Cefas,14/08/2025,Software (including licences),Corporate,Phoenix Software Ltd,20212087,"£27,234.38",Software ,YO421NS,STANSME,4301,50603,Software ,GB 755 3464 38,2025-08-14,27234.38,GBP,aca88e8273af6e1e80cea353b253abbe7b362dc7b8fca3b6a652c2ba295ed0a8,ea78042524150e254f41663a59fa5ee90d15bd47606e32159081be90f9b817f7,valid,valid,true,valid,
business_duplicate_candidate,ea78042524150e254f41663a59fa5ee90d15bd47606e32159081be90f9b817f7,3,2,within_file,expense_area|amount_raw|project_code,35d3908d6929bdcee4e83973f506febe536d0586abbeb7f7be9f62a217ae2963,August_Over__25K_Transparency.csv,2025-08,27,2026-09-23T00:00:00+00:00,real_public_defra,false,,DE,Cefas,14/08/2025,Software (including licences),Strategy and Delivery,Phoenix Software Ltd,20212087,"£30,320.00",Software ,YO421NS,STANSME,4301,C8168,Software ,GB 755 3464 38,2025-08-14,30320.00,GBP,755e40bf016602e53e5f238fc6b43bb94d60c3aea94e7796379ebc337d2f8c4f,ea78042524150e254f41663a59fa5ee90d15bd47606e32159081be90f9b817f7,valid,valid,true,valid,
business_duplicate_candidate,ea78042524150e254f41663a59fa5ee90d15bd47606e32159081be90f9b817f7,3,2,within_file,expense_area|amount_raw|project_code,4066497280e88815ddebf7df3219f461a9ee45db19c3e1c86b46e303f4cf6358,August_Over__25K_Transparency.csv,2025-08,28,2026-09-23T00:00:00+00:00,real_public_defra,false,,DE,Cefas,14/08/2025,Software (including licences),Corporate,Phoenix Software Ltd,20212087,"£28,800.00",Software ,YO421NS,STANSME,4301,50605,Software ,GB 755 3464 38,2025-08-14,28800.00,GBP,3a62d1f7afe86b724b5e088f60f5ab1c29b020d19da24643bc2e9bb775897a75,ea78042524150e254f41663a59fa5ee90d15bd47606e32159081be90f9b817f7,valid,valid,true,valid,
business_duplicate_candidate,eb52564f42b7c798bc3284dbb77e5744c7947b7ae7720e2878cf8aacf7460d56,3,2,within_file,expense_area|amount_raw|project_code,840b8b8e7f67f4aa371c76d376cb30b8a9852933d2093ef86beb278d5b6837f5,Over__25K_Transparency_Jan_26.csv,2026-01,276,2026-09-23T00:00:00+00:00,real_public_defra,false,,DE,Cefas,15/01/2026,Software (including licences),Corporate,Phoenix Software Ltd,20214950,"£31,200.00",Cloud Services,YO421NS,STANSME,4301,50603,Cloud Services,GB 755 3464 38,2026-01-15,31200.00,GBP,77e4b94274ef107f58113f50caca12895d564d724177fd38f47e9275f092692e,eb52564f42b7c798bc3284dbb77e5744c7947b7ae7720e2878cf8aacf7460d56,valid,valid,true,valid,
business_duplicate_candidate,eb52564f42b7c798bc3284dbb77e5744c7947b7ae7720e2878cf8aacf7460d56,3,2,within_file,expense_area|amount_raw|project_code,dcfd7a8f1b8d14cc04e7a9f63f4bd2e3e514b2fe6e349e2b76545eb374be6993,Over__25K_Transparency_Jan_26.csv,2026-01,277,2026-09-23T00:00:00+00:00,real_public_defra,false,,DE,Cefas,15/01/2026,Software (including licences),Strategy and Delivery,Phoenix Software Ltd,20214950,"£31,450.00",Cloud Services,YO421NS,STANSME,4301,C8168,Cloud Services,GB 755 3464 38,2026-01-15,31450.00,GBP,154181333f289597dfbdd472c01950e9b842cf74f722672c959bd74797e74443,eb52564f42b7c798bc3284dbb77e5744c7947b7ae7720e2878cf8aacf7460d56,valid,valid,true,valid,
business_duplicate_candidate,eb52564f42b7c798bc3284dbb77e5744c7947b7ae7720e2878cf8aacf7460d56,3,2,within_file,expense_area|amount_raw|project_code,c8e73a0428e4d75ba62162865bbbf1719b73f9f2c768069fc411bcd21b3b8485,Over__25K_Transparency_Jan_26.csv,2026-01,278,2026-09-23T00:00:00+00:00,real_public_defra,false,,DE,Cefas,15/01/2026,Software (including licences),Corporate,Phoenix Software Ltd,20214950,"£29,901.70",Cloud Services,YO421NS,STANSME,4301,50605,Cloud Services,GB 755 3464 38,2026-01-15,29901.70,GBP,19a8d2798ba2fbfd8101fac182c73725a9a7dd4e46865126453d1d89e0d9bacc,eb52564f42b7c798bc3284dbb77e5744c7947b7ae7720e2878cf8aacf7460d56,valid,valid,true,valid,
business_duplicate_candidate,ebb893f40425c51babeeb92a183077068b6d1393901dbee253aa5ddf85b15ebe,2,1,cross_file,transaction_date_raw|expense_type|expense_area|amount_raw|supplier_postcode|expenditure_type|vat_registration_number,9d1d19ac701992676ebd6f65c254d21f04e60d8b985c882f7209a8e472e83022,Over++_25K++Mar+2025-Rev.csv,2025-03,1014,2026-09-23T00:00:00+00:00,real_public_defra,false,,DE,KEW,05/03/2025,Property Related,P2: Trait Diversity and Function,Diversity Travel,7129960,"£45,982.14",Kew MSc Courses,LE11 5RG,UK Supplier,,60510,Laboratory machinery & equipt,GB 844 2904 24,2025-03-05,45982.14,GBP,9a7b8b3365d19edad1a975fe94336b1ea64934985ea779ea10e382ac343d6da0,ebb893f40425c51babeeb92a183077068b6d1393901dbee253aa5ddf85b15ebe,valid,valid,true,valid,
business_duplicate_candidate,ebb893f40425c51babeeb92a183077068b6d1393901dbee253aa5ddf85b15ebe,2,1,cross_file,transaction_date_raw|expense_type|expense_area|amount_raw|supplier_postcode|expenditure_type|vat_registration_number,7e28a80f33aa91a9a06b54fca0c7b721a8545ea1a224af2553a6b5a75a8d769d,Over_25K_Transparency_report_April_25.csv,2025-04,137,2026-09-23T00:00:00+00:00,real_public_defra,false,,DE,KEW,09/04/2025,Payment to 3rd party,P0: Science Services & Labs,Diversity Travel,7129960,"£68,640.00",Kew MSc Courses,NG12 5GG,UK Supplier,,60510,Non-Kew Project Costs,GB 287 461 957,2025-04-09,68640.00,GBP,8b72bb07807eb29e61d2455abe4b339062416a8ccf911dcd27db681aef031ccb,ebb893f40425c51babeeb92a183077068b6d1393901dbee253aa5ddf85b15ebe,valid,valid,true,valid,
business_duplicate_candidate,ee679e77b04a4cc0ab7d01733b06303f964c1e1a3f8dd358af0ae4d9fcb6d869,2,1,within_file,expense_area|project_code,dfe574db40014aedae83e669303fd4b1b7bfd3d66ec9a3d631cf7de5dd175e74,Defra__25k_May_25.csv,2025-05,677,2026-09-23T00:00:00+00:00,real_public_defra,false,,DEFRA,EA,16/05/2025,EXP EU CAPITAL GRANTS TO PTE SECTOR - PERS & NON PROFIT INSTIT'NS SERVING H'HOLD - CWEIY,EA Ops-YOR-Mgt,OVE ARUP & PARTNERS LTD,1001611521,191397.8,GRANTS,NE1 3PL,SUPPLIER,,ENV0000593C,Expense,GB524461265,2025-05-16,191397.8,GBP,6578221c059d9873c718505e980d8d03691cd888d68bbe865698c42e2d9d2b78,ee679e77b04a4cc0ab7d01733b06303f964c1e1a3f8dd358af0ae4d9fcb6d869,valid,valid,true,valid,
business_duplicate_candidate,ee679e77b04a4cc0ab7d01733b06303f964c1e1a3f8dd358af0ae4d9fcb6d869,2,1,within_file,expense_area|project_code,2dacfadc6bde27c30b85550d45746c50ab03939fa7ba1e3aa704bbb44820fab5,Defra__25k_May_25.csv,2025-05,678,2026-09-23T00:00:00+00:00,real_public_defra,false,,DEFRA,EA,16/05/2025,EXP EU CAPITAL GRANTS TO PTE SECTOR - PERS & NON PROFIT INSTIT'NS SERVING H'HOLD - CWEIY,EA Ops-LNA-Mgt,OVE ARUP & PARTNERS LTD,1001611521,191397.8,GRANTS,NE1 3PL,SUPPLIER,,ENV0002705C,Expense,GB524461265,2025-05-16,191397.8,GBP,d78daf1bd1e40d49a2da59bb9b5f33aa20fcf21d4f86a19951c2fa3e8b9d1206,ee679e77b04a4cc0ab7d01733b06303f964c1e1a3f8dd358af0ae4d9fcb6d869,valid,valid,true,valid,
business_duplicate_candidate,f04373a53f6795aebad7afdeece82f92d074eea8620dc06a5f2a6799ef95b4a2,2,1,within_file,amount_raw,497b59335ede67aa9b187845b4e8914a3150c3f11b3ba8c687de38a845b04267,Over__25K_Transparency_Jan_26.csv,2026-01,287,2026-09-23T00:00:00+00:00,real_public_defra,false,,DE,Cefas,20/01/2026,Library Costs,Science,Prenax Limited,20216677,"£49,368.66",Scientific Journal Subscriptions,BA20 2HL,STANSME,4315,40100,Scientific Journal Subscriptions,GB 756963282,2026-01-20,49368.66,GBP,cf52d7a9c15fb95f556c66e945e8e2128f152b308d0872629fe03b9066b38b1e,f04373a53f6795aebad7afdeece82f92d074eea8620dc06a5f2a6799ef95b4a2,valid,valid,true,valid,
business_duplicate_candidate,f04373a53f6795aebad7afdeece82f92d074eea8620dc06a5f2a6799ef95b4a2,2,1,within_file,amount_raw,bd3ebf480ea332e73d1b603953c27bc285b4fa6c5a81d20618781b7f42e700d6,Over__25K_Transparency_Jan_26.csv,2026-01,288,2026-09-23T00:00:00+00:00,real_public_defra,false,,DE,Cefas,20/01/2026,Library Costs,Science,Prenax Limited,20216677,"£50,833.11",Scientific Journal Subscriptions,BA20 2HL,STANSME,4315,40100,Scientific Journal Subscriptions,GB 756963282,2026-01-20,50833.11,GBP,afb419adaec0b5301285f87fea4806bab585cd382f8e46d1496ad603eb058829,f04373a53f6795aebad7afdeece82f92d074eea8620dc06a5f2a6799ef95b4a2,valid,valid,true,valid,
business_duplicate_candidate,f19e66cf28264f536a4441fab041c181b4a6fac2194efb2940d573dba233e427,3,2,within_file,expense_type|expense_area|amount_raw|po_category_description|contract_number|expenditure_type,af5f414fa5a1d664a5e93f259843d8601e5e9a04f5f0267a48018571cae0cbc8,Over++_25K++Mar+2025-Rev.csv,2025-03,1093,2026-09-23T00:00:00+00:00,real_public_defra,false,,DE,NATURAL ENGLAND,11/03/2025,IA - POA & AUC - COST - ADDITIONS,BNG SERVICES,DEFRA,2010000857,1799125.74,Research-Unclassified,YO1 7PX,SUPPLIER,DFP,00000000,Asset,888800181,2025-03-11,1799125.74,GBP,c1e8b0c4db4ce1a8981010b3717ec7c20efec1fc103602037a181fde5b011555,f19e66cf28264f536a4441fab041c181b4a6fac2194efb2940d573dba233e427,valid,valid,true,valid,
business_duplicate_candidate,f19e66cf28264f536a4441fab041c181b4a6fac2194efb2940d573dba233e427,3,2,within_file,expense_type|expense_area|amount_raw|po_category_description|contract_number|expenditure_type,ac40463ac9e6181e7633517e0c76bfe3f7edf7932e1a857a482fe1c83bf0b900,Over++_25K++Mar+2025-Rev.csv,2025-03,1094,2026-09-23T00:00:00+00:00,real_public_defra,false,,DE,NATURAL ENGLAND,11/03/2025,EXP - PURCHASE OF GOODS/SERVICES - OTHER - PROGRAMME EXPENDITURE,BNG SERVICES,DEFRA,2010000857,1466352.36,Operational Goods-Unclassified,YO1 7PX,SUPPLIER,DFP,00000000,Expense,888800181,2025-03-11,1466352.36,GBP,4c2c4b803a78cf4bde479e3c2f19ea894fec7cbf00e0b4452975df96d4355c86,f19e66cf28264f536a4441fab041c181b4a6fac2194efb2940d573dba233e427,valid,valid,true,valid,
business_duplicate_candidate,f19e66cf28264f536a4441fab041c181b4a6fac2194efb2940d573dba233e427,3,2,within_file,expense_type|expense_area|amount_raw|po_category_description|contract_number|expenditure_type,29ad1a00e0e2c44d007b40c73f5e54735ab9418b61f8a0413bf1ff28dbed762e,Over++_25K++Mar+2025-Rev.csv,2025-03,1103,2026-09-23T00:00:00+00:00,real_public_defra,false,,DE,NATURAL ENGLAND,11/03/2025,EXP - PURCHASE OF GOODS/SERVICES - MARKETING & MEDIA,CATCHMENT SENSITIVE FARMING,DEFRA,2010000857,28587.85,Public relations programs or services,YO1 7PX,SUPPLIER,IGS,00000000,Expense,888800181,2025-03-11,28587.85,GBP,5a8ab229db6b871dcf1a0a23c5d84bafe99ce570d68360d2850232a3a04eddd2,f19e66cf28264f536a4441fab041c181b4a6fac2194efb2940d573dba233e427,valid,valid,true,valid,
business_duplicate_candidate,f30a55a041ce6bf0d9c441059fac43e405d61ca1dc356440bc07374a5dc40d09,2,1,within_file,amount_raw|contract_number,031a242a9f115e50d22820c92291ae649d6f7685a8c4e4d7a618b9173f5f26ba,Over__25K_Transparency_July.csv,2025-07,538,2026-09-23T00:00:00+00:00,real_public_defra,false,,DE,NATURAL ENGLAND,02-Jul-25,EXP - CAPITAL GRANTS TO LOCAL GOVERNMENT,Peat Capital Grants,YORKSHIRE WILDLIFE TRUST,1010134723,"£240,506.00",Grant,YO24 1GN,3RD SECTOR SUPPLIER,ECM 65610,00000000,Expense,235804804,2025-07-02,240506.00,GBP,aee0ffececc7de7860b98b433d4695c6fe3e10da923e3db1b906c523be11add9,f30a55a041ce6bf0d9c441059fac43e405d61ca1dc356440bc07374a5dc40d09,valid,valid,true,valid,
business_duplicate_candidate,f30a55a041ce6bf0d9c441059fac43e405d61ca1dc356440bc07374a5dc40d09,2,1,within_file,amount_raw|contract_number,a1be7dfabbd0f518ef4003d080fe16443ed963615c6e1627ac12b226c6523f9e,Over__25K_Transparency_July.csv,2025-07,539,2026-09-23T00:00:00+00:00,real_public_defra,false,,DE,NATURAL ENGLAND,02-Jul-25,EXP - CAPITAL GRANTS TO LOCAL GOVERNMENT,Peat Capital Grants,YORKSHIRE WILDLIFE TRUST,1010134723,"£109,140.65",Grant,YO24 1GN,3RD SECTOR SUPPLIER,ECM 65609,00000000,Expense,235804804,2025-07-02,109140.65,GBP,7a38ce7ee644d2775d979b1656eaee66cd8f179c9d02c8e3755d991dd42260af,f30a55a041ce6bf0d9c441059fac43e405d61ca1dc356440bc07374a5dc40d09,valid,valid,true,valid,
business_duplicate_candidate,f4edf2fd753f0d5a6fdd65583c76925fe4f63563550d8f46a474a489fb51838f,3,2,within_file,expense_area|amount_raw|project_code,e18f10f96eaf4d9c703eb06e7827b2610a6a105b8e9f25bc582dc999c27e1de2,Over__25K_Feb_26.csv,2026-02,366,2026-09-23T00:00:00+00:00,real_public_defra,false,,DE,Cefas,18/02/2026,Software (including licences),Corporate,Phoenix Software Ltd,20217674,"£30,600.00",Cloud Services,YO421NS,STANSME,4301,50605,Cloud Services,GB 755 3464 38,2026-02-18,30600.00,GBP,4f0e9d7245a41d7d77c2611b0f77a9caaee33469a1ec6b34b160d24d7830ca29,f4edf2fd753f0d5a6fdd65583c76925fe4f63563550d8f46a474a489fb51838f,valid,valid,true,valid,
business_duplicate_candidate,f4edf2fd753f0d5a6fdd65583c76925fe4f63563550d8f46a474a489fb51838f,3,2,within_file,expense_area|amount_raw|project_code,7ad004a49e78d6b767e30ee2375d239ce5efaccdcdf8d92e9ff0e392714cd2ec,Over__25K_Feb_26.csv,2026-02,367,2026-09-23T00:00:00+00:00,real_public_defra,false,,DE,Cefas,18/02/2026,Software (including licences),Corporate,Phoenix Software Ltd,20217674,"£31,282.80",Cloud Services,YO421NS,STANSME,4301,50603,Cloud Services,GB 755 3464 38,2026-02-18,31282.80,GBP,bc8e43382870c3927dd4bfb8e32c36d97e93099f9d8f0cde759f310d2e5fde51,f4edf2fd753f0d5a6fdd65583c76925fe4f63563550d8f46a474a489fb51838f,valid,valid,true,valid,
business_duplicate_candidate,f4edf2fd753f0d5a6fdd65583c76925fe4f63563550d8f46a474a489fb51838f,3,2,within_file,expense_area|amount_raw|project_code,7c2cde1a558d7ff5fed8a009b6ad2d748e7dab1aad3054f443b83a9874105927,Over__25K_Feb_26.csv,2026-02,368,2026-09-23T00:00:00+00:00,real_public_defra,false,,DE,Cefas,18/02/2026,Software (including licences),Strategy and Delivery,Phoenix Software Ltd,20217674,"£33,702.00",Cloud Services,YO421NS,STANSME,4301,C8168,Cloud Services,GB 755 3464 38,2026-02-18,33702.00,GBP,8b4496900d89c5dae157e9709ce667675d9a3c644c6bb4cea7cd4d21eba76f53,f4edf2fd753f0d5a6fdd65583c76925fe4f63563550d8f46a474a489fb51838f,valid,valid,true,valid,
business_duplicate_candidate,f54051f67798d9e8a9375864aff95e6e1e801ac5f84b0e4529cea381a8fa8ba6,2,1,cross_file,transaction_date_raw|expense_type|expense_area|amount_raw|supplier_postcode|expenditure_type|vat_registration_number,678525559f62c51ac2a72a51c0e4c5a27d4b6cb4709c7e91488ffe10902a521b,Over++_25K++Mar+2025-Rev.csv,2025-03,1012,2026-09-23T00:00:00+00:00,real_public_defra,false,,DE,KEW,05/03/2025,Utilities,Estates,Hoare Lea LLP,7130018,"£105,188.90",Lansdown Conservation & Research Nursery (Wakehurst),RH11RX,UK Supplier,,11727,Gas,689638949,2025-03-05,105188.90,GBP,4ed4181d62d67166c983db29a7e11a0740efd5761cc6287656f72943dc40fa6c,f54051f67798d9e8a9375864aff95e6e1e801ac5f84b0e4529cea381a8fa8ba6,valid,valid,true,valid,
business_duplicate_candidate,f54051f67798d9e8a9375864aff95e6e1e801ac5f84b0e4529cea381a8fa8ba6,2,1,cross_file,transaction_date_raw|expense_type|expense_area|amount_raw|supplier_postcode|expenditure_type|vat_registration_number,0ef7b468bb581893501730d28b470823dbbc743a884c34e6616713100e3a959d,Over_25K_Transparency_report_April_25.csv,2025-04,215,2026-09-23T00:00:00+00:00,real_public_defra,false,,DE,KEW,09/04/2025,Capital/Equipment,Capital Development Programme,Hoare Lea LLP,7130018,"£85,977.32",Lansdown Conservation & Research Nursery (Wakehurst),BT32 3QD,UK Supplier,,11727,Design,858745176,2025-04-09,85977.32,GBP,547c801aa727036a6a252b1e0e791bebbf9f92bbeff92ef0a1ecd242bb7a3e49,f54051f67798d9e8a9375864aff95e6e1e801ac5f84b0e4529cea381a8fa8ba6,valid,valid,true,valid,
business_duplicate_candidate,fa2fe2e0f320dee35c51b025df41db413e2901e6c3fded65c19d9c9cc829ba89,3,2,within_file,expense_area,be9cba2db80c48a58b7bad9680689e20202618186d4d43bcc286762538fef982,Defra__25k_May_25.csv,2025-05,598,2026-09-23T00:00:00+00:00,real_public_defra,false,,DEFRA,EA,14/05/2025,Exp - Purchase Of Goods/Services - Consultancy,EA FCRM Dir-MPPD-CAFM-Commercial Services,AECOM LTD,1001611083,85946.17,FEES AND COMMISSIONS,E1 8FA,SUPPLIER,,,Expense,611853162,2025-05-14,85946.17,GBP,926555f79971f3f47325e5a17b06e39f82fec99e5e4f859e2bbefecf53dd1c58,fa2fe2e0f320dee35c51b025df41db413e2901e6c3fded65c19d9c9cc829ba89,valid,valid,true,valid,
business_duplicate_candidate,fa2fe2e0f320dee35c51b025df41db413e2901e6c3fded65c19d9c9cc829ba89,3,2,within_file,expense_area,4d3ee5b5e463b4c834bd465ac29ae8cd4297bed942f2a3ee99b0ec0445495f33,Defra__25k_May_25.csv,2025-05,599,2026-09-23T00:00:00+00:00,real_public_defra,false,,DEFRA,EA,14/05/2025,Exp - Purchase Of Goods/Services - Consultancy,EA FCRM Dir-MPPD-CAFM-Commercial Services,AECOM LTD,1001611083,85946.17,FEES AND COMMISSIONS,E1 8FA,SUPPLIER,,,Expense,611853162,2025-05-14,85946.17,GBP,926555f79971f3f47325e5a17b06e39f82fec99e5e4f859e2bbefecf53dd1c58,fa2fe2e0f320dee35c51b025df41db413e2901e6c3fded65c19d9c9cc829ba89,valid,valid,true,valid,
business_duplicate_candidate,fa2fe2e0f320dee35c51b025df41db413e2901e6c3fded65c19d9c9cc829ba89,3,2,within_file,expense_area,bf55aed5bce727ce6941e38e03f531e532b3b71de04132dc979d1a94c1307534,Defra__25k_May_25.csv,2025-05,600,2026-09-23T00:00:00+00:00,real_public_defra,false,,DEFRA,EA,14/05/2025,Exp - Purchase Of Goods/Services - Consultancy,EA FCRM Dir-MPPD-CAFM-Should Cost & Intelligence,AECOM LTD,1001611083,85946.17,FEES AND COMMISSIONS,E1 8FA,SUPPLIER,,,Expense,611853162,2025-05-14,85946.17,GBP,2a4fd38f84621b2932ea606c5a3250c250b818ccec96d9fcaee391615d030d65,fa2fe2e0f320dee35c51b025df41db413e2901e6c3fded65c19d9c9cc829ba89,valid,valid,true,valid,
business_duplicate_candidate,fa60c4bfcaa56ae91934c57b205ca69cbe7945b2d002f91d37243304459b0dd6,3,2,within_file,expense_area|amount_raw|project_code,cddccc7979a855a1b36daef3f1faec59cc815bb451ff4b7feeba51ac6998d5ae,Defra_Over__25k_June_2025.csv,2025-06,377,2026-09-23T00:00:00+00:00,real_public_defra,false,,DEFRA,Cefas,26/06/2025,Software (including licences),Corporate,Phoenix Software Ltd,20211650,27600,Software (including licences),YO421NS,STANSME,4301,50605,Software (including licences),GB 755 3464 38,2025-06-26,27600,GBP,e04e357701eb2c415ca74cc67946dd8921ff7fe2ec06066361a328b7771375a3,fa60c4bfcaa56ae91934c57b205ca69cbe7945b2d002f91d37243304459b0dd6,valid,valid,true,valid,
business_duplicate_candidate,fa60c4bfcaa56ae91934c57b205ca69cbe7945b2d002f91d37243304459b0dd6,3,2,within_file,expense_area|amount_raw|project_code,19bd376422e454426c0125cba2953c733cd31f5ae1088f4945695c4f14695425,Defra_Over__25k_June_2025.csv,2025-06,378,2026-09-23T00:00:00+00:00,real_public_defra,false,,DEFRA,Cefas,26/06/2025,Software (including licences),Strategy and Delivery,Phoenix Software Ltd,20211650,30861,Software (including licences),YO421NS,STANSME,4301,C8168,Software (including licences),GB 755 3464 38,2025-06-26,30861,GBP,f1bc7b01832a7322c0e760059a57d8497d80b44787edc962688d0e8d57b9569d,fa60c4bfcaa56ae91934c57b205ca69cbe7945b2d002f91d37243304459b0dd6,valid,valid,true,valid,
business_duplicate_candidate,fa60c4bfcaa56ae91934c57b205ca69cbe7945b2d002f91d37243304459b0dd6,3,2,within_file,expense_area|amount_raw|project_code,dbffb21207f1070263e307602d7541bad6f5dc87288f9787532e5647ca7bc629,Defra_Over__25k_June_2025.csv,2025-06,379,2026-09-23T00:00:00+00:00,real_public_defra,false,,DEFRA,Cefas,26/06/2025,Software (including licences),Corporate,Phoenix Software Ltd,20211650,27031.06,Software (including licences),YO421NS,STANSME,4301,50603,Software (including licences),GB 755 3464 38,2025-06-26,27031.06,GBP,226d089647aa4cd9568ec74dc5ad31edf221635482b6c00e4eb2915ef3267460,fa60c4bfcaa56ae91934c57b205ca69cbe7945b2d002f91d37243304459b0dd6,valid,valid,true,valid,
business_duplicate_candidate,fa89c642ce4988b9c36f1a573a06c63e7e9962d8d984ec3e4db9c4da0a247da2,2,1,within_file,project_code,c300c3ac4b1b652f1c26110396d0cc18cd40ac7be0d29b885a2713472e662845,Defra__25k_May_25.csv,2025-05,911,2026-09-23T00:00:00+00:00,real_public_defra,false,,DEFRA,EA,29/05/2025,EXP EU CAPITAL GRANTS TO PTE SECTOR - PERS & NON PROFIT INSTIT'NS SERVING H'HOLD - CWEIY,EA Ops-LNA-Mgt,OVE ARUP & PARTNERS LTD,1001614134,115398.32,GRANTS,NE1 3PL,SUPPLIER,,ENVIMAN002955,Expense,GB524461265,2025-05-29,115398.32,GBP,70981ca6cb266d6ff0a8926f0b4a6381389666a48302567fdba96b71d6f488b6,fa89c642ce4988b9c36f1a573a06c63e7e9962d8d984ec3e4db9c4da0a247da2,valid,valid,true,valid,
business_duplicate_candidate,fa89c642ce4988b9c36f1a573a06c63e7e9962d8d984ec3e4db9c4da0a247da2,2,1,within_file,project_code,3e2a74e2b6e0754008a7fa5d6e2432f6bdaf2799ac6bfdcfa9f7c75f55f3e1db,Defra__25k_May_25.csv,2025-05,912,2026-09-23T00:00:00+00:00,real_public_defra,false,,DEFRA,EA,29/05/2025,EXP EU CAPITAL GRANTS TO PTE SECTOR - PERS & NON PROFIT INSTIT'NS SERVING H'HOLD - CWEIY,EA Ops-LNA-Mgt,OVE ARUP & PARTNERS LTD,1001614134,115398.32,GRANTS,NE1 3PL,SUPPLIER,,ENV0003646C,Expense,GB524461265,2025-05-29,115398.32,GBP,3c313a1d46c0fa82b50a8fd38be3b89564e4eac9549f3e3617aeb112ac54c6fc,fa89c642ce4988b9c36f1a573a06c63e7e9962d8d984ec3e4db9c4da0a247da2,valid,valid,true,valid,
business_duplicate_candidate,fb041a57ae70593ce3341fd495cda0af01793a9f48676826e3804d80faa19a93,2,1,within_file,expense_area,45f22c6b616cd7e148b9b62e2a9bd2ada04835fca746e524632f94ec5ca8dca7,Defra__25k_May_25.csv,2025-05,923,2026-09-23T00:00:00+00:00,real_public_defra,false,,DEFRA,EA,29/05/2025,Exp - Purchase Of Goods/Services - Consultancy,EA FCRM Dir-MPPD-PCM-NW,ARCADIS CONSULTING UK LTD,1001614365,71120.25,FEES AND COMMISSIONS,EC3M 4BY,SUPPLIER,,,Expense,GB 8727 99950,2025-05-29,71120.25,GBP,eb9c3e5191e656da0fd507bb4dbd98131948f1c7b381569dca0060e91003804a,fb041a57ae70593ce3341fd495cda0af01793a9f48676826e3804d80faa19a93,valid,valid,true,valid,
business_duplicate_candidate,fb041a57ae70593ce3341fd495cda0af01793a9f48676826e3804d80faa19a93,2,1,within_file,expense_area,c9eb4dbda86afd066c51421d0fba31c26ec08b5a9a3cf12dfa88d1f956b04dce,Defra__25k_May_25.csv,2025-05,924,2026-09-23T00:00:00+00:00,real_public_defra,false,,DEFRA,EA,29/05/2025,Exp - Purchase Of Goods/Services - Consultancy,EA FCRM Dir-MPPD-PCM-SW,ARCADIS CONSULTING UK LTD,1001614365,71120.25,FEES AND COMMISSIONS,EC3M 4BY,SUPPLIER,,,Expense,GB 8727 99950,2025-05-29,71120.25,GBP,ec640ddf3e66b2b51689975ac484b2617653c0c685b75e5e996d9fe4980b0756,fb041a57ae70593ce3341fd495cda0af01793a9f48676826e3804d80faa19a93,valid,valid,true,valid,
business_duplicate_candidate,fbd1ef8685a8f25cd518e7c84de21f4c06d1b559c79019dd058d9d43f7de530c,2,1,within_file,expense_type|expense_area|amount_raw|po_category_description|contract_number,80ce5bb77e63331c17123e311fc555350af571475aea598ac6b0a125c5939565,Over++_25K++Mar+2025-Rev.csv,2025-03,1079,2026-09-23T00:00:00+00:00,real_public_defra,false,,DE,NATURAL ENGLAND,07/03/2025,EXP - PURCHASE OF GOODS/SERVICES - OTHER- SCIENCE & EVIDENCE MONITORING SURVLNCE,EVIDENCE TEAM,BRITISH TRUST FOR ORNITHOLOGY,1010128822,39743,Environmental (Land Use & Biodiversity) Services,IP24 2PU,SUPPLIER,C22287 (Sub-£50k),00000000,Expense,196 6210 46,2025-03-07,39743,GBP,837cf8974b1afab2a93def7b9d299f71436be80c3dac483e84217b11d0422830,fbd1ef8685a8f25cd518e7c84de21f4c06d1b559c79019dd058d9d43f7de530c,valid,valid,true,valid,
business_duplicate_candidate,fbd1ef8685a8f25cd518e7c84de21f4c06d1b559c79019dd058d9d43f7de530c,2,1,within_file,expense_type|expense_area|amount_raw|po_category_description|contract_number,b80a602a8d2bf6ca03f75e84df7a1ca02eedfba137fa3eaf061120b621551a50,Over++_25K++Mar+2025-Rev.csv,2025-03,1082,2026-09-23T00:00:00+00:00,real_public_defra,false,,DE,NATURAL ENGLAND,07/03/2025,EXP - PURCHASE OF GOODS/SERVICES - RESEARCH & DEVELOPMENT - OTHER OUTSOURCED,Complex Case Unit,BRITISH TRUST FOR ORNITHOLOGY,1010128822,30323,Science and Environmental Research-Unclassified,IP24 2PU,SUPPLIER,C22287,00000000,Expense,196 6210 46,2025-03-07,30323,GBP,dd415eaa764a4a43e23ccd8679da31d2042a485ecdad71e6c374f289f34f57c8,fbd1ef8685a8f25cd518e7c84de21f4c06d1b559c79019dd058d9d43f7de530c,valid,valid,true,valid,
business_duplicate_candidate,fd4a147a7cd5958a3606d217eb947bf6a5b22b280e8620a1c963033ecfb19077,2,1,within_file,amount_raw,f184daa82dab6fb91bee9b97573d72706cb382ee229c67921fc9a14b7227cb65,Over_25K_Transparency_report_April_25.csv,2025-04,31,2026-09-23T00:00:00+00:00,real_public_defra,false,,DE,Cefas,10/04/2025,Data Collection Services,Strategy and Delivery,Association of Commonwealth Universities,20210404,"£45,000.00",Strategy and Delivery,WC1H 9HF,STANSME,3664,C8600,Strategy and Delivery,195914172,2025-04-10,45000.00,GBP,ab42140becb2161353d47f10d6921fe6159f86a3ad2554d6ab23864595b91264,fd4a147a7cd5958a3606d217eb947bf6a5b22b280e8620a1c963033ecfb19077,valid,valid,true,valid,
business_duplicate_candidate,fd4a147a7cd5958a3606d217eb947bf6a5b22b280e8620a1c963033ecfb19077,2,1,within_file,amount_raw,5bdd6fdba656c1ff8fce4e1098394e6a7596b88d407f448d4f78ded40d81e12c,Over_25K_Transparency_report_April_25.csv,2025-04,32,2026-09-23T00:00:00+00:00,real_public_defra,false,,DE,Cefas,10/04/2025,Data Collection Services,Strategy and Delivery,Association of Commonwealth Universities,20210404,"£55,000.00",Strategy and Delivery,WC1H 9HF,STANSME,3664,C8600,Strategy and Delivery,195914172,2025-04-10,55000.00,GBP,6ca3e87743e628add17fe3da1e8f83b6d9dfb95b1528cf0d5b7fb13f678b0a18,fd4a147a7cd5958a3606d217eb947bf6a5b22b280e8620a1c963033ecfb19077,valid,valid,true,valid,
business_duplicate_candidate,fdb3c9fcd7de599808b68a1d526c0d70e41ef0865a417f50a9cfe4493af2ca02,2,1,within_file,expense_type|expense_area|po_category_description|project_code|expenditure_type,4d1b439e7c17f98772909613f85cd7e34ae75677aaf7689c457f376abe6814eb,Defra__25k_May_25.csv,2025-05,832,2026-09-23T00:00:00+00:00,real_public_defra,false,,DEFRA,EA,23/05/2025,PPE - POA & AUC (OWNED) - COST - O/BAL,EA Ops-DCS-Mgt,KIER INTERGRATED SERVICES LTD,1001613309,632493.38,TANGIBLE NBV,SG19 2BD,SUPPLIER,,ENV0002504C,Asset,1055 40018,2025-05-23,632493.38,GBP,3e9151dcea9209ef34c92ef3ee94b0fcd0e2b38893aad5197b6631c1be11a11f,fdb3c9fcd7de599808b68a1d526c0d70e41ef0865a417f50a9cfe4493af2ca02,valid,valid,true,valid,
business_duplicate_candidate,fdb3c9fcd7de599808b68a1d526c0d70e41ef0865a417f50a9cfe4493af2ca02,2,1,within_file,expense_type|expense_area|po_category_description|project_code|expenditure_type,af5719b76b6516cb3cbd7b600d84dd108a05a7b973ff1fbb38d8cf0d93654611,Defra__25k_May_25.csv,2025-05,833,2026-09-23T00:00:00+00:00,real_public_defra,false,,DEFRA,EA,23/05/2025,EXP EU CAPITAL GRANTS TO PTE SECTOR - PERS & NON PROFIT INSTIT'NS SERVING H'HOLD - CWEIY,EA Ops-WSX-Mgt,KIER INTERGRATED SERVICES LTD,1001613309,632493.38,GRANTS,SG19 2BD,SUPPLIER,,ENVIMSW002033,Expense,1055 40018,2025-05-23,632493.38,GBP,cbe374df35a41c1bcb3a0587e10a0f873b06e4bdd82f65633ebb23722f38d44d,fdb3c9fcd7de599808b68a1d526c0d70e41ef0865a417f50a9cfe4493af2ca02,valid,valid,true,valid,
business_duplicate_candidate,fdd1b3eb1ff7e2b825f56fc010e8f53bec9dbdfca1dfebde46a7bd752c7b4ac1,2,1,within_file,expense_type|project_code,2c1372fb0d0932960bbe1c32e34d448a35db9d2b324d4e090e49e0efca1ee748,Defra__25k_May_25.csv,2025-05,894,2026-09-23T00:00:00+00:00,real_public_defra,false,,DEFRA,EA,28/05/2025,EXP EU CAPITAL GRANTS TO PTE SECTOR - PERS & NON PROFIT INSTIT'NS SERVING H'HOLD - CWEIY,EA Ops-SSD-Mgt,PORTSMOUTH CITY COUNCIL,1001613901,5000000,GRANTS,PO1 2AR,LOCAL AUTHORITIES,,ENV0006280C,Expense,108 3656 72,2025-05-28,5000000,GBP,7316db43a5d6b0bd51bf2235fe6daca18f147c4c143945ae3ff929afdf9352e3,fdd1b3eb1ff7e2b825f56fc010e8f53bec9dbdfca1dfebde46a7bd752c7b4ac1,valid,valid,true,valid,
business_duplicate_candidate,fdd1b3eb1ff7e2b825f56fc010e8f53bec9dbdfca1dfebde46a7bd752c7b4ac1,2,1,within_file,expense_type|project_code,d810a205bc7c84c137807b3418a9352dc591dca2cb20623620b41d27381e7efb,Defra__25k_May_25.csv,2025-05,895,2026-09-23T00:00:00+00:00,real_public_defra,false,,DEFRA,EA,28/05/2025,EXP - CAPITAL GRANTS TO LOCAL GOVERNMENT,EA Ops-SSD-Mgt,PORTSMOUTH CITY COUNCIL,1001613901,5000000,GRANTS,PO1 2AR,LOCAL AUTHORITIES,,ENVRMAGIA0013C,Expense,108 3656 72,2025-05-28,5000000,GBP,823c8b260613e42792f3e5382a739e964cbbc4cf77a45b6a562b8c51cba2aba3,fdd1b3eb1ff7e2b825f56fc010e8f53bec9dbdfca1dfebde46a7bd752c7b4ac1,valid,valid,true,valid,
business_duplicate_candidate,ff2312154ddb371b6cfe85f491926885667d4a723dd59b12dfae5bd38676a91e,2,1,within_file,amount_raw|contract_number,13fe715bb3b1da5177486cd4a495949357a85796a6451f99987b4f7a9713b19f,Over__25K_Transparency_July.csv,2025-07,587,2026-09-23T00:00:00+00:00,real_public_defra,false,,DE,NATURAL ENGLAND,28-Jul-25,EXP CAPITAL GRANTS TO PTE SECTOR - PERSONS & NON PROFIT INSTIT'NS SERVING H'HOLD,"SGA LANDSCAPE, PEAT & SPECIES",WILDWOOD TRUST,1010136044,"£51,356.41",Grant,CT6 7LQ,3RD SECTOR SUPPLIER,FUNDING20485,NE163980,Expense,811672249,2025-07-28,51356.41,GBP,fcb9731ccc4f904b9a1a86fd4831e101a3035e5200f49a3a08420b87df21dbaa,ff2312154ddb371b6cfe85f491926885667d4a723dd59b12dfae5bd38676a91e,valid,valid,true,valid,
business_duplicate_candidate,ff2312154ddb371b6cfe85f491926885667d4a723dd59b12dfae5bd38676a91e,2,1,within_file,amount_raw|contract_number,75e401ca5855252105b16871f43c829a9009b0720f64b125ee98057c6dc8da38,Over__25K_Transparency_July.csv,2025-07,588,2026-09-23T00:00:00+00:00,real_public_defra,false,,DE,NATURAL ENGLAND,28-Jul-25,EXP CAPITAL GRANTS TO PTE SECTOR - PERSONS & NON PROFIT INSTIT'NS SERVING H'HOLD,"SGA LANDSCAPE, PEAT & SPECIES",WILDWOOD TRUST,1010136044,"£25,415.45",Grant,CT6 7LQ,3RD SECTOR SUPPLIER,FUNDING 20486,NE163980,Expense,811672249,2025-07-28,25415.45,GBP,a3af07d960d32428d276c9101dea49bd876a60a849a11dd94ec0125554fedee1,ff2312154ddb371b6cfe85f491926885667d4a723dd59b12dfae5bd38676a91e,valid,valid,true,valid,
business_duplicate_candidate,ff6d674d4538a45989879b0d4a4295229614932c2838514cbee8da9b9dcabb49,2,1,cross_file,transaction_date_raw|expense_type|expense_area|amount_raw|supplier_postcode|expenditure_type|vat_registration_number,427511fe9257da8be0985a667e1e42538d460bcebd0709248e4730866ac27328,Over++_25K++Mar+2025-Rev.csv,2025-03,1038,2026-09-23T00:00:00+00:00,real_public_defra,false,,DE,KEW,25/03/2025,Utilities,Estates,Cambridge Glasshouse Ltd,7130772,"£90,681.30",ICW projects,RH11RX,UK Supplier,,11733,Gas,689638949,2025-03-25,90681.30,GBP,47bd252438fe42290b565357adde2b636b6fc6f068cd1d5423ce6f5110da9584,ff6d674d4538a45989879b0d4a4295229614932c2838514cbee8da9b9dcabb49,valid,valid,true,valid,
business_duplicate_candidate,ff6d674d4538a45989879b0d4a4295229614932c2838514cbee8da9b9dcabb49,2,1,cross_file,transaction_date_raw|expense_type|expense_area|amount_raw|supplier_postcode|expenditure_type|vat_registration_number,ce7265d6f8f40a947adb21d5c885196c3651143ca1550999801538977ade21c9,Over_25K_Transparency_report_April_25.csv,2025-04,71,2026-09-23T00:00:00+00:00,real_public_defra,false,,DE,KEW,16/04/2025,ICT,Information Technology,Cambridge Glasshouse Ltd,7130772,"£36,265.02",ICW projects,EC2A 3SB,UK Supplier,,11733,Hardware Maintenance and Repairs,311 3890 28,2025-04-16,36265.02,GBP,3c1e4cd6bcf6f43a71b535384d4512ce9c29892e9f4707f9d491041341c2a5f7,ff6d674d4538a45989879b0d4a4295229614932c2838514cbee8da9b9dcabb49,valid,valid,true,valid,
