Department,Entity,Date,Expense Type,Expense Area,Supplier ,Transaction Number,Amount,PO Catergory Description ,Supplier Postcode,Supplier Type,Contract Number,Project Code,Expenditure Type,Vat Registration Num
DE,DEFRA,06/03/2025,EXP - PURCHASE OF GOODS/SERVICES - RESEARCH & DEVELOPMENT - OTHER OUTSOURCED,ENVIRONMENT SCIENCE AND ANALYSIS,N I A B,300465,"£42,338.40",CAPITAL R&D,CB3 0LE,Public Body,16104,,Expense,GB100132207
DE,DEFRA,05/03/2025,EXP - PURCHASE OF GOODS/SERVICES -OTHER- INTERNATIONAL CONTRIBUTIONS & DONATIONS,EU EXIT CHEMICALS (REACH),UNITED NATIONS USCH5,20002837,"£325,200.00",INTERNATIONAL SUBSCRIPTIONS,,SUPPLIER,,,Expense,
DE,DEFRA,11/03/2025,EXP - PURCHASE OF GOODS/SERVICES -OTHER- INTERNATIONAL CONTRIBUTIONS & DONATIONS,"FOOD AND FARMING STRATEGY, INNOVATION, SYSTEMS",THE EUROPEAN COOPERATIVE PROGRAMME FOR PLANT GENETIC RESOURCES (ECPGR),20002843,"£53,783.05",INTERNATIONAL SUBSCRIPTIONS,00153,SUPPLIER,,,Expense,
DE,DEFRA,12/03/2025,EXP - PURCHASE OF GOODS/SERVICES - OTHER,AIR QUALITY & INDUSTRIAL EMISSIONS,WORLD HEALTH ORGANIZATION,20002846,"£28,000.00",OTHER,CH1211,SUPPLIER,,,Expense,
DE,DEFRA,12/03/2025,EXP - PURCHASE OF GOODS/SERVICES - OTHER,AIR QUALITY & INDUSTRIAL EMISSIONS,UNITED NATIONS ECONOMIC COMMISSION FOR EUROPE,20002847,"£247,110.59",OTHER,10172,Trust,,,Expense,
DE,DEFRA,13/03/2025,EXP - PURCHASE OF GOODS/SERVICES -OTHER- INTERNATIONAL CONTRIBUTIONS & DONATIONS,"FLS-ODA INTERNATIONAL SCIENCE, EVIDENCE AND ANALYSIS",WORLD METEOROLOGICAL ORGANIZATION (WMO),20002848,"£125,000.00",INTERNATIONAL SUBSCRIPTIONS,CH 1211,SUPPLIER,,,Expense,
DE,DEFRA,13/03/2025,EXP - PURCHASE OF GOODS/SERVICES - RESEARCH & DEVELOPMENT - OTHER OUTSOURCED,MARINE AND FISHERIES EVIDENCE,WORLD RESOURCES INSTITUTE,20002849,"£40,000.00",CAPITAL R&D,20002,SUPPLIER(1),,,Expense,
DE,DEFRA,13/03/2025,EXP - PURCHASE OF GOODS/SERVICES - RESEARCH & DEVELOPMENT - OTHER OUTSOURCED,MARINE AND FISHERIES EVIDENCE,WORLD RESOURCES INSTITUTE,20002850,"£100,000.00",CAPITAL R&D,20002,SUPPLIER(1),,,Expense,
DE,DEFRA,13/03/2025,EXP - PURCHASE OF GOODS/SERVICES -OTHER- INTERNATIONAL CONTRIBUTIONS & DONATIONS,FLS-ODA MANAGEMENT AND INTERNATIONAL BIODIVERSITY FUNDS,UNITED NATIONS ENVIRONMENT PROGRAMME UNEP,20002851,"£139,066.57",INTERNATIONAL SUBSCRIPTIONS,00100,SUPPLIER,,,Expense,
DE,DEFRA,13/03/2025,EXP - PURCHASE OF GOODS/SERVICES -OTHER- INTERNATIONAL CONTRIBUTIONS & DONATIONS,FLS-ODA CLIMATE AND F-GASES,UNITED NATIONS ENVIRONMENT PROGRAMME UNEP,20002852,"£52,537.06",INTERNATIONAL SUBSCRIPTIONS,00100,SUPPLIER,,,Expense,
DE,DEFRA,14/03/2025,EXP - PURCHASE OF GOODS/SERVICES -OTHER- INTERNATIONAL CONTRIBUTIONS & DONATIONS,FLS-ODA INTERNATIONAL BIODIVERSITY AND WILDLIFE,UNITED NATIONS ENVIRONMENT PROGRAMME UNEP,20002858,"£136,523.90",INTERNATIONAL SUBSCRIPTIONS,00100,SUPPLIER,,,Expense,
DE,DEFRA,14/03/2025,EXP - PURCHASE OF GOODS/SERVICES -OTHER- INTERNATIONAL CONTRIBUTIONS & DONATIONS,FLS-ODA INTERNATIONAL BIODIVERSITY AND WILDLIFE,UNITED NATIONS ENVIRONMENT PROGRAMME UNEP,20002859,"£566,275.62",INTERNATIONAL SUBSCRIPTIONS,00100,SUPPLIER,,,Expense,
DE,DEFRA,17/03/2025,EXP - PURCHASE OF GOODS/SERVICES -OTHER- INTERNATIONAL CONTRIBUTIONS & DONATIONS,"FLS-ODA INTERNATIONAL SCIENCE, EVIDENCE AND ANALYSIS",UNITED NATIONS ENVIRONMENT PROGRAMME UNEP,20002862,"£1,000,000.00",INTERNATIONAL SUBSCRIPTIONS,00100,SUPPLIER,,,Expense,
DE,DEFRA,17/03/2025,EXP - PURCHASE OF GOODS/SERVICES -OTHER- INTERNATIONAL CONTRIBUTIONS & DONATIONS,FLS-ODA MANAGEMENT AND INTERNATIONAL BIODIVERSITY FUNDS,UNITED NATIONS ENVIRONMENT PROGRAMME UNEP,20002863,"£137,000.00",INTERNATIONAL SUBSCRIPTIONS,00100,SUPPLIER,,,Expense,
DE,DEFRA,17/03/2025,EXP - PURCHASE OF GOODS/SERVICES -OTHER- INTERNATIONAL CONTRIBUTIONS & DONATIONS,FLS-ODA MANAGEMENT AND INTERNATIONAL BIODIVERSITY FUNDS,UNITED NATIONS ENVIRONMENT PROGRAMME UNEP,20002864,"£280,000.00",INTERNATIONAL SUBSCRIPTIONS,00100,SUPPLIER,,,Expense,
DE,DEFRA,19/03/2025,EXP - PURCHASE OF GOODS/SERVICES - RESEARCH & DEVELOPMENT - OTHER OUTSOURCED,STRATEGIC EVIDENCE PARTNERS,UNECE,20002866,"£125,000.00",CAPITAL R&D,SWITZERLAND,SUPPLIER,,,Expense,
DE,DEFRA,19/03/2025,EXP - PURCHASE OF GOODS/SERVICES -OTHER- INTERNATIONAL CONTRIBUTIONS & DONATIONS,FLS-ODA INT'L STRATEGIC ENGAGEMENT AND MULTILATERALS,RAMSAR CONVENTION ON WETLANDS,20002867,"£50,000.00",INTERNATIONAL SUBSCRIPTIONS,CH 1196,Public Body,,,Expense,
DE,DEFRA,19/03/2025,EXP - PURCHASE OF GOODS/SERVICES -OTHER- INTERNATIONAL CONTRIBUTIONS & DONATIONS,FLS-ODA INTERNATIONAL BIODIVERSITY AND WILDLIFE,UNEP/CITES SECRETARIAT,20002868,"£750,000.00",INTERNATIONAL SUBSCRIPTIONS,CH 1219,SUPPLIER(1),,,Expense,
DE,DEFRA,20/03/2025,EXP - CURRENT GRANTS TO OVERSEAS BODIES,FLS-ODA INTERNATIONAL BIODIVERSITY AND WILDLIFE,FSD AFRICA,20002870,"£554,900.00",OTHER CURRENT GRANTS,,SUPPLIER,,,Expense,
DE,DEFRA,20/03/2025,EXP - PURCHASE OF GOODS/SERVICES - RESEARCH & DEVELOPMENT - OTHER OUTSOURCED,FLS-ODA MANAGEMENT AND INTERNATIONAL BIODIVERSITY FUNDS,GLOBAL ALLIANCE ON HEALTH AND POLLUTION GAHP,20002871,"£70,330.81",CAPITAL R&D,1202,SUPPLIER,,,Expense,
DE,DEFRA,20/03/2025,EXP - PURCHASE OF GOODS/SERVICES - RESEARCH & DEVELOPMENT - OTHER OUTSOURCED,FLS-ODA MANAGEMENT AND INTERNATIONAL BIODIVERSITY FUNDS,GLOBAL ALLIANCE ON HEALTH AND POLLUTION GAHP,20002872,"£46,766.05",CAPITAL R&D,1202,SUPPLIER,,,Expense,
DE,DEFRA,21/03/2025,EXP - PURCHASE OF GOODS/SERVICES -OTHER- INTERNATIONAL CONTRIBUTIONS & DONATIONS,FLS-ODA INTERNATIONAL NATURE CLIMATE & DEVELOPMENT,ECO BUSINESS FUND DEVELOPMENT FACILITY,20002875,"£500,000.00",INTERNATIONAL SUBSCRIPTIONS,8070,SUPPLIER,,,Expense,
DE,DEFRA,21/03/2025,EXP - PURCHASE OF GOODS/SERVICES -OTHER- INTERNATIONAL CONTRIBUTIONS & DONATIONS,FLS-ODA INTERNATIONAL NATURE CLIMATE & DEVELOPMENT,ECO BUSINESS FUND DEVELOPMENT FACILITY,20002876,"£1,500,000.00",INTERNATIONAL SUBSCRIPTIONS,8070,SUPPLIER,,,Expense,
DE,DEFRA,21/03/2025,EXP - PURCHASE OF GOODS/SERVICES -OTHER- INTERNATIONAL CONTRIBUTIONS & DONATIONS,FLS-ODA INT'L STRATEGIC ENGAGEMENT AND MULTILATERALS,IUCN INTERNATIONAL UNION FOR CONSERVATION OF NATURE AND NATURAL RESOURCES,20002877,"£70,000.00",INTERNATIONAL SUBSCRIPTIONS,CB2 3QZ,SUPPLIER,,,Expense,
DE,DEFRA,22/03/2025,EXP - PURCHASE OF GOODS/SERVICES -OTHER- INTERNATIONAL CONTRIBUTIONS & DONATIONS,FLS-ODA INTERNATIONAL BIODIVERSITY AND WILDLIFE,UNITED NATIONS ENVIRONMENT PROGRAMME UNEP,20002878,"£100,000.00",INTERNATIONAL SUBSCRIPTIONS,00100,SUPPLIER,,,Expense,
DE,DEFRA,22/03/2025,EXP - PURCHASE OF GOODS/SERVICES -OTHER- INTERNATIONAL CONTRIBUTIONS & DONATIONS,FLS-ODA INTERNATIONAL BIODIVERSITY AND WILDLIFE,UNEP/CITES SECRETARIAT,20002879,"£400,000.00",INTERNATIONAL SUBSCRIPTIONS,CH 1219,SUPPLIER(1),,,Expense,
DE,DEFRA,25/03/2025,EXP - CAPITAL GRANTS TO OVERSEAS BODIES,FLS-ODA MARINE,UNIVERSITY OF NEW SOUTH WALES,20002881,"£500,000.00",CAPITAL GRANTS,NSW 2052,SUPPLIER,,,Expense,
DE,DEFRA,25/03/2025,EXP - CAPITAL GRANTS TO OVERSEAS BODIES,FLS-ODA MARINE,UNIVERSITY OF NEW SOUTH WALES,20002882,"£500,000.00",CAPITAL GRANTS,NSW 2052,SUPPLIER,,,Expense,
DE,DEFRA,25/03/2025,EXP - PURCHASE OF GOODS/SERVICES - OTHER - INTERNATIONAL SUBSCRIPTIONS,"INTERNATIONAL SCIENCE, EVIDENCE AND ANALYSIS",GLOBAL BIODIVERSITY INFORMATION FACILITY,20002884,"£143,046.20",INTERNATIONAL SUBSCRIPTIONS,DENMARK,SUPPLIER,,,Expense,
DE,DEFRA,26/03/2025,EXP - PURCHASE OF GOODS/SERVICES - OTHER - PROGRAMME EXPENDITURE,FLS-ODA MARINE,OCEAN RISK & RESILIENCE ACTION ALLIANCE INC,20002888,"£1,341,283.00",OTHER CURRENT PAYMENTS,DC 20007,SUPPLIER,,,Expense,
DE,DEFRA,27/03/2025,EXP - PURCHASE OF GOODS/SERVICES - OTHER - INTERNATIONAL SUBSCRIPTIONS,EXTERNAL FISHERIES NEGOTIATION & TRADE,NORTHWEST ATLANTIC FISHERIES ORGANIZATION,20002889,"£33,587.86",INTERNATIONAL SUBSCRIPTIONS,B3J 3P6,SUPPLIER,,,Expense,
DE,DEFRA,27/03/2025,EXP - PURCHASE OF GOODS/SERVICES -OTHER- INTERNATIONAL CONTRIBUTIONS & DONATIONS,FLS-ODA MANAGEMENT AND INTERNATIONAL BIODIVERSITY FUNDS,UNITED NATIONS ENVIRONMENT PROGRAMME UNEP,20002890,"£250,000.00",INTERNATIONAL SUBSCRIPTIONS,00100,SUPPLIER,,,Expense,
DE,DEFRA,27/03/2025,EXP - PURCHASE OF GOODS/SERVICES - OTHER - PROGRAMME EXPENDITURE,FLS-ODA MARINE,OCEAN RISK & RESILIENCE ACTION ALLIANCE INC,20002891,"£2,730,910.00",OTHER CURRENT PAYMENTS,DC 20007,SUPPLIER,,,Expense,
DE,DEFRA,28/03/2025,EXP - PURCHASE OF GOODS/SERVICES - OTHER - EVIDENCE R&D,"TRADE POLICY, NEGOTIATIONS AND EXPORTS TEAM",WORLD FOREST ID,20002894,"£84,871.20",PROGRAMME EXPENDITURE EVIDENCE R&D,,SUPPLIER,,,Expense,
DE,DEFRA,31/03/2025,EXP - PURCHASE OF GOODS/SERVICES - END USER SOFTWARE AND HARDWARE,OFFICE OF CTO AND CHANGE IMPLEMENTATION,UIPATH SRL,20002895,"£31,893.83",IT SERVICES/SOFTWARE/HARDWARE,,SUPPLIER,C22515,DEFCOOD300122,Expense,RO34737997
DE,DEFRA,03/03/2025,EXP - PURCHASE OF GOODS/SERVICES - OTHER PROFESSIONAL SERVICES,DDTS - FISH,CAPGEMINI UK PLC,1003261777,"£1,125,217.89",OFFICE SERVICES,GU21 6DB,THIRD PARTY,C27369,,Expense,GB232441107
DE,DEFRA,03/03/2025,PPE - POA & AUC (OWNED) - COST - ADDITIONS,SCIENCE FACILITIES - PROJECTS (WEYBRIDGE),KIER CONSTRUCTION LIMITED TRADINGF AS KIER CONSTRUCTION STRATEGIC PROJECTS,1003261789,"£54,622.86","PROPERTY, PLANT AND EQUIPMENT (PCIP CAPEX)",M50 3XP,SUPPLIER,C24434,DEFCOOD2S0008830,Asset,GB166099927
DE,DEFRA,03/03/2025,EXP - PURCHASE OF GOODS/SERVICES - ICT OUTSOURCING & MAINT/SUPPORT,LEGACY APPS PROGRAMME (LAP),SOPRA STERIA LTD,1003261795,"£165,362.24",IT SERVICES/SOFTWARE/HARDWARE,M14 0WN,SUPPLIER,C5469,DEFCOOD300876,Expense,GB207950855
DE,DEFRA,03/03/2025,PPE - POA & AUC (OWNED) - COST - ADDITIONS,PROPERTY PORTFOLIO DELIVERY (CAPITAL),SENATOR INTERNATIONAL LTD,1003261802,"£42,369.05","PROPERTY, PLANT AND EQUIPMENT (PCIP CAPEX)",BB55YE,SUPPLIER,56268,DEFCOOD24MPW003E,Asset,
DE,DEFRA,03/03/2025,EXP - PURCHASE OF GOODS/SERVICES - OTHER PROFESSIONAL SERVICES,DIGITAL TRANSFORMATION,I3WORKS LTD,1003261821,"£947,146.37",OFFICE SERVICES,BS1 4JZ,SUPPLIER,C22464,,Expense,GB200113204
DE,DEFRA,03/03/2025,EXP - PURCHASE OF GOODS/SERVICES - ICT OUTSOURCING & MAINT/SUPPORT,IT SERVICE OPERATIONS,IBM UNITED KINGDOM LTD,1003261829,"£312,177.70",IT SERVICES/SOFTWARE/HARDWARE,GU1 2LD,SUPPLIER,C5495,DEFCOOD300142,Expense,GB1073 28000
DE,DEFRA,03/03/2025,EXP - CURRENT GRANTS TO LOCAL GOVERNMENT,LAND USE AND PLANNING,LAKE DISTRICT NATIONAL PARK AUTH,1003261850,"£43,467.00",OTHER CURRENT GRANTS,LA9 7RL,LOCAL AUTHORITIES,GIA,,Expense,
DE,DEFRA,03/03/2025,EXP - PURCHASE OF GOODS/SERVICES - RESEARCH & DEVELOPMENT - OTHER OUTSOURCED,CONSISTENT WASTE COLLECTION,EUNOMIA RESEARCH & CONSULTING LTD,1003261853,"£54,438.60",CAPITAL R&D,BS1 4QS,SUPPLIER,C20372,,Expense,771922024
DE,DEFRA,04/03/2025,EXP - PURCHASE OF GOODS/SERVICES - RESEARCH & DEVELOPMENT - OTHER OUTSOURCED,CONSISTENT WASTE COLLECTION,JACOBS UK LTD,1003261865,"£37,328.62",CAPITAL R&D,LS11 9DX,CIS SUPPLIER,C5457,,Expense,GB624298920
DE,DEFRA,04/03/2025,EXP - PURCHASE OF GOODS/SERVICES - RESEARCH & DEVELOPMENT - OTHER OUTSOURCED,ENVIRONMENT SCIENCE AND ANALYSIS,FERA SCIENCE LIMITED,1003261866,"£36,000.00",CAPITAL R&D,YO41 1LZ,SUPPLIER,ECM18228,,Expense,GB 618 1841 40
DE,DEFRA,04/03/2025,PPE - POA & AUC (OWNED) - COST - ADDITIONS - BUILDINGS,SCAH CAPITAL PROGRAMME,WILLMOTT DIXON CONSTRUCTION LTD,1003261873,"£357,527.86","PROPERTY, PLANT AND EQUIPMENT (PCIP CAPEX)",KT13 0NY,SUPPLIER,C26168,DEFCOOD89032,Asset,GB197737796
DE,DEFRA,04/03/2025,EXP - PURCHASE OF GOODS/SERVICES - ICT OUTSOURCING & MAINT/SUPPORT,IT SERVICE OPERATIONS,CSC COMPUTER SCIENCES LTD,1003261878,"£53,796.97",IT SERVICES/SOFTWARE/HARDWARE,GU11 1PZ,SUPPLIER,ecm_52093,DEFCOOD300141,Expense,584686581
DE,DEFRA,04/03/2025,EXP - PURCHASE OF GOODS/SERVICES - ACCOMM &BLDNG MNGMT - FM PROJECTS NON CAPITAL,SCIENCE FACILITIES - OPERATIONS  (WEYBRIDGE),ISS MEDICLEAN LTD,1003261880,"£37,018.89",ESTATE MANAGEMENT,KT13 0SL,CIS SUPPLIER,17577,,Expense,
DE,DEFRA,04/03/2025,PPE - POA & AUC (OWNED) - COST - ADDITIONS,NORTHERN IRELAND INFRASTRUCTURE,CONNOLLY & FEE LTD,1003261884,"£378,963.16","PROPERTY, PLANT AND EQUIPMENT (PCIP CAPEX)",BT71 6EY,CIS SUPPLIER,22910,,Asset,
DE,DEFRA,04/03/2025,EXP - PURCHASE OF GOODS/SERVICES - TRAINING & DEVELOPMENT,HR EXPERT SERVICES,CSL KPMG LLP,1003261886,"£30,457.64",TRAINING,E14 5GL,SUPPLIER,C13076,,Expense,GB791788859
DE,DEFRA,04/03/2025,EXP - PURCHASE OF GOODS/SERVICES - ICT OUTSOURCING & MAINT/SUPPORT,DDTS - TRADE,CAPGEMINI UK PLC,1003261899,"£834,818.92",IT SERVICES/SOFTWARE/HARDWARE,GU21 6DB,THIRD PARTY,C24009,DEFCOOD300873,Expense,GB232441107
DE,DEFRA,04/03/2025,EXP - PURCHASE OF GOODS/SERV -ICT OUTSOURC & MAINT/SUPP -NETWORK SERV INC ASSETS,IT SERVICE OPERATIONS,VODAFONE  LAND,1003261900,"£64,469.53",IT SERVICES/SOFTWARE/HARDWARE,M22 5RR,Company,C15514,DEFCOOD300140,Expense,569 9532 77
DE,DEFRA,04/03/2025,EXP - PURCHASE OF GOODS/SERVICES - RESEARCH & DEVELOPMENT - OTHER OUTSOURCED,MARINE AND FISHERIES EVIDENCE,HOWELL MARINE CONSULTING LTD,1003261922,"£35,889.12",CAPITAL R&D,NE65 0JW,3RD SECTOR SUPPLIER,25451,,Expense,239089380
DE,DEFRA,04/03/2025,EXP - PURCHASE OF GOODS/SERVICES - ICT OUTSOURCING & MAINT/SUPPORT,GROUP INFRASTRUCTURE & OPERATIONS,COGNIZANT WORLDWIDE LTD,1003261926,"£161,582.78",IT SERVICES/SOFTWARE/HARDWARE,W2 6BD,SUPPLIER,C15462,DEFCOOD300823,Expense,GB 123382928
DE,DEFRA,04/03/2025,EXP - PURCHASE OF GOODS/SERVICES - RESEARCH & DEVELOPMENT - OTHER OUTSOURCED,FOOD CHAIN ANALYSIS & FARMING STATISTICS,ECORYS UK LTD,1003261930,"£28,767.00",CAPITAL R&D,B1 2RA,SUPPLIER,C22932,,Expense,GB 558942395
DE,DEFRA,04/03/2025,EXP - PURCHASE OF GOODS/SERVICES - OTHER - EVIDENCE NON R&D,AIR QUALITY & INDUSTRIAL EMISSIONS,BUREAU VERITAS UK LTD,1003261953,"£55,011.54",EVIDENCE NON R&D,SE1 OES,SUPPLIER,ATAMIS C13228,,Expense,725440254
DE,DEFRA,04/03/2025,PPE - POA & AUC (OWNED) - COST - ADDITIONS,PROPERTY PORTFOLIO DELIVERY (CAPITAL),MITIE TECHNICAL FACILITIES MANAGEMENT LTD,1003261967,"£99,310.58","PROPERTY, PLANT AND EQUIPMENT (PCIP CAPEX)",SE1 9SG,SUPPLIER,15324,DEFCOOD21SUS0001,Asset,416706654
DE,DEFRA,04/03/2025,EXP - PURCHASE OF GOODS/SERVICES - RESEARCH & DEVELOPMENT - OTHER OUTSOURCED,ENVIRONMENT SCIENCE AND ANALYSIS,ICF CONSULTING SERVICES LTD,1003261970,"£62,475.00",CAPITAL R&D,EC4R 1BE,SUPPLIER,C22928,,Expense,927 4872 86
DE,DEFRA,05/03/2025,EXP - PURCHASE OF GOODS/SERVICES - RESEARCH & DEVELOPMENT - OTHER OUTSOURCED,FUTURE FUNDING FOR UK SEAFOOD FUND,RISK & POLICY ANALYSTS LTD,1003261973,"£34,471.20",CAPITAL R&D,NR3 1AB,SUPPLIER,ecm_66310,,Expense,GB394468309
DE,DEFRA,05/03/2025,EXP - PURCHASE OF GOODS/SERVICES - ICT OUTSOURCING & MAINT/SUPPORT,LEGACY APPS PROGRAMME (LAP),SOPRA STERIA LTD,1003261995,"£158,374.80",IT SERVICES/SOFTWARE/HARDWARE,M14 0WN,SUPPLIER,C27466,DEFCOOD300876,Expense,GB207950855
DE,DEFRA,05/03/2025,EXP - CAPITAL GRANTS TO LOCAL GOVERNMENT,FLOOD RISK MANAGEMENT,NOTTINGHAMSHIRE COUNTY COUNCIL,1003261996,"£101,609.70",CAPITAL GRANTS,NG2 6BJ,SUPPLIER,GIA,,Expense,GB118180094NEG
DE,DEFRA,05/03/2025,EXP - CAPITAL GRANTS TO LOCAL GOVERNMENT,FLOOD RISK MANAGEMENT,LEICESTERSHIRE COUNTY COUNCIL,1003261997,"£46,347.39",CAPITAL GRANTS,LE3 8RB,SUPPLIER,GIA,,Expense,115337102
DE,DEFRA,05/03/2025,EXP - CURRENT GRANTS TO PRIVATE SECTOR - NON PROFIT INSTITUTIONS SERVING H'HOLD,F&W COMMERCIAL POLICY,LOCAL PARTNERSHIPS LLP,1003262000,"£67,725.00",OTHER CURRENT GRANTS,SW1P 3HZ,SUPPLIER,C24063,,Expense,143774695
DE,DEFRA,05/03/2025,EXP - PURCHASE OF GOODS/SERVICES - END USER SOFTWARE AND HARDWARE,SOLUTION ARCHITECTURE,COFORGE UK LTD,1003262009,"£232,471.08",IT SERVICES/SOFTWARE/HARDWARE,EC2M 4RB,SUPPLIER,C22459,,Expense,GB584395693
DE,DEFRA,05/03/2025,EXP - PURCHASE OF GOODS/SERVICES - ICT OUTSOURCING & MAINT/SUPPORT,IT SERVICE OPERATIONS,CSC COMPUTER SCIENCES LTD,1003262019,"£360,101.86",IT SERVICES/SOFTWARE/HARDWARE,GU11 1PZ,SUPPLIER,ecm_52093,DEFCOOD300141,Expense,584686581
DE,DEFRA,05/03/2025,EXP - PURCHASE OF GOODS/SERVICES - OTHER - INTERNATIONAL SUBSCRIPTIONS,EXTERNAL FISHERIES NEGOTIATION & TRADE,NORTH EAST ATLANTIC FISHERIES COMMISSION,1003262055,"£275,770.00",INTERNATIONAL SUBSCRIPTIONS,W1U 7AL,SUPPLIER,SUBS,,Expense,
DE,DEFRA,05/03/2025,EXP - PURCHASE OF GOODS/SERVICES - OTHER PROFESSIONAL SERVICES,LEGACY APPS PROGRAMME (LAP),UBDS IT CONSULTING LTD,1003262076,"£48,954.00",OFFICE SERVICES,W2 1BE,SUPPLIER,C21695,DEFCOOD300876,Expense,GB417155704
DE,DEFRA,05/03/2025,EXP - PURCHASE OF GOODS/SERVICES - END USER SOFTWARE AND HARDWARE,GIODP,PACE-XL,1003262085,"£68,968.80",IT SERVICES/SOFTWARE/HARDWARE,N1 7GU,THIRD PARTY,c26127,DEFCOOD3P6227,Expense,GB7015920554
DE,DEFRA,06/03/2025,EXP - PURCHASE OF GOODS/SERVICES - OFFICE RELATED - PRINTING,KNOWLEDGE AND INFORMATION MANAGEMENT,PRENAX LIMITED,1003262104,"£153,986.09",STATIONERY & PRINTING,BA20 2HL,SUPPLIER,SUBS,,Expense,
DE,DEFRA,06/03/2025,EXP - PURCHASE OF GOODS/SERVICES - ICT OUTSOURCING & MAINT/SUPPORT,GROUP INFRASTRUCTURE & OPERATIONS,CORE TECHNOLOGY SYSTEMS (UK) LTD,1003262106,"£59,471.33",IT SERVICES/SOFTWARE/HARDWARE,E1 8DE,SUPPLIER(1),ecm_60879,DEFCOOD300342,Expense,787421792
DE,DEFRA,06/03/2025,EXP - PURCHASE OF GOODS/SERVICES - OTHER PROFESSIONAL SERVICES,SPS BORDERS AND BOUNDARIES,SHARED SERVICES CONNECTED LTD,1003262107,"£27,394.31",OFFICE SERVICES,HP2 7AH,SUPPLIER,ecm_4524,,Expense,171798078
DE,DEFRA,06/03/2025,EXP - PURCHASE OF GOODS/SERVICES - ICT OUTSOURCING & MAINT/SUPPORT,IT SERVICE OPERATIONS,CSC COMPUTER SCIENCES LTD,1003262117,"£126,124.09",IT SERVICES/SOFTWARE/HARDWARE,GU11 1PZ,SUPPLIER,ecm_52093,DEFCOOD300141,Expense,584686581
DE,DEFRA,06/03/2025,EXP - PURCHASE OF GOODS/SERVICES - RESEARCH & DEVELOPMENT - OTHER OUTSOURCED,FORESTRY,EFECA,1003262132,"£47,400.00",CAPITAL R&D,BH8 8EZ,SUPPLIER,C26312,,Expense,GB974368181
DE,DEFRA,06/03/2025,EXP - PURCHASE OF GOODS/SERVICES - END USER SOFTWARE AND HARDWARE,IT SERVICE OPERATIONS,CAPGEMINI UK PLC,1003262149,"£56,879.48",IT SERVICES/SOFTWARE/HARDWARE,GU21 6DB,THIRD PARTY,C15566,DEFCOOD300139,Expense,GB232441107
DE,DEFRA,06/03/2025,EXP - PURCHASE OF GOODS/SERVICES - ICT OUTSOURCING & MAINT/SUPPORT,DDTS CHIEF OPERATING OFFICE,FINYX CONSULTING LTD,1003262150,"£47,862.00",IT SERVICES/SOFTWARE/HARDWARE,YO10 5DG,SUPPLIER,C23929,,Expense,133352933
DE,DEFRA,06/03/2025,EXP - PURCHASE OF GOODS/SERVICES - RESEARCH & DEVELOPMENT - OTHER OUTSOURCED,"INTERNATIONAL SCIENCE, EVIDENCE AND ANALYSIS",ICF CONSULTING SERVICES LTD,1003262153,"£72,632.44",CAPITAL R&D,EC2R 8HP,SUPPLIER,C22928,,Expense,927 4872 86
DE,DEFRA,06/03/2025,EXP - PURCHASE OF GOODS/SERVICES - OTHER FACILITIES COSTS - MEETING ROOM HIRE,PORTFOLIO OFFICE - PORTFOLIO MANAGEMENT OFFICE,CALDERS CONFERENCE LTD,1003262200,"£60,151.20",OFFICE SERVICES,LS16 6RF,SUPPLIER,24091,,Expense,
DE,DEFRA,06/03/2025,EXP - PURCHASE OF GOODS/SERVICES - ICT OUTSOURCING & MAINT/SUPPORT,GROUP INFRASTRUCTURE & OPERATIONS,INSIGHT DIRECT UK LTD,1003262208,"£123,386.82",IT SERVICES/SOFTWARE/HARDWARE,S9 2BU,SUPPLIER,ecm_66992,DEFCOOD300696,Expense,
DE,DEFRA,06/03/2025,EXP - PURCHASE OF GOODS/SERVICES - OTHER - EVIDENCE NON R&D,NET ZERO AND F-GASES,UNIVERSITY OF MANCHESTER,1003262212,"£56,857.64",EVIDENCE NON R&D,M13 9PL,SUPPLIER,"""IGS""",,Expense,849 7389 56
DE,DEFRA,06/03/2025,EXP - PURCHASE OF GOODS/SERVICES - RESEARCH & DEVELOPMENT - OTHER OUTSOURCED,ANIMAL DISEASE CONTROL,THE PIRBRIGHT INSTITUTE,1003262222,"£265,017.12",CAPITAL R&D,GU24 0NF,SUPPLIER,C14787,,Expense,
DE,DEFRA,06/03/2025,Exp - Purchase Of Goods/Services - Consultancy,WASTE AND RECYCLING,LOCAL PARTNERSHIPS LLP,1003262223,"£35,940.46",CONSULTANCY,SW1P 3HZ,SUPPLIER,C24062,,Expense,143774695
DE,DEFRA,07/03/2025,EXP - PURCHASE OF GOODS/SERVICES - RESEARCH & DEVELOPMENT - OTHER OUTSOURCED,ENVIRONMENT SCIENCE AND ANALYSIS,ICF CONSULTING SERVICES LTD,1003262256,"£48,000.00",CAPITAL R&D,EC4R 1BE,SUPPLIER,C22928,,Expense,927 4872 86
DE,DEFRA,07/03/2025,EXP - PURCHASE OF GOODS/SERVICES - END USER SOFTWARE AND HARDWARE,IT SERVICE OPERATIONS,KYNDRYL UK LIMITED,1003262257,"£217,876.20",IT SERVICES/SOFTWARE/HARDWARE,EC2M 2AT,SUPPLIER,C15660,DEFCOOD300893,Expense,GB380621802
DE,DEFRA,07/03/2025,PPE - POA & AUC (OWNED) - COST - ADDITIONS,BIM AND ASSET MANAGEMENT AND INNOVATIONS PROGRAMME,ASITE SOLUTIONS LTD,1003262263,"£27,000.00","PROPERTY, PLANT AND EQUIPMENT (PCIP CAPEX)",W1J 5JA,SUPPLIER,C17351,DEFCOOD89061,Asset,GB882000944
DE,DEFRA,07/03/2025,EXP - PURCHASE OF GOODS/SERVICES - END USER SOFTWARE AND HARDWARE,GROUP INFRASTRUCTURE & OPERATIONS,CROWN HOSTING DATA CENTRES LTD,1003262277,"£39,987.37",IT SERVICES/SOFTWARE/HARDWARE,SN13 9GB,SUPPLIER,C22898,DEFCOOD300576,Expense,207 0003 75
DE,DEFRA,07/03/2025,EXP - CURRENT GRANTS TO LOCAL GOVERNMENT,LANDSCAPES,MIDDLE LEVEL COMMISSIONERS,1003262279,"£94,116.53",OTHER CURRENT GRANTS,PE15 0AH,SUPPLIER,C22438,,Expense,106946169
DE,DEFRA,07/03/2025,EXP - CAPITAL GRANTS TO LOCAL GOVERNMENT,LANDSCAPES,WOODWALTON DRAINAGE COMMS,1003262280,"£115,915.00",CAPITAL GRANTS,PE12 6QB,LOCAL AUTHORITIES,C22452,,Expense,
DE,DEFRA,07/03/2025,IA - POA & AUC - COST - ADDITIONS,NORTHERN IRELAND DELIVERY AND SERVICE DESIGN,CAPGEMINI UK PLC,1003262286,"£275,109.68",INTANGIBLE ASSETS (ICIP CAPEX),GU21 6DB,THIRD PARTY,C24008,DEFFFAP800001,Asset,GB232441107
DE,DEFRA,07/03/2025,EXP - PURCHASE OF GOODS/SERVICES - ICT OUTSOURCING & MAINT/SUPPORT,PARTNER RECHARGE: APHA,EQUAL EXPERTS UK LTD,1003262287,"£65,790.00",IT SERVICES/SOFTWARE/HARDWARE,AL1 3RD,SUPPLIER,C24064,DEFCOOD301131,Expense,905280834
DE,DEFRA,07/03/2025,EXP - PURCHASE OF GOODS/SERVICES - RESEARCH & DEVELOPMENT - OTHER OUTSOURCED,MARINE AND FISHERIES EVIDENCE,ICF CONSULTING SERVICES LTD,1003262295,"£124,889.52",CAPITAL R&D,EC2R 8HP,SUPPLIER,22928,,Expense,927 4872 86
DE,DEFRA,07/03/2025,PPE - POA & AUC (OWNED) - COST - ADDITIONS,SCIENCE FACILITIES - PROJECTS (WEYBRIDGE),CURRIE & BROWN UK LTD,1003262307,"£60,165.79","PROPERTY, PLANT AND EQUIPMENT (PCIP CAPEX)",MK9 2PQ,SUPPLIER,C20766,DEFCOOD2S0008700,Asset,737 6550 10
DE,DEFRA,07/03/2025,Exp - Purchase Of Goods/Services - Consultancy,DDTS CHIEF OPERATING OFFICE,METHODS BUSINESS AND DIGITAL TECHNOLOGY LTD,1003262320,"£31,620.00",CONSULTANCY,EC1N 8TS,SUPPLIER,C5492,,Expense,GB859140314
DE,DEFRA,07/03/2025,EXP - PURCHASE OF GOODS/SERVICES - HOSTING,GROUP INFRASTRUCTURE & OPERATIONS,AMAZON WEB SERVICES EMEA SARL,1003262322,"£585,404.76",IT SERVICES/SOFTWARE/HARDWARE,EC2A 2FA,SUPPLIER,C5717,DEFCOOD300144,Expense,LU 26888617
DE,DEFRA,07/03/2025,Exp - Purchase Of Goods/Services - Consultancy,F&W EVIDENCE,AECOM LTD,1003262344,"£40,775.99",CONSULTANCY,AL1 9WQ,SUPPLIER,C27530,,Expense,611853162
DE,DEFRA,07/03/2025,Exp - Purchase Of Goods/Services - Consultancy,DG SUSTAINABILITY,ACTION SUSTAINABILITY TRADING LTD,1003262350,"£32,376.00",CONSULTANCY,EC1V 1NY,SUPPLIER,SUBS,,Expense,250338135
DE,DEFRA,07/03/2025,EXP - PURCHASE OF GOODS/SERVICES - OTHER - EVIDENCE NON R&D,FOOD CHAIN ANALYSIS & FARMING STATISTICS,KYNETEC LTD,1003262392,"£165,373.72",EVIDENCE NON R&D,RG20 8JE,SUPPLIER(1),66372,,Expense,786670869
DE,DEFRA,10/03/2025,EXP - PURCHASE OF GOODS/SERVICES - OTHER - EVIDENCE NON R&D,MARINE AND FISHERIES EVIDENCE,MARINE BIOLOGICAL ASSOCIATION,1003262437,"£56,324.48",EVIDENCE NON R&D,PL1 2PB,Public Body,C16023,,Expense,143463479
DE,DEFRA,10/03/2025,EXP - PURCHASE OF GOODS/SERVICES - RESEARCH & DEVELOPMENT - OTHER OUTSOURCED,FFCP EVIDENCE & ANALYSIS,ECORYS UK LTD,1003262438,"£52,839.60",CAPITAL R&D,B1 2RA,SUPPLIER,ecm_66373,,Expense,GB 558942395
DE,DEFRA,10/03/2025,EXP - PURCHASE OF GOODS/SERVICES - ICT OUTSOURCING & MAINT/SUPPORT,IT SERVICE OPERATIONS,XEROX U K LTD,1003262448,"£105,384.10",IT SERVICES/SOFTWARE/HARDWARE,UB8 1HS,SUPPLIER,ecm_50773,DEFCOOD300580,Expense,
DE,DEFRA,10/03/2025,PPE - POA & AUC (OWNED) - COST - ADDITIONS,PROPERTY PORTFOLIO DELIVERY (CAPITAL),SENATOR INTERNATIONAL LTD,1003262450,"£81,762.00","PROPERTY, PLANT AND EQUIPMENT (PCIP CAPEX)",BB55YE,SUPPLIER,56268,DEFCOOD24MPW003E,Asset,
DE,DEFRA,10/03/2025,EXP - PURCHASE OF GOODS/SERVICES - ICT OUTSOURCING & MAINT/SUPPORT,GIODP,UBDS IT CONSULTING LTD,1003262469,"£62,088.00",IT SERVICES/SOFTWARE/HARDWARE,W2 1BE,SUPPLIER,C21695,DEFCOOD3P6213,Expense,GB417155704
DE,DEFRA,10/03/2025,EXP - PURCHASE OF GOODS/SERVICES - RESEARCH & DEVELOPMENT - OTHER OUTSOURCED,SCIENCE PROJECTS - MASTERPLAN / SCAH,THE NICHOLS GROUP LIMITED,1003262470,"£100,845.36",CAPITAL R&D,W1C 1AY,SUPPLIER,C25172,DEFCOOD89050,Expense,GB649224034
DE,DEFRA,10/03/2025,PPE - POA & AUC (OWNED) - COST - ADDITIONS - BUILDINGS,FUTURE FARMING AND COUNTRYSIDE INITIATIVE,ABACO UK LTD,1003262472,"£115,648.36","PROPERTY, PLANT AND EQUIPMENT (PCIP CAPEX)",EC4N1TX,SUPPLIER,C16424,DEFCOOD300217,Asset,
DE,DEFRA,10/03/2025,EXP - PURCHASE OF GOODS/SERVICES - OTHER - EVIDENCE R&D,FUTURE FUNDING FOR UK SEAFOOD FUND,SEA FISH INDUSTRY AUTHORITY,1003262476,"£30,910.97",PROGRAMME EXPENDITURE EVIDENCE R&D,EH7 4HS,NDPB,IGS,,Expense,GB356040083
DE,DEFRA,10/03/2025,EXP - PURCHASE OF GOODS/SERVICES - RESEARCH & DEVELOPMENT - OTHER OUTSOURCED,SCIENCE PROJECTS - MASTERPLAN / SCAH,MACE LTD,1003262482,"£775,727.64",CAPITAL R&D,EC2M 6XB,CIS SUPPLIER,C22275,DEFCOOD89050,Expense,778468756
DE,DEFRA,10/03/2025,EXP - CURRENT GRANTS TO LOCAL GOVERNMENT,LAND USE AND PLANNING,WESTMORLAND AND FURNESS COUNCIL,1003262488,"£38,935.00",OTHER CURRENT GRANTS,LA9 4DQ,LOCAL AUTHORITIES,GIA,,Expense,GB434548878
DE,DEFRA,10/03/2025,PPE - POA & AUC (OWNED) - COST - ADDITIONS,SCIENCE FACILITIES - PROJECTS (WEYBRIDGE),LEXICA HEALTH & LIFE SCIENCES CONSULTANCY LTD LEXICA,1003262517,"£133,979.76","PROPERTY, PLANT AND EQUIPMENT (PCIP CAPEX)",SE1 2ND,SUPPLIER,C20261,DEFCOOD2S0008700,Asset,167765952
DE,DEFRA,10/03/2025,EXP - PURCHASE OF GOODS/SERVICES - ICT OUTSOURCING & MAINT/SUPPORT,IT SERVICE OPERATIONS,CSC COMPUTER SCIENCES LTD,1003262531,"£125,260.78",IT SERVICES/SOFTWARE/HARDWARE,GU11 1PZ,SUPPLIER,ecm_52093,DEFCOOD301019,Expense,584686581
DE,DEFRA,10/03/2025,IA - POA & AUC - COST - ADDITIONS,DDTS - TRADE,EQUAL EXPERTS UK LTD,1003262550,"£154,259.40",INTANGIBLE ASSETS (ICIP CAPEX),AL1 3RD,SUPPLIER,C24064,DEFCOOD300787,Asset,905280834
DE,DEFRA,10/03/2025,EXP - PURCHASE OF GOODS/SERVICES - END USER SOFTWARE AND HARDWARE,GIODP,FINYX CONSULTING LTD,1003262558,"£164,787.00",IT SERVICES/SOFTWARE/HARDWARE,YO10 5DG,SUPPLIER,C27685,DEFCOOD3P6392,Expense,133352933
DE,DEFRA,10/03/2025,Exp - Purchase Of Goods/Services - Consultancy,COMMERCIAL TRANSFORMATION,STEPHEN MATTHEWS & ASSOCIATES LTD,1003262566,"£26,400.00",CONSULTANCY,CW1 6EA,SUPPLIER,FWK RM1557.14,,Expense,742 0928 40
DE,DEFRA,10/03/2025,EXP - PURCHASE OF GOODS/SERVICES - OTHER - PROGRAMME EXPENDITURE,EPR SCHEME ADMINISTRATOR,DLA PIPER UK LLP,1003262578,"£60,154.98",OTHER CURRENT PAYMENTS,EC2V 7EE,SUPPLIER,C25076,,Expense,GB 823 809 815
DE,DEFRA,11/03/2025,EXP - PURCHASE OF GOODS/SERVICES - END USER SOFTWARE AND HARDWARE,"SYSTEMS, POLICY, PROCESS AND DATA",POSITIVE PURCHASING LTD,1003262607,"£26,479.57",IT SERVICES/SOFTWARE/HARDWARE,PL6 8LT,SUPPLIER,C17132,,Expense,
DE,DEFRA,11/03/2025,Exp - Purchase Of Goods/Services - Consultancy,ENABLING PROGRAMMES,METHODS BUSINESS & DIGITAL TECHNOLOGY LTD,1003262616,"£62,534.22",CONSULTANCY,EC1N 8TS,SUPPLIER,C27705,,Expense,GB859 1403 14
DE,DEFRA,11/03/2025,EXP - PURCHASE OF GOODS/SERVICES - ICT OUTSOURCING & MAINT/SUPPORT,GIODP,UBDS IT CONSULTING LTD,1003262621,"£88,044.00",IT SERVICES/SOFTWARE/HARDWARE,W2 1BE,SUPPLIER,C21695,DEFCOOD3P6392,Expense,GB417155704
DE,DEFRA,11/03/2025,PPE - POA & AUC (OWNED) - COST - ADDITIONS - BUILDINGS,SCAH CAPITAL PROGRAMME,BAKER HICKS LIMITED,1003262622,"£129,600.00","PROPERTY, PLANT AND EQUIPMENT (PCIP CAPEX)",CV34 6YL,SUPPLIER,C26733,DEFCOOD89055,Asset,
DE,DEFRA,11/03/2025,EXP - PURCHASE OF GOODS/SERVICES - END USER SOFTWARE AND HARDWARE,DATA ACCESS,CRANFIELD UNIVERSITY,1003262627,"£242,856.60",IT SERVICES/SOFTWARE/HARDWARE,MK43 0AL,SUPPLIER,C21208,DEFCOOD300645,Expense,491358622
DE,DEFRA,11/03/2025,EXP - PURCHASE OF GOODS/SERVICES - END USER SOFTWARE AND HARDWARE,GROUP INFRASTRUCTURE & OPERATIONS,COMPUTACENTER (UK) LTD,1003262628,"£347,948.07",IT SERVICES/SOFTWARE/HARDWARE,AL10 9TW,SUPPLIER,C21835,DEFCOOD300413,Expense,490334648
DE,DEFRA,11/03/2025,EXP - CURRENT GRANTS TO LOCAL GOVERNMENT,LANDSCAPES,PEAK DISTRICT NATIONAL PARK AUTH,1003262629,"£1,668,240.00",OTHER CURRENT GRANTS,DE45 1AE,LOCAL AUTHORITIES,C22026,,Expense,313 1215 64
DE,DEFRA,11/03/2025,EXP - PURCHASE OF GOODS/SERVICES - OTHER - EVIDENCE NON R&D,NET ZERO AND F-GASES,UNIVERSITY OF READING,1003262636,"£29,400.40",EVIDENCE NON R&D,RG6 6AH,SUPPLIER,ECM63766,,Expense,GB200012659
DE,DEFRA,11/03/2025,EXP - CURRENT GRANTS TO PRIVATE SECTOR - NON PROFIT INSTITUTIONS SERVING H'HOLD,LANDSCAPES,THE NATIONAL ASSOCIATION FOR AONBS,1003262638,"£219,956.50",OTHER CURRENT GRANTS,GL7 4AD,SUPPLIER(1),C16348,,Expense,
DE,DEFRA,11/03/2025,EXP - PURCHASE OF GOODS/SERVICES - END USER SOFTWARE AND HARDWARE,GROUP INFRASTRUCTURE & OPERATIONS,EVIDEN,1003262640,"£258,331.20",IT SERVICES/SOFTWARE/HARDWARE,WV10 6UH,SUPPLIER,C24639 CCN002,DEFCOOD300413,Expense,GB232327983
DE,DEFRA,11/03/2025,EXP - PURCHASE OF GOODS/SERVICES - ICT OUTSOURCING & MAINT/SUPPORT,PARTNER RECHARGE: APHA,E SYNERGY SOLUTIONS LTD,1003262645,"£507,803.72",IT SERVICES/SOFTWARE/HARDWARE,EC3M 3JY,SUPPLIER,C15452,DEFCOOD301061,Expense,
DE,DEFRA,11/03/2025,EXP - CAPITAL GRANTS TO LOCAL GOVERNMENT,FORESTRY,CHESHIRE WEST CHESTER COUNCIL,1003262646,"£10,272,000.00",CAPITAL GRANTS,CH1 2NP,LOCAL AUTHORITIES,GIA,,Expense,945 1011 54
DE,DEFRA,11/03/2025,EXP - CURRENT GRANTS TO LOCAL GOVERNMENT,LAND USE AND PLANNING,DERBY CITY COUNCIL,1003262648,"£26,807.00",OTHER CURRENT GRANTS,DE1 2FS,LOCAL AUTHORITIES,GIA,,Expense,127221991
DE,DEFRA,11/03/2025,EXP - PURCHASE OF GOODS/SERVICES - HOTELS & ACCOMMODATION - FOREIGN ACCOMODATION,REDFERN EXPENSES CLEARANCE,CORPORATE TRAVEL MANAGEMENT NORTH LTD,1003262654,"£663,194.07",TRAVEL & SUBSISTENCE,BD1 5HQ,SUPPLIER,C23243,,Expense,GB 708374122
DE,DEFRA,11/03/2025,EXP - PURCHASE OF GOODS/SERVICES - OTHER PROFESSIONAL SERVICES,SHARED SERVICES CONTRACT MANAGEMENT,SHARED SERVICES CONNECTED LTD,1003262663,"£193,138.82",OFFICE SERVICES,HP2 7AH,SUPPLIER,ecm_4524,,Expense,171798078
DE,DEFRA,11/03/2025,EXP - PURCHASE OF GOODS/SERVICES - RESEARCH & DEVELOPMENT - OTHER OUTSOURCED,EU EXIT PESTICIDES,RSK ADAS LTD,1003262678,"£37,010.10",CAPITAL R&D,WA6 0AR,SUPPLIER,C26833,,Expense,256435886
DE,DEFRA,11/03/2025,EXP - PURCHASE OF GOODS/SERVICES - END USER SOFTWARE AND HARDWARE,PARTNER RECHARGE: APHA,1SPATIAL GROUP LTD,1003262680,"£113,755.20",IT SERVICES/SOFTWARE/HARDWARE,CB4 0WZ,SUPPLIER,C24608,DEFCOOD3P6377,Expense,GB100177077
DE,DEFRA,11/03/2025,EXP - PURCHASE OF GOODS/SERVICES - END USER SOFTWARE AND HARDWARE,LEGACY APPS PROGRAMME (LAP),CAPGEMINI UK PLC,1003262683,"£609,857.17",IT SERVICES/SOFTWARE/HARDWARE,GU21 6DB,THIRD PARTY,C5482,DEFCOOD3P6170,Expense,GB232441107
DE,DEFRA,11/03/2025,PPE - POA & AUC (OWNED) - COST - ADDITIONS,SCIENCE FACILITIES - PROJECTS (WEYBRIDGE),FACULTATIEVE TECHNOLOGIES LTD,1003262694,"£252,000.00","PROPERTY, PLANT AND EQUIPMENT (PCIP CAPEX)",LS10 2DD,SUPPLIER,C12829,DEFCOOD2S0008996,Asset,GB169285327
DE,DEFRA,11/03/2025,PPE - POA & AUC (OWNED) - COST - ADDITIONS,FUTURE FARMING AND COUNTRYSIDE INITIATIVE,HITACHI SOLUTIONS EUROPE LTD,1003262697,"£63,789.91","PROPERTY, PLANT AND EQUIPMENT (PCIP CAPEX)",EC2N 1HQ,SUPPLIER,C17500,DEFCOOD3P6459,Asset,GB830529539
DE,DEFRA,11/03/2025,EXP - PURCHASE OF GOODS/SERVICES - RESEARCH & DEVELOPMENT - OTHER OUTSOURCED,FORESTRY,LIVERPOOL JOHN MOORES UNIVERSITY,1003262698,"£120,376.80",CAPITAL R&D,L2 2QP,SUPPLIER,C20362,,Expense,GB945680393
DE,DEFRA,11/03/2025,EXP - CURRENT GRANTS TO LOCAL GOVERNMENT,LAND USE AND PLANNING,WARWICK DISTRICT COUNCIL,1003262699,"£26,807.00",OTHER CURRENT GRANTS,CV32 4AT,LOCAL AUTHORITIES,GIA,,Expense,273428941
DE,DEFRA,12/03/2025,EXP - PURCHASE OF GOODS/SERVICES - TELECOMS,GROUP INFRASTRUCTURE & OPERATIONS,BRITISH TELECOMMUNICATIONS PLC.,1003262704,"£42,496.38",OFFICE SERVICES,DH95 1BT,SUPPLIER,TELECOMS,DEFCOOD300181,Expense,245 7193 48
DE,DEFRA,12/03/2025,EXP - CURRENT GRANTS TO LOCAL GOVERNMENT,LANDSCAPES,DEVON COUNTY COUNCIL,1003262706,"£106,760.14",OTHER CURRENT GRANTS,EX2 4QD,SUPPLIER,C21975,,Expense,142208113
DE,DEFRA,12/03/2025,EXP - CAPITAL GRANTS TO LOCAL GOVERNMENT,LANDSCAPES,HEREFORDSHIRE COUNCIL,1003262707,"£90,596.00",CAPITAL GRANTS,HR1 2XW,LOCAL AUTHORITIES,C22018,,Expense,701 2040 13
DE,DEFRA,12/03/2025,EXP - CURRENT GRANTS TO PRIVATE SECTOR - NON PROFIT INSTITUTIONS SERVING H'HOLD,LANDSCAPES,THE NATIONAL ASSOCIATION FOR AONBS,1003262711,"£197,500.00",OTHER CURRENT GRANTS,SY2 6LG,SUPPLIER(1),C21197,,Expense,
DE,DEFRA,12/03/2025,EXP - PURCHASE OF GOODS/SERVICES - OTHER PROFESSIONAL SERVICES,LEGACY APPS PROGRAMME (LAP),UBDS IT CONSULTING LTD,1003262719,"£48,954.00",OFFICE SERVICES,TN4 8BS,SUPPLIER,C21695,DEFCOOD300876,Expense,GB417155704
DE,DEFRA,12/03/2025,EXP - CURRENT GRANTS TO LOCAL GOVERNMENT,LANDSCAPES,LANCASTER CITY COUNCIL,1003262720,"£102,949.50",OTHER CURRENT GRANTS,LA1 1PJ,SUPPLIER,C21996,,Expense,155 7279 39
DE,DEFRA,12/03/2025,EXP - CURRENT GRANTS TO LOCAL GOVERNMENT,LAND USE AND PLANNING,TENDRING DISTRICT COUNCIL,1003262723,"£26,685.00",OTHER CURRENT GRANTS,CO15 1SE,LOCAL AUTHORITIES,GIA,,Expense,104169792
DE,DEFRA,12/03/2025,EXP - CURRENT GRANTS TO LOCAL GOVERNMENT,LAND USE AND PLANNING,DURHAM COUNTY COUNCIL (NORTH PENNINES NATIONAL LANDSCAPE),1003262751,"£43,467.00",OTHER CURRENT GRANTS,DH1 5UE,THIRD PARTY,GIA,,Expense,GB178 178130
DE,DEFRA,12/03/2025,Exp - Purchase Of Goods/Services - Consultancy,IT - ARCHITECTURE & STANDARDS,ALEXANDER MANN SOLUTIONS LIMITED (AMS),1003262756,"£137,752.80",CONSULTANCY,EC2M 5TQ,SUPPLIER,C13025,DEFCOOD301091,Expense,GB 744 4926
DE,DEFRA,12/03/2025,EXP - CURRENT GRANTS TO LOCAL GOVERNMENT,LAND USE AND PLANNING,GATESHEAD COUNCIL,1003262759,"£26,807.00",OTHER CURRENT GRANTS,NE8 1HH,THIRD PARTY,GIA,,Expense,178 1889 10
DE,DEFRA,12/03/2025,EXP - PURCHASE OF GOODS/SERVICES - RESEARCH & DEVELOPMENT - OTHER OUTSOURCED,CONSISTENT WASTE COLLECTION,RESOURCE FUTURES LTD,1003262760,"£84,852.30",CAPITAL R&D,BS1 6XN,SUPPLIER,C22818,,Expense,
DE,DEFRA,12/03/2025,EXP - CAPITAL GRANTS TO LOCAL GOVERNMENT,LANDSCAPES,SHROPSHIRE HILLS AONB,1003262767,"£49,882.19",CAPITAL GRANTS,SY2 6ND,CUSTOMER,C22011,,Expense,162347472
DE,DEFRA,12/03/2025,EXP - CURRENT GRANTS TO LOCAL GOVERNMENT,LANDSCAPES,ISLE OF WIGHT AONB,1003262768,"£68,416.00",OTHER CURRENT GRANTS,PO30 2QS,CUSTOMER,C22003,,Expense,
DE,DEFRA,12/03/2025,EXP - PURCHASE OF GOODS/SERVICES - ICT OUTSOURCING & MAINT/SUPPORT,DDTS - CROSS CUTTING TECHNICAL,COGNIZANT WORLDWIDE LTD,1003262790,"£109,705.81",IT SERVICES/SOFTWARE/HARDWARE,W2 6BD,SUPPLIER,C15462,DEFCOOD300794,Expense,GB 123382928
DE,DEFRA,12/03/2025,EXP - PURCHASE OF GOODS/SERVICES - RESEARCH & DEVELOPMENT - OTHER OUTSOURCED,DATA ANALYTICS AND SCIENCE HUB (DASH),ECORYS UK LTD,1003262804,"£89,472.00",CAPITAL R&D,B1 2RA,SUPPLIER,22932,,Expense,GB 558942395
DE,DEFRA,12/03/2025,EXP - PURCHASE OF GOODS/SERVICES - OTHER - PROGRAMME EXPENDITURE,PEPR SCHEME ADMINISTRATOR,PA CONSULTING SERVICES LTD,1003262811,"£29,679.00",OTHER CURRENT PAYMENTS,SG8 6DP,SUPPLIER,C25600,,Expense,238535057
DE,DEFRA,12/03/2025,EXP - PURCHASE OF GOODS/SERVICES - OTHER PROFESSIONAL SERVICES,PAY REWARD AND EMPLOYEE RELATIONS,REWARD GATEWAY UK LTD,1003262823,"£3,000,000.00",OFFICE SERVICES,W1T 7RQ,SUPPLIER,C16578,,Expense,GB100148184
DE,DEFRA,12/03/2025,EXP - CURRENT GRANTS TO LOCAL GOVERNMENT,LAND USE AND PLANNING,WIRRAL COUNCIL,1003262827,"£26,807.00",OTHER CURRENT GRANTS,CH41 6BU,SUPPLIER,GIA,,Expense,GB165565540
DE,DEFRA,12/03/2025,PPE - POA & AUC (OWNED) - COST - ADDITIONS,SCIENCE FACILITIES - PROJECTS (WEYBRIDGE),NORMAN ROURKE PRYME LTD,1003262831,"£46,035.00","PROPERTY, PLANT AND EQUIPMENT (PCIP CAPEX)",SE1 0RF,SUPPLIER,C20998,DEFCOOD2S0008700,Asset,GB132818618
DE,DEFRA,12/03/2025,EXP - PURCHASE OF GOODS/SERVICES - RESEARCH & DEVELOPMENT - OTHER OUTSOURCED,SCIENCE PROJECTS - MASTERPLAN / SCAH,MILLS & REEVE LLP,1003262833,"£33,179.87",CAPITAL R&D,CB2 1PH,SUPPLIER,C22280,DEFCOOD89052,Expense,104 8345 88
DE,DEFRA,12/03/2025,IA - POA & AUC - COST - ADDITIONS,DDTS - FISH,CAPGEMINI UK PLC,1003262837,"£30,481.44",INTANGIBLE ASSETS (ICIP CAPEX),GU21 6DB,THIRD PARTY,C24009,DEFCOOD300791,Asset,GB232441107
DE,DEFRA,12/03/2025,EXP - PURCHASE OF G&S - ICT OUTSOURCING & MAINT/SUPPORT - COMPUTER & IT SERVICES,ANIMAL AND PLANT HEALTH AGENCY INFO & TECH,CIVICA UK LTD,1003262841,"£68,085.90",IT SERVICES/SOFTWARE/HARDWARE,GU227UY,SUPPLIER,C15488,DEFCOOD300329,Expense,GB391171065
DE,DEFRA,12/03/2025,EXP - PURCHASE OF GOODS/SERVICES - TELECOMS,GROUP INFRASTRUCTURE & OPERATIONS,VODAFONE LTD,1003262844,"£125,053.13",OFFICE SERVICES,RG14 9LS,SUPPLIER,C15561,DEFCOOD300426,Expense,GB 569 9532 77
DE,DEFRA,12/03/2025,EXP - PURCHASE OF GOODS/SERVICES - ICT OUTSOURCING & MAINT/SUPPORT,GIODP,CGI IT UK LTD,1003262855,"£67,907.76",IT SERVICES/SOFTWARE/HARDWARE,EC3M 3BY,CIS SUPPLIER,C15575,DEFCOOD3P6369,Expense,GB232615194
DE,DEFRA,12/03/2025,PPE - POA & AUC (OWNED) - COST - ADDITIONS,PROPERTY SCIENCE CRITICAL WORKS (SCAH ENABLING),WALTER LILLY & CO LTD,1003262860,"£209,889.94","PROPERTY, PLANT AND EQUIPMENT (PCIP CAPEX)",CR0 6SR,CIS SUPPLIER,C14916,DEFCOOD2S0008964,Asset,208033404
DE,DEFRA,12/03/2025,EXP - CURRENT GRANTS TO LOCAL GOVERNMENT,LANDSCAPES,EXMOOR NATIONAL PARK AUTHORITY,1003262877,"£80,582.79",OTHER CURRENT GRANTS,TA22 9HL,CUSTOMER,C22020,,Expense,
DE,DEFRA,12/03/2025,EXP - PURCHASE OF GOODS/SERVICES - OTHER - PROGRAMME EXPENDITURE,"FOOD AND FARMING STRATEGY, INNOVATION, SYSTEMS",UNIVERSITY OF READING,1003262878,"£35,495.25",OTHER CURRENT PAYMENTS,RG6 6AH,SUPPLIER,C14441,,Expense,GB200012659
DE,DEFRA,12/03/2025,PPE - POA & AUC (OWNED) - COST - ADDITIONS,PROPERTY SCIENCE CRITICAL WORKS (SCAH ENABLING),ACTIFORM LTD,1003262884,"£62,494.40","PROPERTY, PLANT AND EQUIPMENT (PCIP CAPEX)",WF14 8LX,SUPPLIER,C23731,DEFCOOD2S0008970,Asset,
DE,DEFRA,12/03/2025,IA - POA & AUC - COST - ADDITIONS,DDTS - CROSS CUTTING TECHNICAL,E SYNERGY SOLUTIONS LTD,1003262885,"£494,534.61",INTANGIBLE ASSETS (ICIP CAPEX),EC3M 3JY,SUPPLIER,C15452,DEFCOOD300794,Asset,
DE,DEFRA,12/03/2025,EXP - CURRENT GRANTS TO LOCAL GOVERNMENT,LAND USE AND PLANNING,MILTON KEYNES COUNCIL,1003262889,"£26,807.00",OTHER CURRENT GRANTS,MK9 3HS,SUPPLIER,GIA,,Expense,121 4882 86
DE,DEFRA,12/03/2025,EXP - CAPITAL GRANTS TO LOCAL GOVERNMENT,LANDSCAPES,STAFFORDSHIRE COUNTY COUNCIL,1003262893,"£85,675.00",CAPITAL GRANTS,ST16 2DH,SUPPLIER,C21993,,Expense,280061977
DE,DEFRA,13/03/2025,EXP - PURCHASE OF GOODS/SERV -ICT OUTSOURC & MAINT/SUPP -NETWORK SERV INC ASSETS,IT SERVICE OPERATIONS,VODAFONE  LAND,1003262898,"£179,791.64",IT SERVICES/SOFTWARE/HARDWARE,M22 5RR,Company,C15514,DEFCOOD300341,Expense,569 9532 77
DE,DEFRA,13/03/2025,EXP - CAPITAL GRANTS TO PRIVATE SECTOR - COMPANIES,FUTURE FUNDING FOR UK SEAFOOD FUND,SCOTTISH WHITE FISH ASSOCIATION LTD,1003262906,"£166,316.81",CAPITAL GRANTS,AB43 9TN,SUPPLIER,C20607,,Expense,GB980546790
DE,DEFRA,13/03/2025,EXP - PURCHASE OF GOODS/SERVICES - RESEARCH & DEVELOPMENT - OTHER OUTSOURCED,"INTERNATIONAL SCIENCE, EVIDENCE AND ANALYSIS",EFECA,1003262917,"£29,640.00",CAPITAL R&D,BH8 8EZ,SUPPLIER,C24915,,Expense,GB974368181
DE,DEFRA,13/03/2025,PPE - POA & AUC (OWNED) - COST - ADDITIONS,PROPERTY SCIENCE CRITICAL WORKS (SCAH ENABLING),WALTER LILLY & CO LTD,1003262924,"£72,035.05","PROPERTY, PLANT AND EQUIPMENT (PCIP CAPEX)",CR0 6SR,CIS SUPPLIER,C21889,DEFCOOD2S0008914,Asset,208033404
DE,DEFRA,13/03/2025,EXP - PURCHASE OF GOODS/SERVICES - ICT OUTSOURCING & MAINT/SUPPORT,GROUP INFRASTRUCTURE & OPERATIONS,COGNIZANT WORLDWIDE LTD,1003262951,"£788,117.12",IT SERVICES/SOFTWARE/HARDWARE,W2 6BD,SUPPLIER,C15696,DEFCOOD300826,Expense,GB 123382928
DE,DEFRA,13/03/2025,EXP - PURCHASE OF GOODS/SERVICES - END USER SOFTWARE AND HARDWARE,PARTNER RECHARGE: EA,HITACHI SOLUTIONS EUROPE LTD,1003262959,"£308,919.34",IT SERVICES/SOFTWARE/HARDWARE,EC2N 1HQ,SUPPLIER,C15505,DEFCOOD300042,Expense,GB830529539
DE,DEFRA,13/03/2025,EXP - CURRENT GRANTS TO LOCAL GOVERNMENT,LAND USE AND PLANNING,WIGAN METROPOLITAN BOROUGH COUNCIL,1003262973,"£26,807.00",OTHER CURRENT GRANTS,WN1 1YN,THIRD PARTY,GIA,,Expense,
DE,DEFRA,13/03/2025,EXP - CURRENT GRANTS TO LOCAL GOVERNMENT,LAND USE AND PLANNING,PENDLE BOROUGH COUNCIL,1003262975,"£26,807.00",OTHER CURRENT GRANTS,BB9 7LG,THIRD PARTY,GIA,,Expense,
DE,DEFRA,13/03/2025,EXP - CURRENT GRANTS TO LOCAL GOVERNMENT,LAND USE AND PLANNING,LANCASHIRE COUNTY COUNCIL,1003262981,"£26,807.00",OTHER CURRENT GRANTS,PR1 0LD,SUPPLIER,GIA,,Expense,155712174
DE,DEFRA,13/03/2025,EXP - CURRENT GRANTS TO LOCAL GOVERNMENT,LANDSCAPES,SOUTH HAMS DISTRICT COUNCIL,1003262982,"£233,016.28",OTHER CURRENT GRANTS,TQ9 5NE,SUPPLIER,C16875,,Expense,GB142204125
DE,DEFRA,13/03/2025,EXP - PURCHASE OF GOODS/SERVICES - RESEARCH & DEVELOPMENT - OTHER OUTSOURCED,CONSISTENT WASTE COLLECTION,RESOURCE FUTURES LTD,1003263004,"£169,705.20",CAPITAL R&D,BS1 6XN,SUPPLIER,C22818,,Expense,
DE,DEFRA,13/03/2025,EXP - CURRENT GRANTS TO LOCAL GOVERNMENT,LAND USE AND PLANNING,OLDHAM METROPOLITAN BOROUGH COUNCIL,1003263017,"£26,807.00",OTHER CURRENT GRANTS,OL1 1UT,SUPPLIER,GIA,,Expense,149167054
DE,DEFRA,13/03/2025,EXP - PURCHASE OF GOODS/SERVICES - RESEARCH & DEVELOPMENT - OTHER OUTSOURCED,FFCP EVIDENCE & ANALYSIS,VERIAN GROUP UK LTD.,1003263065,"£41,812.68",CAPITAL R&D,SW1P 3JA,SUPPLIER,C27994,,Expense,GB3945 63949
DE,DEFRA,13/03/2025,EXP - PURCHASE OF GOODS/SERVICES - OTHER ICT COSTS,DATA ACCESS,TELESPAZIO UK LIMITED,1003263066,"£140,609.33",IT SERVICES/SOFTWARE/HARDWARE,LU1 3LU,SUPPLIER,C15501,DEFCOOD301122,Expense,GB101638353
DE,DEFRA,13/03/2025,PPE - POA & AUC (OWNED) - COST - ADDITIONS - BUILDINGS,FUTURE FARMING AND COUNTRYSIDE INITIATIVE,ABACO UK LTD,1003263082,"£276,818.40","PROPERTY, PLANT AND EQUIPMENT (PCIP CAPEX)",EC4N1TX,SUPPLIER,C16424,DEFCOOD300217,Asset,
DE,DEFRA,14/03/2025,EXP - PURCHASE OF GOODS/SERVICES - RESEARCH & DEVELOPMENT - OTHER OUTSOURCED,FFCP EVIDENCE & ANALYSIS,AGRIMETRICS LTD,1003263094,"£180,927.66",CAPITAL R&D,RG6 6BU,SUPPLIER,C22642,,Expense,220686029
DE,DEFRA,14/03/2025,EXP - PURCHASE OF GOODS/SERVICES - ICT OUTSOURCING & MAINT/SUPPORT,RURAL PAYMENTS AGENCY INFO & TECH,KEEP IT SIMPLE LTD,1003263098,"£404,852.94",IT SERVICES/SOFTWARE/HARDWARE,EC1V 2NX,SUPPLIER,C25715,DEFCOOD300369,Expense,267908361
DE,DEFRA,14/03/2025,EXP - CURRENT GRANTS TO LOCAL GOVERNMENT,LANDSCAPES,THE BROADS AUTHORITY,1003263104,"£90,060.00",OTHER CURRENT GRANTS,NR1 1RY,SUPPLIER,C21992,,Expense,GB525230186
DE,DEFRA,14/03/2025,EXP - PURCHASE OF GOODS/SERVICES - RESEARCH & DEVELOPMENT - OTHER OUTSOURCED,AIR QUALITY & INDUSTRIAL EMISSIONS,RICARDO AEA LTD,1003263105,"£26,650.80",CAPITAL R&D,OX11 0QR,CIS SUPPLIER,ATAMIS C23914,,Expense,88 8800 181
DE,DEFRA,14/03/2025,PPE - POA & AUC (OWNED) - COST - ADDITIONS,SCIENCE FACILITIES - PROJECTS (WEYBRIDGE),FACULTATIEVE TECHNOLOGIES LTD,1003263112,"£1,536,685.92","PROPERTY, PLANT AND EQUIPMENT (PCIP CAPEX)",LS10 2DD,SUPPLIER,C26861,DEFCOOD2S0008963,Asset,GB169285327
DE,DEFRA,14/03/2025,IA - INFORMATION TECHNOLOGY - COST - ADDITIONS,AIR QUALITY & INDUSTRIAL EMISSIONS,COGNIZANT WORLDWIDE LTD,1003263114,"£458,491.80",INTANGIBLE ASSETS (ITAN CAPEX),W2 6BD,SUPPLIER,C15696,DEFCOOD3P6192,Asset,GB 123382928
DE,DEFRA,14/03/2025,EXP - PURCHASE OF GOODS/SERVICES - END USER SOFTWARE AND HARDWARE,FIN OPS CFA,DILIGENT BOARDBOOKS LTD,1003263120,"£40,590.00",IT SERVICES/SOFTWARE/HARDWARE,WC2E 9ES,SUPPLIER,C15582,,Expense,GB 264021830
DE,DEFRA,14/03/2025,EXP - PURCHASE OF GOODS/SERVICES - CONSULTANCY - TECHNICAL,PARTNER RECHARGE: EA,HITACHI SOLUTIONS EUROPE LTD,1003263121,"£875,056.94",CONSULTANCY,EC2N 1HQ,SUPPLIER,C15505,DEFCOOD3P6183,Expense,GB830529539
DE,DEFRA,14/03/2025,EXP - PURCHASE OF GOODS/SERVICES - OTHER PROFESSIONAL SERVICES,EU FISHERIES POLICY & NEGOTIATION,3 VERULAM BUILDINGS,1003263127,"£27,695.87",OFFICE SERVICES,WC1R 5NT,SUPPLIER,LEGAL,,Expense,
DE,DEFRA,14/03/2025,PPE - POA & AUC (OWNED) - COST - ADDITIONS - BUILDINGS,FUTURE FARMING AND COUNTRYSIDE INITIATIVE,VERSION 1 SOLUTION LTD,1003263142,"£46,733.36","PROPERTY, PLANT AND EQUIPMENT (PCIP CAPEX)",B97 4DL,SUPPLIER,c15378,DEFCOOD300216,Asset,704872824
DE,DEFRA,14/03/2025,EXP - PURCHASE OF GOODS/SERVICES - ICT OUTSOURCING & MAINT/SUPPORT,DIGITAL TRANSFORMATION,W3 PARTNERSHIP LTD,1003263145,"£127,487.41",IT SERVICES/SOFTWARE/HARDWARE,MK9 2AF,SUPPLIER,c27143,DEFCOOD3P6261,Expense,
DE,DEFRA,14/03/2025,EXP - PURCHASE OF GOODS/SERVICES - RESEARCH & DEVELOPMENT - OTHER OUTSOURCED,"INTERNATIONAL SCIENCE, EVIDENCE AND ANALYSIS",CALDERS CONFERENCE LTD,1003263151,"£47,208.80",CAPITAL R&D,LS16 6RF,SUPPLIER,C24091,,Expense,
DE,DEFRA,14/03/2025,EXP - PURCHASE OF GOODS/SERVICES - OTHER - EVIDENCE NON R&D,AIR QUALITY & INDUSTRIAL EMISSIONS,UNIVERSITY OF YORK,1003263164,"£435,330.54",EVIDENCE NON R&D,YO10 5NH,CUSTOMER,C25857,,Expense,647205541
DE,DEFRA,14/03/2025,EXP - CAPITAL GRANTS TO LOCAL GOVERNMENT,LANDSCAPES,EXMOOR NATIONAL PARK AUTHORITY,1003263165,"£494,891.00",CAPITAL GRANTS,TA22 9HL,CUSTOMER,C22020,,Expense,
DE,DEFRA,14/03/2025,EXP - PURCHASE OF GOODS/SERVICES - OTHER PROFESSIONAL SERVICES,FLS-ODA MANAGEMENT AND INTERNATIONAL BIODIVERSITY FUNDS,OXFORD POLICY MANAGEMENT LTD,1003263170,"£87,723.61",OFFICE SERVICES,OX1 1JD,SUPPLIER,C13925,,Expense,663 5830 20
DE,DEFRA,14/03/2025,EXP - PURCHASE OF GOODS/SERVICES - RESEARCH & DEVELOPMENT - OTHER OUTSOURCED,MARINE AND FISHERIES EVIDENCE,IPSOS MORI,1003263175,"£95,498.40",CAPITAL R&D,E1W 1YW,SUPPLIER,25681,,Expense,
DE,DEFRA,14/03/2025,EXP - PURCHASE OF GOODS/SERVICES - ICT OUTSOURCING & MAINT/SUPPORT,IBM SERVICES - ADMIN COSTS,IBM UNITED KINGDOM LTD,1003263177,"£1,657,244.77",IT SERVICES/SOFTWARE/HARDWARE,GU1 2LD,SUPPLIER,C5495,DEFCOOD300307,Expense,GB1073 28000
DE,DEFRA,14/03/2025,EXP - PURCHASE OF GOODS/SERV -ICT OUTSOURC & MAINT/SUPP -NETWORK SERV INC ASSETS,GIODP,ATOS IT SERVICES UK LTD,1003263183,"£77,210.62",IT SERVICES/SOFTWARE/HARDWARE,WV10 6UH,CIS SUPPLIER,C21608,DEFCOOD3P6336,Expense,232327983
DE,DEFRA,14/03/2025,PPE - POA & AUC (OWNED) - COST - ADDITIONS - BUILDINGS,FUTURE FARMING AND COUNTRYSIDE INITIATIVE,ABACO UK LTD,1003263201,"£115,648.36","PROPERTY, PLANT AND EQUIPMENT (PCIP CAPEX)",EC4N1TX,SUPPLIER,C16424,DEFCOOD300217,Asset,
DE,DEFRA,14/03/2025,Exp - Purchase Of Goods/Services - Consultancy,FLS - NUCLEAR JUSTIFICATION TEAM,PA CONSULTING SERVICES LTD,1003263206,"£50,940.00",CONSULTANCY,SG8 6DP,SUPPLIER,ATAMIS C23168,,Expense,238535057
DE,DEFRA,14/03/2025,Exp - Purchase Of Goods/Services - Consultancy,SYNERGY DEFRA,KPMG LLP,1003263209,"£197,942.38",CONSULTANCY,E15 5GL,SUPPLIER,C26200,,Expense,791788859
DE,DEFRA,14/03/2025,EXP - PURCHASE OF GOODS/SERVICES - END USER SOFTWARE AND HARDWARE,ANIMAL AND PLANT HEALTH AGENCY INFO & TECH,CIVICA UK LTD,1003263217,"£174,240.02",IT SERVICES/SOFTWARE/HARDWARE,GU227UY,SUPPLIER,C27057,DEFCOOD300297,Expense,GB391171065
DE,DEFRA,14/03/2025,EXP - PURCHASE OF GOODS/SERVICES - OTHER PROFESSIONAL SERVICES,DDTS - CROSS CUTTING NON-TECHNICAL,I3WORKS LTD,1003263223,"£553,415.14",OFFICE SERVICES,BS1 4JZ,SUPPLIER,C22464,,Expense,GB200113204
DE,DEFRA,14/03/2025,EXP - CURRENT GRANTS TO LOCAL GOVERNMENT,LAND USE AND PLANNING,SOUTH TYNESIDE COUNCIL,1003263235,"£26,807.00",OTHER CURRENT GRANTS,NE332RL,SUPPLIER,GIA,,Expense,178177329
DE,DEFRA,14/03/2025,EXP - PURCHASE OF GOODS/SERVICES - ICT OUTSOURCING & MAINT/SUPPORT,IT SERVICE OPERATIONS,CSC COMPUTER SCIENCES LTD,1003263236,"£48,689.18",IT SERVICES/SOFTWARE/HARDWARE,GU11 1PZ,SUPPLIER,ecm_52093,DEFCOOD301019,Expense,584686581
DE,DEFRA,17/03/2025,IA - POA & AUC - COST - ADDITIONS,EPR - EXTENDED PRODUCER RESPONSIBILITY,NODE 4 LIMITED (UK),1003263257,"£2,262,315.95",INTANGIBLE ASSETS (ICIP CAPEX),DE24 8HZ,SUPPLIER,C19708,DEFCOOD300814,Asset,GB192249101
DE,DEFRA,17/03/2025,EXP - PURCHASE OF GOODS/SERVICES - TELECOMS,GROUP INFRASTRUCTURE & OPERATIONS,VODAFONE LTD,1003263265,"£58,354.59",OFFICE SERVICES,RG14 2FN,SUPPLIER,C15540,DEFCOOD300221,Expense,GB 569 9532 77
DE,DEFRA,17/03/2025,EXP - PURCHASE OF GOODS/SERVICES - RESEARCH & DEVELOPMENT - OTHER OUTSOURCED,"FOOD AND FARMING STRATEGY, INNOVATION, SYSTEMS",JOHN INNES CENTRE,1003263276,"£210,360.00",CAPITAL R&D,NR4 7UH,CUSTOMER,C24767,,Expense,
DE,DEFRA,17/03/2025,EXP - CURRENT GRANTS TO LOCAL GOVERNMENT,LAND USE AND PLANNING,UTTLESFORD DISTRICT COUNCIL,1003263289,"£43,467.00",OTHER CURRENT GRANTS,CB11 4ER,SUPPLIER,GIA,,Expense,214 4422 04
DE,DEFRA,17/03/2025,EXP - PURCHASE OF GOODS/SERVICES - ICT OUTSOURCING & MAINT/SUPPORT,IT SERVICE OPERATIONS,IBM UNITED KINGDOM LTD,1003263329,"£304,422.12",IT SERVICES/SOFTWARE/HARDWARE,GU1 2LD,SUPPLIER,C24936,DEFCOOD300142,Expense,GB1073 28000
DE,DEFRA,17/03/2025,EXP - PURCHASE OF GOODS/SERVICES - RESEARCH & DEVELOPMENT - OTHER OUTSOURCED,FFCP EVIDENCE & ANALYSIS,UNIVERSITY OF EXETER,1003263336,"£68,654.40",CAPITAL R&D,EX4 4QJ,THIRD PARTY,C27691,,Expense,GB142047795
DE,DEFRA,17/03/2025,EXP - PURCHASE OF GOODS/SERVICES - RESEARCH & DEVELOPMENT - OTHER OUTSOURCED,ENVIRONMENT SCIENCE AND ANALYSIS,ICF CONSULTING SERVICES LTD,1003263341,"£30,000.00",CAPITAL R&D,EC4R 1BE,SUPPLIER,C22928,,Expense,927 4872 86
DE,DEFRA,17/03/2025,EXP - PURCHASE OF GOODS/SERVICES - WATER,PROPERTY TECHNICAL SERVICES,CASTLE WATER LTD,1003263346,"£54,469.81",ESTATE MANAGEMENT,PH10 7BH,SUPPLIER,C15941/C15924,,Expense,189775040
DE,DEFRA,17/03/2025,EXP - PURCHASE OF GOODS/SERVICES - ICT OUTSOURCING & MAINT/SUPPORT,FUTURE FARMING AND COUNTRYSIDE INITIATIVE,CAPGEMINI UK PLC,1003263347,"£112,086.00",IT SERVICES/SOFTWARE/HARDWARE,GU21 6DB,THIRD PARTY,C5502,DEFCOOD300921,Expense,GB232441107
DE,DEFRA,17/03/2025,Exp - Purchase Of Goods/Services - Consultancy,IT - ARCHITECTURE & STANDARDS,CIVICA UK LTD,1003263352,"£143,630.40",CONSULTANCY,GU227UY,SUPPLIER,C21164,DEFCOOD300231,Expense,GB391171065
DE,DEFRA,17/03/2025,IA - POA & AUC - COST - ADDITIONS,FUTURE FARMING AND COUNTRYSIDE INITIATIVE,ABACO UK LTD,1003263353,"£1,000,277.38",INTANGIBLE ASSETS (ICIP CAPEX),EC4N1TX,SUPPLIER,C27326,DEFCOOD300217,Asset,
DE,DEFRA,17/03/2025,EXP - PURCHASE OF G&S - ACCOM & BLDNG MGMT - ESTATES IFM CORE MAINTENANCE,PROPERTY DELIVERY EAST,ISS MEDICLEAN LTD,1003263368,"£213,062.60",ESTATE MANAGEMENT,KT13 0SL,CIS SUPPLIER,17577,,Expense,
DE,DEFRA,17/03/2025,PPE - POA & AUC (OWNED) - COST - ADDITIONS,SCIENCE FACILITIES - PROJECTS (WEYBRIDGE),FACULTATIEVE TECHNOLOGIES LTD,1003263397,"£87,755.82","PROPERTY, PLANT AND EQUIPMENT (PCIP CAPEX)",LS10 2DD,SUPPLIER,ecm_65974,DEFCOOD2S0008996,Asset,GB169285327
DE,DEFRA,17/03/2025,EXP - PURCHASE OF GOODS/SERVICES - OTHER - EVIDENCE NON R&D,MARINE AND FISHERIES EVIDENCE,NATIONAL OCEANOGRAPHY CENTRE,1003263398,"£91,000.00",EVIDENCE NON R&D,SO14 3ZH,SUPPLIER,24166,,Expense,338 5487 64
DE,DEFRA,17/03/2025,EXP - PURCHASE OF GOODS/SERVICES - CONSULTANCY - TECHNICAL,PARTNER RECHARGE: EA,HITACHI SOLUTIONS EUROPE LTD,1003263401,"£682,854.38",CONSULTANCY,EC2N 1HQ,SUPPLIER,C15505,DEFCOOD3P6183,Expense,GB830529539
DE,DEFRA,17/03/2025,EXP - PURCHASE OF GOODS/SERVICES - OTHER PROFESSIONAL SERVICES,GIODP,I3WORKS LTD,1003263405,"£64,140.00",OFFICE SERVICES,BS1 4JZ,SUPPLIER,C22464,,Expense,GB200113204
DE,DEFRA,17/03/2025,EXP - PURCHASE OF GOODS/SERVICES - OTHER ENERGY/UTILITIES/WASTE COST,SCIENCE DEPUTY DIRECTOR'S OFFICE,EDF ENERGY LIMITED,1003263415,"£192,100.00",ESTATE MANAGEMENT,W1T 4EZ,SUPPLIER,C28153,DEFCOOD2S0009055,Expense,GB523041202
DE,DEFRA,17/03/2025,EXP - CURRENT GRANTS TO LOCAL GOVERNMENT,LAND USE AND PLANNING,NORTH EAST DERBYSHIRE DISTRICT COUNCIL,1003263421,"£26,807.00",OTHER CURRENT GRANTS,S42 6NG,SUPPLIER,GIA,,Expense,127 273 573
DE,DEFRA,18/03/2025,EXP - PURCHASE OF GOODS/SERVICES - OTHER - EVIDENCE R&D,ELM TRIALS AND TESTS,"THE CHANCELLOR, MASTERS AND SCHOLARS OF THE UNIVERSITY OF OXFORD",1003263452,"£256,425.37",PROGRAMME EXPENDITURE EVIDENCE R&D,OX1 2JD,SUPPLIER,C22581,,Expense,1255 06 730
DE,DEFRA,18/03/2025,EXP - CURRENT GRANTS TO PRIVATE SECTOR - NON PROFIT INSTITUTIONS SERVING H'HOLD,COLLECTION AND PACKAGING REFORMS,WRAP (WASTE AND RESOURCES ACTION PROGRAMME),1003263467,"£543,057.00",OTHER CURRENT GRANTS,OX16 5BH,SUPPLIER,C-20259,,Expense,
DE,DEFRA,18/03/2025,EXP - PURCHASE OF GOODS/SERVICES - OTHER - EVIDENCE NON R&D,AIR QUALITY & INDUSTRIAL EMISSIONS,RICARDO AEA LTD,1003263469,"£258,448.47",EVIDENCE NON R&D,OX11 0QR,CIS SUPPLIER,C25217,,Expense,88 8800 181
DE,DEFRA,18/03/2025,EXP - PURCHASE OF GOODS/SERVICES - RESEARCH & DEVELOPMENT - OTHER OUTSOURCED,FFCP EVIDENCE & ANALYSIS,ICF CONSULTING SERVICES LTD,1003263477,"£95,063.69",CAPITAL R&D,EC2R 8HP,SUPPLIER,C22928,,Expense,927 4872 86
DE,DEFRA,18/03/2025,EXP - PURCHASE OF G&S - ICT OUTSOURCING & MAINT/SUPPORT - COMPUTER & IT SERVICES,GROUP INFRASTRUCTURE & OPERATIONS,HITACHI SOLUTIONS EUROPE LTD,1003263484,"£129,885.04",IT SERVICES/SOFTWARE/HARDWARE,EC2N 1HQ,SUPPLIER,C25745,DEFCOOD300824,Expense,GB830529539
DE,DEFRA,18/03/2025,EXP - CURRENT GRANTS TO LOCAL GOVERNMENT,LAND USE AND PLANNING,IPSWICH BOROUGH COUNCIL,1003263500,"£26,807.00",OTHER CURRENT GRANTS,IP1 2DE,SUPPLIER,GIA,,Expense,104175311
DE,DEFRA,18/03/2025,EXP - PURCHASE OF GOODS/SERVICES - RESEARCH & DEVELOPMENT - OTHER OUTSOURCED,OFFICE OF THE DIRECTOR OF ANALYSIS,VERIAN GROUP UK LTD.,1003263519,"£40,223.89",CAPITAL R&D,W5 1UA,SUPPLIER,C13252,,Expense,GB3945 63949
DE,DEFRA,18/03/2025,EXP - CURRENT GRANTS TO LOCAL GOVERNMENT,LAND USE AND PLANNING,DORSET COUNTY COUNCIL,1003263527,"£43,467.00",OTHER CURRENT GRANTS,DT1 1XJ,THIRD PARTY,GIA,,Expense,187 1551 46
DE,DEFRA,18/03/2025,EXP - CURRENT GRANTS TO LOCAL GOVERNMENT,LAND USE AND PLANNING,LONDON BOROUGH OF SUTTON,1003263532,"£26,807.00",OTHER CURRENT GRANTS,SM1 1EA,LOCAL AUTHORITIES,GIA,,Expense,GB216200420
DE,DEFRA,18/03/2025,EXP - PURCHASE OF GOODS/SERVICES - RESEARCH & DEVELOPMENT - OTHER OUTSOURCED,ENVIRONMENT SCIENCE AND ANALYSIS,ECORYS UK LTD,1003263534,"£32,478.00",CAPITAL R&D,B1 2RA,SUPPLIER,C22932,,Expense,GB 558942395
DE,DEFRA,18/03/2025,EXP - PURCHASE OF GOODS/SERVICES - RESEARCH & DEVELOPMENT - OTHER OUTSOURCED,FFCP EVIDENCE & ANALYSIS,UK CENTRE FOR ECOLOGY & HYDROLOGY,1003263542,"£192,000.00",CAPITAL R&D,E14 5HP,SUPPLIER,C26342,,Expense,336 940192
DE,DEFRA,18/03/2025,EXP - CURRENT GRANTS TO LOCAL GOVERNMENT,LAND USE AND PLANNING,STAFFORDSHIRE COUNTY COUNCIL,1003263546,"£26,804.02",OTHER CURRENT GRANTS,ST16 2DH,SUPPLIER,GIA,,Expense,280061977
DE,DEFRA,18/03/2025,EXP - PURCHASE OF GOODS/SERVICES - RESEARCH & DEVELOPMENT - OTHER OUTSOURCED,"FOOD AND FARMING STRATEGY, INNOVATION, SYSTEMS",AGRI-FOOD & BIOSCIENCES INSTITUTE,1003263547,"£105,634.80",CAPITAL R&D,BT9 5PX,OGD,C26371,,Expense,877233106
DE,DEFRA,18/03/2025,EXP - CAPITAL GRANTS TO LOCAL GOVERNMENT,LANDSCAPES,CORNWALL COUNCIL,1003263549,"£233,241.00",CAPITAL GRANTS,TR16 5EH,THIRD PARTY,C16894,,Expense,132746770
DE,DEFRA,18/03/2025,EXP - PURCHASE OF GOODS/SERVICES - ICT OUTSOURCING & MAINT/SUPPORT,GROUP INFRASTRUCTURE & OPERATIONS,CORE TECHNOLOGY SYSTEMS (UK) LTD,1003263558,"£59,471.33",IT SERVICES/SOFTWARE/HARDWARE,E1 8DE,SUPPLIER(1),ecm_60879,DEFCOOD300342,Expense,787421792
DE,DEFRA,18/03/2025,EXP - CURRENT GRANTS TO LOCAL GOVERNMENT,LAND USE AND PLANNING,TONBRIDGE & MALLING BOROUGH COUNCIL,1003263566,"£26,807.00",OTHER CURRENT GRANTS,ME19 4LZ,SUPPLIER,GIA,,Expense,2043959070
DE,DEFRA,18/03/2025,PPE - POA & AUC (OWNED) - COST - ADDITIONS,SCIENCE FACILITIES - PROJECTS (WEYBRIDGE),LEXICA HEALTH & LIFE SCIENCES CONSULTANCY LTD LEXICA,1003263580,"£115,565.40","PROPERTY, PLANT AND EQUIPMENT (PCIP CAPEX)",SE1 2ND,SUPPLIER,C25525,DEFCOOD2S0008700,Asset,167765952
DE,DEFRA,18/03/2025,EXP - PURCHASE OF GOODS/SERVICES - OTHER - PROGRAMME EXPENDITURE,EPR SCHEME ADMINISTRATOR,PA CONSULTING SERVICES LTD,1003263595,"£37,068.00",OTHER CURRENT PAYMENTS,SG8 6DP,SUPPLIER,C25600,,Expense,238535057
DE,DEFRA,18/03/2025,PPE - POA & AUC (OWNED) - COST - ADDITIONS,NORTHERN IRELAND INFRASTRUCTURE,TETRA TECH MANAGEMENT SERVICES LTD,1003263615,"£183,775.51","PROPERTY, PLANT AND EQUIPMENT (PCIP CAPEX)",LS1 4ER,CIS SUPPLIER,21253,,Asset,
DE,DEFRA,18/03/2025,EXP - PURCHASE OF GOODS/SERVICES - ACCOMM &BLDNG MNGMT - FM PROJECTS NON CAPITAL,SCIENCE FACILITIES - OPERATIONS  (WEYBRIDGE),ISS MEDICLEAN LTD,1003263616,"£3,336,083.53",ESTATE MANAGEMENT,KT13 0SL,CIS SUPPLIER,17577,,Expense,
DE,DEFRA,19/03/2025,EXP - PURCHASE OF GOODS/SERVICES - RESEARCH & DEVELOPMENT - OTHER OUTSOURCED,PLANT HEALTH,CORNWALL COUNTY COUNCIL,1003263630,"£42,081.94",CAPITAL R&D,TR1 3AY,SUPPLIER,C14632,,Expense,132746770
DE,DEFRA,19/03/2025,EXP - CURRENT GRANTS TO LOCAL GOVERNMENT,LAND USE AND PLANNING,FAREHAM BOROUGH COUNCIL,1003263633,"£26,807.00",OTHER CURRENT GRANTS,PO16 7EP,LOCAL AUTHORITIES,GIA,,Expense,108420894
DE,DEFRA,19/03/2025,EXP - CURRENT GRANTS TO LOCAL GOVERNMENT,LAND USE AND PLANNING,NORTH HERTFORDSHIRE D C,1003263641,"£26,807.00",OTHER CURRENT GRANTS,SG6 3JF,LOCAL AUTHORITIES,GIA,,Expense,
DE,DEFRA,19/03/2025,EXP - PURCHASE OF GOODS/SERVICES - RESEARCH & DEVELOPMENT - OTHER OUTSOURCED,AIR QUALITY & INDUSTRIAL EMISSIONS,RICARDO-A E A LTD,1003263645,"£67,410.62",CAPITAL R&D,OX11 0QR,SUPPLIER(1),FDP,,Expense,144024765
DE,DEFRA,19/03/2025,EXP - PURCHASE OF GOODS/SERVICES - OTHER PROFESSIONAL SERVICES,EU FISHERIES POLICY & NEGOTIATION,ESSEX COURT CHAMBERS,1003263651,"£39,534.23",OFFICE SERVICES,WC2A 3EG,LEGAL,LEGAL,,Expense,GB 104 324 758
DE,DEFRA,19/03/2025,PPE - POA & AUC (OWNED) - COST - ADDITIONS,SCIENCE FACILITIES - PROJECTS (WEYBRIDGE),BRAMBLE HUB LTD,1003263653,"£35,713.15","PROPERTY, PLANT AND EQUIPMENT (PCIP CAPEX)",SE1 7SP,SUPPLIER,C20682,DEFCOOD2S0008700,Asset,188679823
DE,DEFRA,19/03/2025,EXP - PURCHASE OF GOODS/SERVICES - ACCOMMODATION & BLDNG MANAGEMENT,SPS BORDERS AND BOUNDARIES,HMRC ACCOUNTS RECIEVABLE,1003263664,"£501,587.37",ESTATE MANAGEMENT,BN11 1UR,SUPPLIER,IGS,,Expense,GB888848141
DE,DEFRA,19/03/2025,EXP - CURRENT GRANTS TO LOCAL GOVERNMENT,LAND USE AND PLANNING,LEICESTER CITY COUNCIL,1003263672,"£26,807.00",OTHER CURRENT GRANTS,LE1 9BG,THIRD PARTY,GIA,,Expense,GB 115 337 004
DE,DEFRA,19/03/2025,EXP - PURCHASE OF GOODS/SERVICES - ACCOMMODATION & BLDNG MANAGEMENT,PROPERTY DELIVERY EAST,ISS MEDICLEAN LTD,1003263675,"£202,524.19",ESTATE MANAGEMENT,KT13 0SL,CIS SUPPLIER,17577,,Expense,
DE,DEFRA,19/03/2025,EXP - CURRENT GRANTS TO LOCAL GOVERNMENT,LAND USE AND PLANNING,SOUTH GLOUCESTERSHIRE COUNCIL,1003263697,"£30,046.50",OTHER CURRENT GRANTS,BS37 0DE,LOCAL AUTHORITIES,GIA,,Expense,GB664 3211 52
DE,DEFRA,19/03/2025,EXP - PURCHASE OF GOODS/SERVICES - OTHER - EVIDENCE NON R&D,AIR QUALITY & INDUSTRIAL EMISSIONS,RICARDO AEA LTD,1003263726,"£61,579.19",EVIDENCE NON R&D,OX11 0QR,CIS SUPPLIER,C25217,,Expense,88 8800 181
DE,DEFRA,19/03/2025,EXP - PURCHASE OF GOODS/SERVICES - ICT OUTSOURCING & MAINT/SUPPORT,GROUP INFRASTRUCTURE & OPERATIONS,COGNIZANT WORLDWIDE LTD,1003263743,"£77,787.00",IT SERVICES/SOFTWARE/HARDWARE,W2 6BD,SUPPLIER,C15696&#8239;,DEFCOOD300825,Expense,GB 123382928
DE,DEFRA,19/03/2025,PPE - POA & AUC (OWNED) - COST - ADDITIONS,FUTURE FARMING AND COUNTRYSIDE INITIATIVE,HITACHI SOLUTIONS EUROPE LTD,1003263746,"£65,960.50","PROPERTY, PLANT AND EQUIPMENT (PCIP CAPEX)",EC2N 1HQ,SUPPLIER,C17500,DEFCOOD3P6459,Asset,GB830529539
DE,DEFRA,19/03/2025,EXP - PURCHASE OF GOODS/SERVICES -OTHER- INTERNATIONAL CONTRIBUTIONS & DONATIONS,FLS-ODA MANAGEMENT AND INTERNATIONAL BIODIVERSITY FUNDS,THE UK CENTRE FOR ECOLOGY AND HYDROLOGY UKCEH,1003263750,"£41,994.62",INTERNATIONAL SUBSCRIPTIONS,OX10 8BB,SUPPLIER,C13382,,Expense,GB336940192
DE,DEFRA,19/03/2025,EXP - CURRENT GRANTS TO LOCAL GOVERNMENT,LAND USE AND PLANNING,SALFORD CITY COUNCIL,1003263752,"£26,807.00",OTHER CURRENT GRANTS,M27 5AW,SUPPLIER,GIA,,Expense,149283827
DE,DEFRA,19/03/2025,EXP - PURCHASE OF GOODS/SERVICES - RESEARCH & DEVELOPMENT - OTHER OUTSOURCED,ENVIRONMENT SCIENCE AND ANALYSIS,UK CENTRE FOR ECOLOGY & HYDROLOGY,1003263760,"£922,328.37",CAPITAL R&D,OX10 8BB,SUPPLIER,C22543,,Expense,336 940192
DE,DEFRA,19/03/2025,EXP - CURRENT GRANTS TO LOCAL GOVERNMENT,LAND USE AND PLANNING,LONDON BOROUGH OF WANDSWORTH,1003263762,"£43,467.00",OTHER CURRENT GRANTS,SW18 2PU,SUPPLIER,GIA,,Expense,
DE,DEFRA,19/03/2025,EXP - CURRENT GRANTS TO LOCAL GOVERNMENT,LAND USE AND PLANNING,LONDON BOROUGH OF WALTHAM FOREST,1003263763,"£30,583.00",OTHER CURRENT GRANTS,E17 4JF,LOCAL AUTHORITIES,GIA,,Expense,248212866
DE,DEFRA,19/03/2025,EXP - PURCHASE OF GOODS/SERVICES - RESEARCH & DEVELOPMENT - OTHER OUTSOURCED,GREEN FINANCE BAU,ECORYS UK LTD,1003263766,"£64,815.00",CAPITAL R&D,B1 2RA,SUPPLIER,C22835,,Expense,GB 558942395
DE,DEFRA,19/03/2025,EXP - CURRENT GRANTS TO PRIVATE SECTOR - NON PROFIT INSTITUTIONS SERVING H'HOLD,FLS-ODA INTERNATIONAL BIODIVERSITY AND WILDLIFE,GFI PMO LTD,1003263774,"£640,000.00",OTHER CURRENT GRANTS,EC1A 2BN,SUPPLIER,C23730,,Expense,
DE,DEFRA,20/03/2025,EXP - PURCHASE OF GOODS/SERVICES - RESEARCH & DEVELOPMENT - OTHER OUTSOURCED,F&W EVIDENCE,IPSOS MORI,1003263782,"£46,155.60",CAPITAL R&D,E1W 1YW,SUPPLIER,C27818,,Expense,
DE,DEFRA,20/03/2025,EXP - PURCHASE OF GOODS/SERVICES - OTHER - EVIDENCE NON R&D,AIR QUALITY & INDUSTRIAL EMISSIONS,BUREAU VERITAS UK LTD,1003263784,"£37,423.21",EVIDENCE NON R&D,SE1 OES,SUPPLIER,ATAMIS C13228,,Expense,725440254
DE,DEFRA,20/03/2025,EXP - PURCHASE OF GOODS/SERVICES - ICT OUTSOURCING & MAINT/SUPPORT,GROUP INFRASTRUCTURE & OPERATIONS,INSIGHT DIRECT UK LTD,1003263789,"£123,320.40",IT SERVICES/SOFTWARE/HARDWARE,S9 2BU,SUPPLIER,ecm_66992,DEFCOOD300696,Expense,
DE,DEFRA,20/03/2025,EXP - PURCHASE OF GOODS/SERVICES - RESEARCH & DEVELOPMENT - OTHER OUTSOURCED,SCIENCE PROJECTS - MASTERPLAN / SCAH,KPMG LLP,1003263800,"£188,404.16",CAPITAL R&D,WD17 1DE,SUPPLIER,C23806,DEFCOOD89066,Expense,791788859
DE,DEFRA,20/03/2025,EXP - PURCHASE OF GOODS/SERV -ICT OUTSOURC & MAINT/SUPP -NETWORK SERV INC ASSETS,IT SERVICE OPERATIONS,VODAFONE  LAND,1003263813,"£286,413.76",IT SERVICES/SOFTWARE/HARDWARE,M22 5RR,Company,C15514,DEFCOOD300348,Expense,569 9532 77
DE,DEFRA,20/03/2025,EXP - PURCHASE OF GOODS/SERVICES - OTHER - EVIDENCE NON R&D,AIR QUALITY,ENERGY SAVING TRUST LTD,1003263837,"£137,138.40",EVIDENCE NON R&D,E14 5GP,CUSTOMER,ecm_65718,,Expense,123383827
DE,DEFRA,20/03/2025,IA - POA & AUC - COST - ADDITIONS,PARTNER RECHARGE: APHA,COGNIZANT WORLDWIDE LTD,1003263838,"£181,221.79",INTANGIBLE ASSETS (ICIP CAPEX),W2 6BD,SUPPLIER,C15696,DEFCOOD3P6446,Asset,GB 123382928
DE,DEFRA,20/03/2025,EXP - PURCHASE OF G&S - ICT OUTSOURCING & MAINT/SUPPORT - COMPUTER & IT SERVICES,RURAL PAYMENTS AGENCY INFO & TECH,HITACHI SOLUTIONS EUROPE LTD,1003263865,"£1,418,359.90",IT SERVICES/SOFTWARE/HARDWARE,EC2N 1HQ,SUPPLIER,C15747,DEFCOOD300320,Expense,GB830529539
DE,DEFRA,20/03/2025,EXP - PURCHASE OF GOODS/SERVICES - ICT OUTSOURCING & MAINT/SUPPORT,GENESIS ONGOING IT ACTIVITY,EVIDEN,1003263883,"£391,973.24",IT SERVICES/SOFTWARE/HARDWARE,WV10 6UH,SUPPLIER,C15328,DEFCOOD300338,Expense,GB232327983
DE,DEFRA,20/03/2025,PPE - POA & AUC (OWNED) - COST - ADDITIONS,NORTHERN IRELAND INFRASTRUCTURE,CONNOLLY & FEE LTD,1003263884,"£347,453.04","PROPERTY, PLANT AND EQUIPMENT (PCIP CAPEX)",BT71 6EY,CIS SUPPLIER,22910,,Asset,
DE,DEFRA,20/03/2025,PPE - POA & AUC (OWNED) - COST - ADDITIONS,SCIENCE FACILITIES - PROJECTS (WEYBRIDGE),RIDER LEVETT BUCKNALL UK LTD,1003263897,"£198,986.89","PROPERTY, PLANT AND EQUIPMENT (PCIP CAPEX)",B3 2BH,CIS SUPPLIER,C12800,DEFCOOD2S0008700,Asset,807983883
DE,DEFRA,20/03/2025,EXP - PURCHASE OF GOODS/SERVICES - RESEARCH & DEVELOPMENT - OTHER OUTSOURCED,AIR QUALITY & INDUSTRIAL EMISSIONS,UK CENTRE FOR ECOLOGY & HYDROLOGY,1003263902,"£33,173.83",CAPITAL R&D,OX10 8BB,SUPPLIER,ECM-58063,,Expense,336 940192
DE,DEFRA,20/03/2025,EXP - PURCHASE OF GOODS/SERVICES - ICT OUTSOURCING & MAINT/SUPPORT,LEGACY APPS PROGRAMME (LAP),SOPRA STERIA LTD,1003263905,"£132,244.32",IT SERVICES/SOFTWARE/HARDWARE,M14 0WN,SUPPLIER,C27466,DEFCOOD300876,Expense,GB207950855
DE,DEFRA,20/03/2025,PPE - POA & AUC (OWNED) - COST - ADDITIONS - BUILDINGS,SCAH CAPITAL PROGRAMME,KIER CONSTRUCTION LIMITED TRADINGF AS KIER CONSTRUCTION STRATEGIC PROJECTS,1003263912,"£76,477.20","PROPERTY, PLANT AND EQUIPMENT (PCIP CAPEX)",M50 3XP,SUPPLIER,C26938,DEFCOOD89019,Asset,GB166099927
DE,DEFRA,20/03/2025,IA - POA & AUC - COST - ADDITIONS,FUTURE FARMING AND COUNTRYSIDE INITIATIVE,ABACO UK LTD,1003263933,"£558,952.80",INTANGIBLE ASSETS (ICIP CAPEX),EC4N1TX,SUPPLIER,C27326,DEFCOOD300217,Asset,
DE,DEFRA,20/03/2025,EXP - PURCHASE OF GOODS/SERVICES - ICT OUTSOURCING & MAINT/SUPPORT,FUTURE FARMING AND COUNTRYSIDE INITIATIVE,EQUAL EXPERTS UK LTD,1003263941,"£177,332.43",IT SERVICES/SOFTWARE/HARDWARE,AL1 3RD,SUPPLIER,C24064,DEFCOOD300011,Expense,905280834
DE,DEFRA,20/03/2025,EXP - PURCHASE OF GOODS/SERVICES - ACCOMM &BLDNG MNGMT - FM PROJECTS NON CAPITAL,SCIENCE FACILITIES - OPERATIONS  (WEYBRIDGE),ISS MEDICLEAN LTD,1003263943,"£1,591,216.47",ESTATE MANAGEMENT,KT13 0SL,CIS SUPPLIER,17577,,Expense,
DE,DEFRA,20/03/2025,PPE - POA & AUC (OWNED) - COST - ADDITIONS,SCIENCE FACILITIES - PROJECTS (WEYBRIDGE),WALTER LILLY & CO LTD,1003263954,"£999,404.32","PROPERTY, PLANT AND EQUIPMENT (PCIP CAPEX)",CR0 6SR,CIS SUPPLIER,C21986,DEFCOOD2S0008803,Asset,208033404
DE,DEFRA,20/03/2025,EXP - CURRENT GRANTS TO LOCAL GOVERNMENT,LAND USE AND PLANNING,LONDON BOROUGH OF SOUTHWARK,1003263961,"£43,467.00",OTHER CURRENT GRANTS,SE1 1TJ,LOCAL AUTHORITIES,GIA,,Expense,GB235829444
DE,DEFRA,20/03/2025,EXP - PURCHASE OF GOODS/SERVICES - RESEARCH & DEVELOPMENT - OTHER OUTSOURCED,CONSISTENT WASTE COLLECTION,ECORYS UK LTD,1003263963,"£72,481.46",CAPITAL R&D,B1 2RA,SUPPLIER,C22932,,Expense,GB 558942395
DE,DEFRA,20/03/2025,EXP - CAPITAL GRANTS TO LOCAL GOVERNMENT,LANDSCAPES,DEVON COUNTY COUNCIL,1003263967,"£74,786.88",CAPITAL GRANTS,EX2 4QD,SUPPLIER,C16681,,Expense,142208113
DE,DEFRA,20/03/2025,EXP - CURRENT GRANTS TO LOCAL GOVERNMENT,LAND USE AND PLANNING,PEAK DISTRICT NATIONAL PARK AUTH,1003263982,"£26,807.00",OTHER CURRENT GRANTS,DE45 1AE,LOCAL AUTHORITIES,GIA,,Expense,313 1215 64
DE,DEFRA,20/03/2025,EXP - CURRENT GRANTS TO LOCAL GOVERNMENT,LAND USE AND PLANNING,SOUTHAMPTON CITY COUNCIL,1003263995,"£26,807.00",OTHER CURRENT GRANTS,SO14 7LT,LOCAL AUTHORITIES,GIA,,Expense,GB189594982
DE,DEFRA,20/03/2025,EXP - PURCHASE OF GOODS/SERVICES - RESEARCH & DEVELOPMENT - OTHER OUTSOURCED,ENVIRONMENT SCIENCE AND ANALYSIS,UNIVERSITY OF LEEDS,1003263999,"£52,983.84",CAPITAL R&D,LS2 9JT,SUPPLIER,C26355,,Expense,GB613451470
DE,DEFRA,20/03/2025,EXP - PURCHASE OF GOODS/SERVICES - RESEARCH & DEVELOPMENT - OTHER OUTSOURCED,MARINE AND FISHERIES EVIDENCE,UNIVERSITY OF GLOUCESTERSHIRE,1003264001,"£49,962.00",CAPITAL R&D,GL50 2RH,SUPPLIER,22719,,Expense,393908356
DE,DEFRA,20/03/2025,EXP - PURCHASE OF GOODS/SERVICES - OTHER,CONSISTENT WASTE COLLECTION,OECD,1003264003,"£50,000.00",OTHER,75775,SUPPLIER,FDP,,Expense,
DE,DEFRA,21/03/2025,EXP - CAPITAL GRANTS TO LOCAL GOVERNMENT,LANDSCAPES,DEVON COUNTY COUNCIL,1003264020,"£63,897.14",CAPITAL GRANTS,EX2 4QD,SUPPLIER,C16847,,Expense,142208113
DE,DEFRA,21/03/2025,EXP - CURRENT GRANTS TO LOCAL GOVERNMENT,LANDSCAPES,HEREFORDSHIRE COUNCIL,1003264022,"£63,146.95",OTHER CURRENT GRANTS,HR1 2XW,LOCAL AUTHORITIES,C16990,,Expense,701 2040 13
DE,DEFRA,21/03/2025,EXP - PURCHASE OF GOODS/SERVICES - OTHER - EVIDENCE R&D,F&W EVIDENCE,J B A CONSULTING,1003264033,"£31,648.80",PROGRAMME EXPENDITURE EVIDENCE R&D,BD23 3AE,SUPPLIER,C20216,,Expense,665300941
DE,DEFRA,21/03/2025,EXP - PURCHASE OF GOODS/SERVICES - RESEARCH & DEVELOPMENT - OTHER OUTSOURCED,FFCP EVIDENCE & ANALYSIS,UNIVERSITY OF GLOUCESTERSHIRE,1003264034,"£36,000.00",CAPITAL R&D,GL50 2RH,SUPPLIER,C19946,,Expense,393908356
DE,DEFRA,21/03/2025,EXP - PURCHASE OF GOODS/SERVICES - ICT OUTSOURCING & MAINT/SUPPORT,IT SERVICE OPERATIONS,IBM UNITED KINGDOM LTD,1003264041,"£102,029.26",IT SERVICES/SOFTWARE/HARDWARE,GU1 2LD,SUPPLIER,C20082,DEFCOOD300142,Expense,GB1073 28000
DE,DEFRA,21/03/2025,EXP - CAPITAL GRANTS TO LOCAL GOVERNMENT,LANDSCAPES,KENT COUNTY COUNCIL,1003264042,"£130,712.57",CAPITAL GRANTS,ME14 1XX,SUPPLIER,C16770,,Expense,GB20 426 9191
DE,DEFRA,21/03/2025,EXP - PURCHASE OF GOODS/SERVICES - RESEARCH & DEVELOPMENT - OTHER OUTSOURCED,FLS-ODA INTERNATIONAL NATURE CLIMATE & DEVELOPMENT,WCMC,1003264044,"£564,816.00",CAPITAL R&D,CB3 0DL,SUPPLIER(1),C22369,,Expense,995935446
DE,DEFRA,21/03/2025,EXP - PURCHASE OF GOODS/SERVICES - RESEARCH & DEVELOPMENT - OTHER OUTSOURCED,SCIENCE PROJECTS - MASTERPLAN / SCAH,KPMG LLP,1003264045,"£169,601.26",CAPITAL R&D,WD17 1DE,SUPPLIER,C23806,DEFCOOD89066,Expense,791788859
DE,DEFRA,21/03/2025,EXP - PURCHASE OF GOODS/SERVICES - OTHER PROFESSIONAL SERVICES,NORTHERN IRELAND INFRASTRUCTURE,JOHN GRAHAM CONSTRUCTION LTD,1003264049,"£25,684.84",OFFICE SERVICES,BT26 6HX,CIS SUPPLIER,19671,,Expense,GB 390813838
DE,DEFRA,21/03/2025,EXP - PURCHASE OF GOODS/SERVICES - ICT OUTSOURCING & MAINT/SUPPORT,FUTURE FARMING AND COUNTRYSIDE INITIATIVE,TPXIMPACT LTD,1003264051,"£212,400.00",IT SERVICES/SOFTWARE/HARDWARE,SE1 9RG,SUPPLIER,C26419,DEFCOOD300920,Expense,939 1484 91
DE,DEFRA,21/03/2025,EXP - CURRENT GRANTS TO LOCAL GOVERNMENT,LAND USE AND PLANNING,BATH & NORTH EAST SOMERSET COUNCIL,1003264052,"£26,807.00",OTHER CURRENT GRANTS,BS31 1ED,SUPPLIER,GIA,,Expense,639677971
DE,DEFRA,21/03/2025,EXP - PURCHASE OF GOODS/SERVICES - RESEARCH & DEVELOPMENT - OTHER OUTSOURCED,WASTE AND RECYCLING,RICARDO-A E A LTD,1003264053,"£95,954.32",CAPITAL R&D,OX11 0QR,SUPPLIER(1),C22805,,Expense,144024765
DE,DEFRA,21/03/2025,EXP - CURRENT GRANTS TO PRIVATE SECTOR - NON PROFIT INSTITUTIONS SERVING H'HOLD,F&W COMMERCIAL POLICY,LOCAL PARTNERSHIPS LLP,1003264054,"£67,725.00",OTHER CURRENT GRANTS,SW1P 3HZ,SUPPLIER,C24063,,Expense,143774695
DE,DEFRA,21/03/2025,EXP - SUBSIDIES TO PRIVATE SECTOR - COMPANIES,WATER SERVICES,SOUTH WEST WATER SERVICES LTD,1003264056,"£6,851,606.00",OTHER CURRENT GRANTS,EX2 7HR,SUPPLIER(1),FDP,,Expense,540 4651 65
DE,DEFRA,21/03/2025,EXP - PURCHASE OF GOODS/SERVICES - OTHER,WILDLIFE,UK CENTRE FOR ECOLOGY & HYDROLOGY,1003264057,"£105,112.28",OTHER,OX10 8BB,SUPPLIER,C25086,,Expense,336 940192
DE,DEFRA,21/03/2025,EXP - PURCHASE OF GOODS/SERVICES - RESEARCH & DEVELOPMENT - OTHER OUTSOURCED,"INTERNATIONAL SCIENCE, EVIDENCE AND ANALYSIS",ICF CONSULTING SERVICES LTD,1003264059,"£30,000.00",CAPITAL R&D,EC4R 1BE,SUPPLIER,C23706,,Expense,927 4872 86
DE,DEFRA,21/03/2025,PPE - POA & AUC (OWNED) - COST - ADDITIONS,SCIENCE FACILITIES - PROJECTS (WEYBRIDGE),KIER CONSTRUCTION LIMITED TRADINGF AS KIER CONSTRUCTION STRATEGIC PROJECTS,1003264064,"£95,831.99","PROPERTY, PLANT AND EQUIPMENT (PCIP CAPEX)",M50 3XP,SUPPLIER,C24434,DEFCOOD2S0008830,Asset,GB166099927
DE,DEFRA,21/03/2025,EXP - PURCHASE OF GOODS/SERVICES - OTHER PROFESSIONAL SERVICES,SHARED SERVICES CONTRACT MANAGEMENT,SHARED SERVICES CONNECTED LTD,1003264065,"£899,722.85",OFFICE SERVICES,HP2 7AH,SUPPLIER,ecm_4524,,Expense,171798078
DE,DEFRA,21/03/2025,EXP - CURRENT GRANTS TO LOCAL GOVERNMENT,LAND USE AND PLANNING,SOUTH YORKSHIRE MAYORAL COMBINED AUTHORITY,1003264073,"£26,807.00",OTHER CURRENT GRANTS,S1 2BQ,LOCAL AUTHORITIES,GIA,,Expense,GB193141026
DE,DEFRA,21/03/2025,PPE - POA & AUC (OWNED) - COST - ADDITIONS,NORTHERN IRELAND INFRASTRUCTURE,FELIX O'HARE & COMPANY LTD,1003264075,"£3,592,430.50","PROPERTY, PLANT AND EQUIPMENT (PCIP CAPEX)",BT35 8NG,CIS SUPPLIER,19837,,Asset,
DE,DEFRA,21/03/2025,EXP - PURCHASE OF GOODS/SERVICES - RESEARCH & DEVELOPMENT - OTHER OUTSOURCED,PLANT HEALTH,FERA SCIENCE LIMITED,1003264076,"£221,784.08",CAPITAL R&D,YO41 1LZ,SUPPLIER,ecm18828,,Expense,GB 618 1841 40
DE,DEFRA,21/03/2025,EXP - CURRENT GRANTS TO LOCAL GOVERNMENT,LAND USE AND PLANNING,SANDWELL METROPOLITAN BOROUGH COUNCIL,1003264086,"£26,807.00",OTHER CURRENT GRANTS,B69 3DE,LOCAL AUTHORITIES,GIA,,Expense,GB281285647
DE,DEFRA,21/03/2025,EXP - CURRENT GRANTS TO LOCAL GOVERNMENT,LAND USE AND PLANNING,HALTON BOROUGH COUNCIL,1003264090,"£26,807.00",OTHER CURRENT GRANTS,WA8 7QF,SUPPLIER,GIA,,Expense,152 8201 89
DE,DEFRA,21/03/2025,EXP - CURRENT GRANTS TO LOCAL GOVERNMENT,LANDSCAPES,BROADS INTERNAL DRAINAGE BOARD,1003264095,"£31,361.56",OTHER CURRENT GRANTS,PE30 5DD,SUPPLIER,C22424,,Expense,
DE,DEFRA,21/03/2025,EXP - PURCHASE OF GOODS/SERVICES - OTHER PROFESSIONAL SERVICES,DIGITAL TRANSFORMATION,I3WORKS LTD,1003264096,"£687,012.05",OFFICE SERVICES,BS1 4JZ,SUPPLIER,C22464,,Expense,GB200113204
DE,DEFRA,21/03/2025,EXP - PURCHASE OF GOODS/SERVICES - END USER SOFTWARE AND HARDWARE,SOLUTION ARCHITECTURE,COFORGE UK LTD,1003264097,"£269,795.38",IT SERVICES/SOFTWARE/HARDWARE,EC2M 4RB,SUPPLIER,C22459,,Expense,GB584395693
DE,DEFRA,21/03/2025,Exp - Purchase Of Goods/Services - Consultancy,SYNERGY DEFRA,KPMG LLP,1003264100,"£283,736.42",CONSULTANCY,E15 5GL,SUPPLIER,C26200,,Expense,791788859
DE,DEFRA,21/03/2025,EXP - PURCHASE OF GOODS/SERVICES - END USER SOFTWARE AND HARDWARE,LEGACY APPS PROGRAMME (LAP),CAPGEMINI UK PLC,1003264104,"£148,672.32",IT SERVICES/SOFTWARE/HARDWARE,GU21 6DB,THIRD PARTY,C5482,DEFCOOD3P6170,Expense,GB232441107
DE,DEFRA,21/03/2025,EXP - PURCHASE OF GOODS/SERV -ICT OUTSOURC & MAINT/SUPP -NETWORK SERV INC ASSETS,IT SERVICE OPERATIONS,VODAFONE  LAND,1003264112,"£255,213.37",IT SERVICES/SOFTWARE/HARDWARE,M22 5RR,Company,C15514,DEFCOOD300344,Expense,569 9532 77
DE,DEFRA,21/03/2025,EXP - PURCHASE OF GOODS/SERVICES - ICT OUTSOURCING & MAINT/SUPPORT,PARTNER RECHARGE: APHA,EQUAL EXPERTS UK LTD,1003264118,"£1,044,321.00",IT SERVICES/SOFTWARE/HARDWARE,AL1 3RD,SUPPLIER,C24064,DEFCOOD3P6220,Expense,905280834
DE,DEFRA,21/03/2025,EXP - PURCHASE OF GOODS/SERVICES - OTHER - EVIDENCE NON R&D,AIR QUALITY,RICARDO AEA LTD,1003264121,"£131,088.00",EVIDENCE NON R&D,OX11 0QR,CIS SUPPLIER,C23914,,Expense,88 8800 181
DE,DEFRA,21/03/2025,EXP - CURRENT GRANTS TO LOCAL GOVERNMENT,LAND USE AND PLANNING,DERBYSHIRE DALES DISTRICT COUNCIL,1003264160,"£26,807.00",OTHER CURRENT GRANTS,DE4 3NN,SUPPLIER,GIA,,Expense,127357074
DE,DEFRA,21/03/2025,EXP - PURCHASE OF GOODS/SERVICES - OTHER PROFESSIONAL SERVICES,EU FISHERIES POLICY & NEGOTIATION,FRANCIS TAYLOR BUILDING,1003264169,"£31,951.33",OFFICE SERVICES,EC4Y 7BY,LEGAL,LEGAL,,Expense,287795918
DE,DEFRA,21/03/2025,EXP - PURCHASE OF GOODS/SERVICES - ICT OUTSOURCING & MAINT/SUPPORT,GIODP,NETWORK FUTURES LTD,1003264170,"£271,851.58",IT SERVICES/SOFTWARE/HARDWARE,GU27 1AG,SUPPLIER,C27857,DEFCOOD3P6184,Expense,GB 583 8845 83
DE,DEFRA,24/03/2025,EXP - PURCHASE OF GOODS/SERVICES - OTHER - INTERNATIONAL SUBSCRIPTIONS,PROTECTING THE MARINE ENVIRONMENT,INTERNATIONAL WHALING COMMISSION,1003264172,"£140,000.00",INTERNATIONAL SUBSCRIPTIONS,CB4 9NP,SUPPLIER(1),SUBS,,Expense,
DE,DEFRA,24/03/2025,EXP - CAPITAL GRANTS TO LOCAL GOVERNMENT,LANDSCAPES,NORTHUMBERLAND COUNTY COUNCIL,1003264174,"£65,961.63",CAPITAL GRANTS,NE61 2EF,LOCAL AUTHORITIES,C16850,,Expense,178 3682 22
DE,DEFRA,24/03/2025,EXP - PURCHASE OF GOODS/SERVICES - OTHER - EVIDENCE NON R&D,AIR QUALITY & INDUSTRIAL EMISSIONS,UNIVERSITY OF YORK,1003264176,"£144,163.00",EVIDENCE NON R&D,YO10 5NH,CUSTOMER,C25857,,Expense,647205541
DE,DEFRA,24/03/2025,EXP - PURCHASE OF GOODS/SERVICES - END USER SOFTWARE AND HARDWARE,RURAL PAYMENTS AGENCY INFO & TECH,COMPUTACENTER (UK) LTD,1003264178,"£101,746.10",IT SERVICES/SOFTWARE/HARDWARE,AL10 9TW,SUPPLIER,19878,DEFCOOD300775,Expense,490334648
DE,DEFRA,24/03/2025,EXP - PURCHASE OF GOODS/SERVICES - RESEARCH & DEVELOPMENT - OTHER OUTSOURCED,NATURAL CAPITAL & ECOSYSTEM ASSESSMENT (TERRESTRIAL),JOINT NATURE CONSERVATION COMMITTEE,1003264179,"£31,268.40",CAPITAL R&D,PE1 1JY,NDPB,IGS,,Expense,854529109
DE,DEFRA,24/03/2025,EXP - PURCHASE OF GOODS/SERVICES - RESEARCH & DEVELOPMENT - OTHER OUTSOURCED,"RISK MANAGEMENT, IMPORTS AND INTERNATIONAL MANAGEMENT",UNIVERSITY OF EDINBURGH,1003264180,"£144,290.00",CAPITAL R&D,EH1 1HT,SUPPLIER,C22732,,Expense,592 9507 00
DE,DEFRA,24/03/2025,EXP - CURRENT GRANTS TO LOCAL GOVERNMENT,LAND USE AND PLANNING,SOUTH OXFORDSHIRE DISTRICT COUNCIL,1003264182,"£43,467.00",OTHER CURRENT GRANTS,OX14 3JE,LOCAL AUTHORITIES,GIA,,Expense,195 4628 27
DE,DEFRA,24/03/2025,EXP - PURCHASE OF GOODS/SERVICES - OTHER - PROGRAMME EXPENDITURE,"FOOD AND FARMING STRATEGY, INNOVATION, SYSTEMS",UNIVERSITY OF WARWICK,1003264183,"£32,512.76",OTHER CURRENT PAYMENTS,CV4 8UW,CUSTOMER,C24798,,Expense,GB 545 270 058
DE,DEFRA,24/03/2025,EXP - PURCHASE OF GOODS/SERVICES - END USER SOFTWARE AND HARDWARE,RURAL PAYMENTS AGENCY INFO & TECH,VERSION 1 SOLUTION LTD,1003264191,"£142,770.60",IT SERVICES/SOFTWARE/HARDWARE,B97 4DL,SUPPLIER,c15378,DEFCOOD300319,Expense,704872824
DE,DEFRA,24/03/2025,EXP - CURRENT GRANTS TO LOCAL GOVERNMENT,LAND USE AND PLANNING,DARLINGTON BOROUGH COUNCIL,1003264201,"£26,807.00",OTHER CURRENT GRANTS,TS19 1JA,SUPPLIER,GIA,,Expense,GB 259097816
DE,DEFRA,24/03/2025,EXP - PURCHASE OF GOODS/SERVICES - RESEARCH & DEVELOPMENT - OTHER OUTSOURCED,PLANT HEALTH,SHROPSHIRE COUNCIL,1003264203,"£41,506.87",CAPITAL R&D,SY2 6ND,SUPPLIER,C22257,,Expense,162347472
DE,DEFRA,24/03/2025,EXP - PURCHASE OF GOODS/SERVICES - OTHER - EVIDENCE NON R&D,AIR QUALITY & INDUSTRIAL EMISSIONS,AETHER LTD,1003264205,"£49,560.00",EVIDENCE NON R&D,OX1 1BY,SUPPLIER(1),ATAMIS C26478,,Expense,935594781
DE,DEFRA,24/03/2025,EXP - PURCHASE OF GOODS/SERVICES - RESEARCH & DEVELOPMENT - OTHER OUTSOURCED,FFCP EVIDENCE & ANALYSIS,FERA SCIENCE LIMITED,1003264207,"£203,100.18",CAPITAL R&D,YO41 1LZ,SUPPLIER,C15323,,Expense,GB 618 1841 40
DE,DEFRA,24/03/2025,EXP - PURCHASE OF GOODS/SERVICES - OTHER - EVIDENCE R&D,FOOD CHAIN ANALYSIS & FARMING STATISTICS,ALMA ECONOMICS LTD,1003264213,"£32,376.00",PROGRAMME EXPENDITURE EVIDENCE R&D,SE1 3PL,SUPPLIER,C27058,,Expense,208923405
DE,DEFRA,24/03/2025,EXP - PURCHASE OF GOODS/SERVICES - ICT OUTSOURCING & MAINT/SUPPORT,IT SERVICE OPERATIONS,IBM UNITED KINGDOM LTD,1003264214,"£346,133.23",IT SERVICES/SOFTWARE/HARDWARE,GU1 2LD,SUPPLIER,C24936,DEFCOOD300142,Expense,GB1073 28000
DE,DEFRA,24/03/2025,EXP - PURCHASE OF GOODS/SERVICES - OTHER - PROGRAMME EXPENDITURE,LANDSCAPES,NIRAS GROUP UK LTD,1003264215,"£578,178.61",OTHER CURRENT PAYMENTS,SL5 7JR,Consultancy,C15843,,Expense,GB228334175
DE,DEFRA,24/03/2025,EXP - CURRENT GRANTS TO LOCAL GOVERNMENT,LAND USE AND PLANNING,CHESHIRE WEST CHESTER COUNCIL,1003264222,"£43,467.00",OTHER CURRENT GRANTS,CH1 2NP,LOCAL AUTHORITIES,GIA,,Expense,945 1011 54
DE,DEFRA,24/03/2025,EXP - PURCHASE OF GOODS/SERVICES - RESEARCH & DEVELOPMENT - OTHER OUTSOURCED,DDTS - NCEA PROGRAMME,TELESPAZIO UK LIMITED,1003264236,"£382,567.75",CAPITAL R&D,LU1 3LU,SUPPLIER,C15501,DEFCOOD300915,Expense,GB101638353
DE,DEFRA,24/03/2025,EXP - PURCHASE OF GOODS/SERVICES - RESEARCH & DEVELOPMENT - OTHER OUTSOURCED,AIR QUALITY & INDUSTRIAL EMISSIONS,RICARDO-A E A LTD,1003264248,"£117,900.19",CAPITAL R&D,OX11 0QR,SUPPLIER(1),FDP,,Expense,144024765
DE,DEFRA,24/03/2025,EXP - PURCHASE OF GOODS/SERVICES - OTHER - PROGRAMME EXPENDITURE,EPR SCHEME ADMINISTRATOR,LOCAL PARTNERSHIPS LLP,1003264249,"£142,830.87",OTHER CURRENT PAYMENTS,SW1P 3HZ,SUPPLIER,C27264,,Expense,143774695
DE,DEFRA,24/03/2025,EXP - PURCHASE OF GOODS/SERVICES - OTHER PROFESSIONAL SERVICES,SHARED SERVICES CONTRACT MANAGEMENT,SHARED SERVICES CONNECTED LTD,1003264250,"£182,015.91",OFFICE SERVICES,HP2 7AH,SUPPLIER,ecm_4524,,Expense,171798078
DE,DEFRA,24/03/2025,EXP - PURCHASE OF GOODS/SERVICES - RESEARCH & DEVELOPMENT - OTHER OUTSOURCED,SCAH CAPITAL PROGRAMME,MERRICK & COMPANY UK LTD,1003264259,"£145,108.45",CAPITAL R&D,EC4V 6JA,SUPPLIER,C12820,DEFCOOD89067,Expense,117 3506 35
DE,DEFRA,24/03/2025,EXP - CAPITAL GRANTS TO LOCAL GOVERNMENT,LANDSCAPES,LANCASTER CITY COUNCIL (ARNSIDE & SILVERDALE AONB),1003264277,"£59,492.94",CAPITAL GRANTS,LA5 0HG,SUPPLIER,C16672,,Expense,GB155727939
DE,DEFRA,24/03/2025,EXP - PURCHASE OF GOODS/SERVICES - RESEARCH & DEVELOPMENT - OTHER OUTSOURCED,FOOD CHAIN ANALYSIS & FARMING STATISTICS,UNIVERSITY OF EXETER,1003264282,"£119,324.05",CAPITAL R&D,EX4 4QJ,THIRD PARTY,C21915,,Expense,GB142047795
DE,DEFRA,24/03/2025,EXP - PURCHASE OF GOODS/SERVICES - OTHER - EVIDENCE NON R&D,FOOD CHAIN ANALYSIS & FARMING STATISTICS,PROMAR INTERNATIONAL LTD,1003264313,"£48,000.00",EVIDENCE NON R&D,CW5 7JW,SUPPLIER(1),ecm_65239,,Expense,
DE,DEFRA,24/03/2025,EXP - CURRENT GRANTS TO PRIVATE SECTOR - NON PROFIT INSTITUTIONS SERVING H'HOLD,FLS-ODA MANAGEMENT AND INTERNATIONAL BIODIVERSITY FUNDS,CAB INTERNATIONAL,1003264319,"£115,466.68",OTHER CURRENT GRANTS,OX10 8DE,SUPPLIER,C25062,,Expense,2088 646 42
DE,DEFRA,24/03/2025,PPE - POA & AUC (OWNED) - COST - ADDITIONS - BUILDINGS,SCAH CAPITAL PROGRAMME,WILLMOTT DIXON CONSTRUCTION LTD,1003264327,"£103,324.07","PROPERTY, PLANT AND EQUIPMENT (PCIP CAPEX)",KT13 0NY,SUPPLIER,C26168,DEFCOOD89032,Asset,GB197737796
DE,DEFRA,24/03/2025,PPE - POA & AUC (OWNED) - COST - ADDITIONS,SPS BORDERS AND BOUNDARIES,ISS MEDICLEAN LTD,1003264329,"£772,710.91","PROPERTY, PLANT AND EQUIPMENT (PCIP CAPEX)",KT13 0SL,CIS SUPPLIER,17577,,Asset,
DE,DEFRA,24/03/2025,EXP - CURRENT GRANTS TO LOCAL GOVERNMENT,LAND USE AND PLANNING,ROTHERHAM METROPOLITAN BOROUGH COUNCIL,1003264330,"£26,807.00",OTHER CURRENT GRANTS,S60 1AE,SUPPLIER,GIA,,Expense,GB 173552264
DE,DEFRA,24/03/2025,EXP - CURRENT GRANTS TO LOCAL GOVERNMENT,LAND USE AND PLANNING,REDCAR AND CLEVELAND BOROUGH COUNCIL,1003264338,"£26,807.00",OTHER CURRENT GRANTS,TS10 1RT,SUPPLIER,GIA,,Expense,GB259077726
DE,DEFRA,24/03/2025,EXP - CURRENT GRANTS TO LOCAL GOVERNMENT,LAND USE AND PLANNING,MANCHESTER CITY COUNCIL,1003264347,"£43,467.00",OTHER CURRENT GRANTS,M60 2LA,SUPPLIER,GIA,,Expense,149 151 958
DE,DEFRA,24/03/2025,EXP - PURCHASE OF GOODS/SERVICES - ICT OUTSOURCING & MAINT/SUPPORT,GROUP INFRASTRUCTURE & OPERATIONS,EVIDEN,1003264352,"£844,525.19",IT SERVICES/SOFTWARE/HARDWARE,WV10 6UH,SUPPLIER,C15551,DEFCOOD300151,Expense,GB232327983
DE,DEFRA,24/03/2025,EXP - PURCHASE OF GOODS/SERVICES - RESEARCH & DEVELOPMENT - OTHER OUTSOURCED,MARINE NATURAL CAPITAL ECO ASSESSMENT (NCEA),IMAREST,1003264357,"£26,700.00",CAPITAL R&D,SW1H 9JJ,SUPPLIER,27338,,Expense,465314253
DE,DEFRA,24/03/2025,EXP - CURRENT GRANTS TO CENTRAL GOVERNMENT,LAND USE AND PLANNING,EBBSFLEET DEVELOPMENT CORPORATION,1003264364,"£26,807.00",OTHER CURRENT GRANTS,DA10 1EE,SUPPLIER,C25347,,Expense,254 7314 06
DE,DEFRA,24/03/2025,EXP - PURCHASE OF GOODS/SERVICES - OTHER PROFESSIONAL SERVICES,FFCP LEGAL STANDARDS,CONSTRUCTION INDUSTRY RESEARCH AND INFORMATION ASSOCIATION,1003264371,"£36,000.00",OFFICE SERVICES,EC1V 2NX,SUPPLIER,C28299,,Expense,
DE,DEFRA,24/03/2025,EXP - PURCHASE OF GOODS/SERVICES - OTHER PROFESSIONAL SERVICES,DIGITAL TRANSFORMATION,I3WORKS LTD,1003264376,"£287,470.38",OFFICE SERVICES,BS1 4JZ,SUPPLIER,C22464,,Expense,GB200113204
DE,DEFRA,24/03/2025,EXP - PURCHASE OF GOODS/SERVICES - END USER SOFTWARE AND HARDWARE,GIO RESOURCES,COFORGE UK LTD,1003264377,"£504,774.80",IT SERVICES/SOFTWARE/HARDWARE,EC2M 4RB,SUPPLIER,C22459,,Expense,GB584395693
DE,DEFRA,25/03/2025,EXP - CURRENT GRANTS TO LOCAL GOVERNMENT,LAND USE AND PLANNING,NEWCASTLE CITY COUNCIL,1003264386,"£26,807.00",OTHER CURRENT GRANTS,NE99 2BN,THIRD PARTY,GIA,,Expense,GB178208051
DE,DEFRA,25/03/2025,EXP - PURCHASE OF GOODS/SERVICES - OTHER - EVIDENCE NON R&D,CONSISTENT WASTE COLLECTION,EUNOMIA RESEARCH & CONSULTING LTD,1003264387,"£45,612.20",EVIDENCE NON R&D,BS1 4QS,SUPPLIER,C26864,,Expense,771922024
DE,DEFRA,25/03/2025,EXP - PURCHASE OF GOODS/SERVICES - RESEARCH & DEVELOPMENT - OTHER OUTSOURCED,F&W EVIDENCE,JACOBS UK LTD,1003264388,"£77,574.48",CAPITAL R&D,LS11 9DX,CIS SUPPLIER,C27609,,Expense,GB624298920
DE,DEFRA,25/03/2025,EXP - PURCHASE OF GOODS/SERVICES - OTHER - EVIDENCE NON R&D,PLANT HEALTH,FERA SCIENCE LIMITED,1003264389,"£534,519.10",EVIDENCE NON R&D,YO41 1LZ,SUPPLIER,C15323,,Expense,GB 618 1841 40
DE,DEFRA,25/03/2025,EXP - PURCHASE OF GOODS/SERVICES - RESEARCH & DEVELOPMENT - OTHER OUTSOURCED,FFCP EVIDENCE & ANALYSIS,GUTTERIDGE HASKINS & DAVEY LTD,1003264393,"£231,000.00",CAPITAL R&D,CH2 4NU,SUPPLIER,C16877,,Expense,GB 329 0287 01
DE,DEFRA,25/03/2025,EXP - PURCHASE OF GOODS/SERVICES - ICT OUTSOURCING & MAINT/SUPPORT,IT SERVICE OPERATIONS,CSC COMPUTER SCIENCES LTD,1003264398,"£59,471.45",IT SERVICES/SOFTWARE/HARDWARE,GU11 1PZ,SUPPLIER,ecm_52093,DEFCOOD301019,Expense,584686581
DE,DEFRA,25/03/2025,EXP - PURCHASE OF GOODS/SERVICES - ACCOMMODATION & BLDNG MANAGEMENT,PROPERTY PORTFOLIO DELIVERY (CAPITAL),LOGAN CONSTRUCTION SOUTH EAST LTD,1003264400,"£28,188.00",ESTATE MANAGEMENT,ME15 6HD,CIS SUPPLIER,ECM-33426,DEFCOOD200190018,Expense,674915890
DE,DEFRA,25/03/2025,EXP - PURCHASE OF GOODS/SERVICES - RESEARCH & DEVELOPMENT - OTHER OUTSOURCED,MARINE NATURAL CAPITAL ECO ASSESSMENT (NCEA),MOTT MACDONALD LTD,1003264407,"£39,055.50",CAPITAL R&D,CR0 2EE,SUPPLIER,26117,,Expense,GB 523765636
DE,DEFRA,25/03/2025,EXP - PURCHASE OF GOODS/SERVICES - RESEARCH & DEVELOPMENT - OTHER OUTSOURCED,FFCP EVIDENCE & ANALYSIS,VERIAN GROUP UK LTD,1003264416,"£126,293.82",CAPITAL R&D,SW10 3JA,SUPPLIER,C28317,,Expense,GB394563949
DE,DEFRA,25/03/2025,EXP - PURCHASE OF GOODS/SERVICES - ICT OUTSOURCING & MAINT/SUPPORT,IT SERVICE OPERATIONS,IBM UNITED KINGDOM LTD,1003264418,"£103,160.99",IT SERVICES/SOFTWARE/HARDWARE,GU1 2LD,SUPPLIER,C5495,DEFCOOD300142,Expense,GB1073 28000
DE,DEFRA,25/03/2025,EXP - PURCHASE OF GOODS/SERVICES - ELECTRICITY,PROPERTY TECHNICAL SERVICES,EDF ENERGY PLC,1003264421,"£1,108,309.43",ESTATE MANAGEMENT,CR0 2AJ,SUPPLIER,C24241,,Expense,523041202
DE,DEFRA,25/03/2025,EXP - PURCHASE OF GOODS/SERVICES - OTHER - EVIDENCE NON R&D,"FOOD AND FARMING STRATEGY, INNOVATION, SYSTEMS",RSK ADAS LTD,1003264422,"£153,392.04",EVIDENCE NON R&D,WA6 0AR,SUPPLIER,C21258,,Expense,256435886
DE,DEFRA,25/03/2025,Exp - Purchase Of Goods/Services - Consultancy,HR DIGITAL & AUTOMATION,KPMG LLP,1003264424,"£154,046.71",CONSULTANCY,E15 5GL,SUPPLIER,C25399,,Expense,791788859
DE,DEFRA,25/03/2025,EXP - PURCHASE OF GOODS/SERVICES - RESEARCH & DEVELOPMENT - OTHER OUTSOURCED,ENVIRONMENT SCIENCE AND ANALYSIS,ICF CONSULTING SERVICES LTD,1003264427,"£45,857.34",CAPITAL R&D,EC4R 1BE,SUPPLIER,C22928,,Expense,927 4872 86
DE,DEFRA,25/03/2025,EXP - CURRENT GRANTS TO LOCAL GOVERNMENT,LAND USE AND PLANNING,ADUR DISTRICT COUNCIL,1003264431,"£26,807.00",OTHER CURRENT GRANTS,BN11 1HS,SUPPLIER,GIA,,Expense,GB191569335
DE,DEFRA,25/03/2025,EXP - PURCHASE OF GOODS/SERVICES - END USER SOFTWARE AND HARDWARE,IT SERVICE OPERATIONS,1SPATIAL GROUP LTD,1003264432,"£477,600.00",IT SERVICES/SOFTWARE/HARDWARE,CB4 0WZ,SUPPLIER,28385,DEFCOOD300809,Expense,GB100177077
DE,DEFRA,25/03/2025,EXP - CURRENT GRANTS TO PRIVATE SECTOR - NON PROFIT INSTITUTIONS SERVING H'HOLD,FUTURE FUNDING FOR UK SEAFOOD FUND,SEAFOOD CORNWALL TRAINING LTD,1003264437,"£33,139.90",OTHER CURRENT GRANTS,TR18 5HL,SUPPLIER,67026,,Expense,
DE,DEFRA,25/03/2025,EXP - PURCHASE OF GOODS/SERVICES - ACCOMMODATION & BLDNG MANAGEMENT,SPS BORDERS AND BOUNDARIES,HMRC ACCOUNTS RECIEVABLE,1003264439,"£1,182,029.08",ESTATE MANAGEMENT,BN11 1UR,SUPPLIER,IGS,,Expense,GB888848141
DE,DEFRA,25/03/2025,EXP - CURRENT GRANTS TO LOCAL GOVERNMENT,LAND USE AND PLANNING,KIRKLEES COUNCIL,1003264449,"£43,467.00",OTHER CURRENT GRANTS,HD1 2NF,SUPPLIER,GIA,,Expense,184352457  GB
DE,DEFRA,25/03/2025,PPE - POA & AUC (OWNED) - COST - ADDITIONS,SCIENCE FACILITIES - PROJECTS (WEYBRIDGE),WALTER LILLY & CO LTD,1003264456,"£326,249.45","PROPERTY, PLANT AND EQUIPMENT (PCIP CAPEX)",CR0 6SR,CIS SUPPLIER,C21986,DEFCOOD2S0008803,Asset,208033404
DE,DEFRA,25/03/2025,EXP - PURCHASE OF GOODS/SERVICES - OTHER FACILITIES COSTS - SECURITY SERVICES,PROPERTY DELIVERY EAST,ISS MEDICLEAN LTD,1003264464,"£148,061.55",ESTATE MANAGEMENT,KT13 0SL,CIS SUPPLIER,17577,,Expense,
DE,DEFRA,25/03/2025,EXP - PURCHASE OF GOODS/SERVICES - ICT OUTSOURCING & MAINT/SUPPORT,GIODP,PACE-XL,1003264469,"£36,120.00",IT SERVICES/SOFTWARE/HARDWARE,N1 7GU,THIRD PARTY,C24155,DEFCOOD3P6330,Expense,GB7015920554
DE,DEFRA,25/03/2025,EXP - CAPITAL GRANTS TO LOCAL GOVERNMENT,LANDSCAPES,WITHAM FIRST DISTRICT INTERNAL DRAINAGE BOARD,1003264478,"£118,693.40",CAPITAL GRANTS,LN6 9GJ,SUPPLIER,C22447,,Expense,
DE,DEFRA,25/03/2025,EXP - PURCHASE OF GOODS/SERVICES - RESEARCH & DEVELOPMENT - OTHER OUTSOURCED,PLANT HEALTH,THE TREE COUNCIL,1003264488,"£157,019.12",CAPITAL R&D,SE16 2XU,SUPPLIER,C22251,,Expense,562973606
DE,DEFRA,25/03/2025,EXP - PURCHASE OF GOODS/SERVICES - ICT OUTSOURCING & MAINT/SUPPORT,DDTS - CROSS CUTTING TECHNICAL,EQUAL EXPERTS UK LTD,1003264493,"£157,181.40",IT SERVICES/SOFTWARE/HARDWARE,AL1 3RD,SUPPLIER,C24064,DEFCOOD300939,Expense,905280834
DE,DEFRA,25/03/2025,EXP - PURCHASE OF GOODS/SERVICES - RESEARCH & DEVELOPMENT - OTHER OUTSOURCED,"RISK MANAGEMENT, IMPORTS AND INTERNATIONAL MANAGEMENT",UNIVERSITY OF LIVERPOOL,1003264496,"£26,205.70",CAPITAL R&D,L69 7ZX,SUPPLIER,C26491,,Expense,673 5988 75
DE,DEFRA,25/03/2025,EXP - CURRENT GRANTS TO PRIVATE SECTOR - NON PROFIT INSTITUTIONS SERVING H'HOLD,FFCP POLICY ENGAGEMENT & STRATEGY,YANA,1003264507,"£35,807.69",OTHER CURRENT GRANTS,NR5 0TT,SUPPLIER,C25155,,Expense,
DE,DEFRA,25/03/2025,EXP - CURRENT GRANTS TO LOCAL GOVERNMENT,LAND USE AND PLANNING,LONDON BOROUGH OF EALING,1003264509,"£43,400.00",OTHER CURRENT GRANTS,W5 2BY,LOCAL AUTHORITIES,GIA,,Expense,GB226670070
DE,DEFRA,25/03/2025,EXP - PURCHASE OF GOODS/SERVICES - OTHER - EVIDENCE NON R&D,AIR QUALITY & INDUSTRIAL EMISSIONS,RICARDO AEA LTD,1003264522,"£52,837.00",EVIDENCE NON R&D,OX11 0QR,CIS SUPPLIER,ATAMIS C13625,,Expense,88 8800 181
DE,DEFRA,25/03/2025,EXP - PURCHASE OF GOODS/SERVICES - RESEARCH & DEVELOPMENT - OTHER OUTSOURCED,CONSISTENT WASTE COLLECTION,RESOURCE FUTURES LTD,1003264529,"£101,997.53",CAPITAL R&D,BS1 6XN,SUPPLIER,C16273,,Expense,
DE,DEFRA,25/03/2025,EXP - PURCHASE OF GOODS/SERVICES - RESEARCH & DEVELOPMENT - OTHER OUTSOURCED,"FOOD AND FARMING STRATEGY, INNOVATION, SYSTEMS",SRUC INNOVATION LTD,1003264530,"£52,014.70",CAPITAL R&D,EH9 3JG,SUPPLIER,C23306,,Expense,GB 435 882 817
DE,DEFRA,25/03/2025,EXP - PURCHASE OF GOODS/SERVICES - ICT OUTSOURCING & MAINT/SUPPORT,GROUP INFRASTRUCTURE & OPERATIONS,SITEKIT SYSTEMS LTD,1003264532,"£115,218.86",IT SERVICES/SOFTWARE/HARDWARE,IV51 9HL,SUPPLIER,C24743,DEFCOOD300825,Expense,108 265 034
DE,DEFRA,25/03/2025,EXP - CURRENT GRANTS TO LOCAL GOVERNMENT,LAND USE AND PLANNING,MANSFIELD DISTRICT COUNCIL,1003264533,"£26,807.00",OTHER CURRENT GRANTS,NG19 7BH,SUPPLIER,GIA,,Expense,
DE,DEFRA,25/03/2025,EXP - PURCHASE OF GOODS/SERVICES - RESEARCH & DEVELOPMENT - OTHER OUTSOURCED,MARINE AND FISHERIES EVIDENCE,ICF CONSULTING SERVICES LTD,1003264538,"£91,617.74",CAPITAL R&D,EC2R 8HP,SUPPLIER,22928,,Expense,927 4872 86
DE,DEFRA,25/03/2025,EXP - CURRENT GRANTS TO LOCAL GOVERNMENT,LANDSCAPES,SOMERSET COUNTY COUNCIL,1003264545,"£60,590.00",OTHER CURRENT GRANTS,TA1 4DY,THIRD PARTY,GIA,,Expense,131254412
DE,DEFRA,25/03/2025,EXP - CAPITAL GRANTS TO LOCAL GOVERNMENT,LANDSCAPES,SUFFOLK COUNTY COUNCIL,1003264546,"£84,372.26",CAPITAL GRANTS,IP1 2BX,SUPPLIER,C16878,,Expense,GB 1041 78791
DE,DEFRA,25/03/2025,EXP - CURRENT GRANTS TO LOCAL GOVERNMENT,LAND USE AND PLANNING,MAIDSTONE BOROUGH COUNCIL,1003264547,"£26,807.00",OTHER CURRENT GRANTS,ME15 6JQ,SUPPLIER,GIA,,Expense,204268978
DE,DEFRA,25/03/2025,EXP CAPITAL GRANTS TO PTE SECTOR - PERSONS & NON PROFIT INSTIT'NS SERVING H'HOLD,LANDSCAPES,CHICHESTER HARBOUR AONB,1003264560,"£61,613.06",CAPITAL GRANTS,PO20 7AW,CUSTOMER,C16688,,Expense,192711069
DE,DEFRA,25/03/2025,EXP - PURCHASE OF GOODS/SERVICES - RESEARCH & DEVELOPMENT - OTHER OUTSOURCED,"FOOD AND FARMING STRATEGY, INNOVATION, SYSTEMS",AGRI-FOOD & BIOSCIENCES INSTITUTE,1003264561,"£417,667.26",CAPITAL R&D,BT9 5PX,OGD,C26371,,Expense,877233106
DE,DEFRA,25/03/2025,EXP - PURCHASE OF GOODS/SERVICES - RESEARCH & DEVELOPMENT - OTHER OUTSOURCED,PLANT HEALTH,ROYAL BOTANIC GARDENS KEW,1003264562,"£226,438.33",CAPITAL R&D,TW9 3AB,SUPPLIER,62143,,Expense,
DE,DEFRA,25/03/2025,EXP - CURRENT GRANTS TO PRIVATE SECTOR - NON PROFIT INSTITUTIONS SERVING H'HOLD,FFCP POLICY ENGAGEMENT & STRATEGY,THE FARMING COMMUNITY NETWORK,1003264563,"£127,144.00",OTHER CURRENT GRANTS,NN11 7JG,SUPPLIER,C23693,,Expense,
DE,DEFRA,25/03/2025,EXP - CURRENT GRANTS TO PRIVATE SECTOR - NON PROFIT INSTITUTIONS SERVING H'HOLD,LAND USE AND PLANNING,IMPROVEMENT & DEVELOPMENT AGENCY,1003264565,"£127,938.33",OTHER CURRENT GRANTS,SW1P 3HZ,SUPPLIER,C24161,,Expense,
DE,DEFRA,25/03/2025,EXP - PURCHASE OF GOODS/SERVICES - TELECOMS,GROUP INFRASTRUCTURE & OPERATIONS,VODAFONE LTD,1003264568,"£76,244.62",OFFICE SERVICES,RG14 2FN,SUPPLIER,C15540,DEFCOOD300421,Expense,GB 569 9532 77
DE,DEFRA,26/03/2025,EXP - CURRENT GRANTS TO LOCAL GOVERNMENT,LAND USE AND PLANNING,LUTON BOROUGH COUNCIL,1003264588,"£26,807.00",OTHER CURRENT GRANTS,LU1 2BQ,CUSTOMER,GIA,,Expense,198210747
DE,DEFRA,26/03/2025,EXP - PURCHASE OF GOODS/SERVICES - RESEARCH & DEVELOPMENT - OTHER OUTSOURCED,ENVIRONMENT SCIENCE AND ANALYSIS,UK CENTRE FOR ECOLOGY & HYDROLOGY,1003264591,"£339,920.85",CAPITAL R&D,OX10 8BB,SUPPLIER,C22543,,Expense,336 940192
DE,DEFRA,26/03/2025,EXP - CURRENT GRANTS TO PRIVATE SECTOR - NON PROFIT INSTITUTIONS SERVING H'HOLD,FFCP POLICY ENGAGEMENT & STRATEGY,THE FARMER NETWORK LTD,1003264592,"£28,901.66",OTHER CURRENT GRANTS,CA11 0AH,SUPPLIER,C25154,,Expense,890867373
DE,DEFRA,26/03/2025,EXP - CURRENT GRANTS TO LOCAL GOVERNMENT,LAND USE AND PLANNING,LONDON BOROUGH OF HILLINGDON,1003264594,"£43,072.02",OTHER CURRENT GRANTS,UB8 1LA,SUPPLIER,GIA,,Expense,GB222433654
DE,DEFRA,26/03/2025,PPE - POA & AUC (OWNED) - COST - ADDITIONS,PROPERTY PORTFOLIO DELIVERY (CAPITAL),SENATOR INTERNATIONAL LTD,1003264601,"£63,311.20","PROPERTY, PLANT AND EQUIPMENT (PCIP CAPEX)",BB55YE,SUPPLIER,ecm56268,DEFCOOD24MPW009E,Asset,
DE,DEFRA,26/03/2025,EXP - PURCHASE OF GOODS/SERVICES - ICT OUTSOURCING & MAINT/SUPPORT,GIODP,NETWORK FUTURES LTD,1003264602,"£80,273.16",IT SERVICES/SOFTWARE/HARDWARE,GU27 1AG,SUPPLIER,C20045,DEFCOOD3P6227,Expense,GB 583 8845 83
DE,DEFRA,26/03/2025,PPE - POA & AUC (OWNED) - COST - ADDITIONS,SCIENCE FACILITIES - PROJECTS (WEYBRIDGE),TETRA TECH LTD,1003264605,"£34,339.78","PROPERTY, PLANT AND EQUIPMENT (PCIP CAPEX)",LS1 4ER,SUPPLIER,C27920,DEFCOOD2S0009025,Asset,431032608
DE,DEFRA,26/03/2025,Exp - Purchase Of Goods/Services - Consultancy,FFCP DELIVERY & CORPORATE BUSINESS,PUBLIC DIGITAL LTD,1003264611,"£108,192.00",CONSULTANCY,EC1R 3AU,SUPPLIER,C24707,,Expense,230190355
DE,DEFRA,26/03/2025,EXP - PURCHASE OF GOODS/SERVICES - RESEARCH & DEVELOPMENT - OTHER OUTSOURCED,NATURAL CAPITAL & ECOSYSTEM ASSESSMENT (TERRESTRIAL),FERA SCIENCE LIMITED,1003264617,"£1,901,597.51",CAPITAL R&D,YO41 1LZ,SUPPLIER,15323,,Expense,GB 618 1841 40
DE,DEFRA,26/03/2025,EXP - PURCHASE OF GOODS/SERVICES - RESEARCH & DEVELOPMENT - OTHER OUTSOURCED,PLANT HEALTH,JOHN INNES CENTRE,1003264639,"£39,634.50",CAPITAL R&D,NR4 7UH,CUSTOMER,C23318,,Expense,
DE,DEFRA,26/03/2025,EXP - PURCHASE OF GOODS/SERVICES - END USER SOFTWARE AND HARDWARE,GROUP INFRASTRUCTURE & OPERATIONS,CROWN HOSTING DATA CENTRES LTD,1003264648,"£39,987.37",IT SERVICES/SOFTWARE/HARDWARE,SN13 9GB,SUPPLIER,C22898,DEFCOOD300576,Expense,207 0003 75
DE,DEFRA,26/03/2025,EXP - PURCHASE OF GOODS/SERVICES - RESEARCH & DEVELOPMENT - OTHER OUTSOURCED,FUTURE FUNDING FOR UK SEAFOOD FUND,BANGOR UNIVERSITY,1003264649,"£172,257.57",CAPITAL R&D,LL57 2DG,SUPPLIER,ecm_66385,,Expense,GB728 8856 74
DE,DEFRA,26/03/2025,PPE - POA & AUC (OWNED) - COST - ADDITIONS,NORTHERN IRELAND INFRASTRUCTURE,JOHN GRAHAM CONSTRUCTION LTD,1003264652,"£8,125,416.25","PROPERTY, PLANT AND EQUIPMENT (PCIP CAPEX)",BT26 6HX,CIS SUPPLIER,19671,,Asset,GB 390813838
DE,DEFRA,26/03/2025,EXP - PURCHASE OF GOODS/SERVICES - OTHER PROFESSIONAL SERVICES,DDTS - FISH,CAPGEMINI UK PLC,1003264683,"£283,781.06",OFFICE SERVICES,GU21 6DB,THIRD PARTY,C27369,,Expense,GB232441107
DE,DEFRA,26/03/2025,Exp - Purchase Of Goods/Services - Consultancy,SPS BORDERS AND BOUNDARIES,WSP UK LTD,1003264685,"£41,298.30",CONSULTANCY,M15 4RP,CIS SUPPLIER,C19835,,Expense,GB 905 0549 42
DE,DEFRA,26/03/2025,PPE - POA & AUC (OWNED) - COST - ADDITIONS,NORTHERN IRELAND INFRASTRUCTURE,CTS PROJECTS LTD,1003264686,"£598,372.96","PROPERTY, PLANT AND EQUIPMENT (PCIP CAPEX)",BT34 3PN,CIS SUPPLIER,19839,,Asset,
DE,DEFRA,26/03/2025,EXP - CAPITAL GRANTS TO LOCAL GOVERNMENT,LANDSCAPES,SUFFOLK COUNTY COUNCIL,1003264690,"£60,393.28",CAPITAL GRANTS,IP1 2BX,SUPPLIER,C16706,,Expense,GB 1041 78791
DE,DEFRA,26/03/2025,EXP - CAPITAL GRANTS TO LOCAL GOVERNMENT,LANDSCAPES,CORNWALL COUNCIL,1003264692,"£114,466.16",CAPITAL GRANTS,TR1 3AY,THIRD PARTY,C16700,,Expense,132746770
DE,DEFRA,26/03/2025,EXP - PURCHASE OF GOODS/SERVICES - RESEARCH & DEVELOPMENT - OTHER OUTSOURCED,"INTERNATIONAL SCIENCE, EVIDENCE AND ANALYSIS",WCMC,1003264693,"£302,379.54",CAPITAL R&D,CB3 0DL,SUPPLIER(1),C23386,,Expense,995935446
DE,DEFRA,26/03/2025,EXP - CAPITAL GRANTS TO LOCAL GOVERNMENT,LANDSCAPES,ISLE OF WIGHT AONB,1003264695,"£59,762.90",CAPITAL GRANTS,PO30 2QS,CUSTOMER,C16769,,Expense,
DE,DEFRA,26/03/2025,EXP - PURCHASE OF GOODS/SERV -ICT OUTSOURC & MAINT/SUPP -NETWORK SERV INC ASSETS,IT SERVICE OPERATIONS,VODAFONE  LAND,1003264698,"£132,962.39",IT SERVICES/SOFTWARE/HARDWARE,M22 5RR,Company,ecm_51921,DEFCOOD300347,Expense,569 9532 77
DE,DEFRA,26/03/2025,PPE - POA & AUC (OWNED) - COST - ADDITIONS,PROPERTY PORTFOLIO DELIVERY (CAPITAL),ISS MEDICLEAN LTD,1003264704,"£141,945.54","PROPERTY, PLANT AND EQUIPMENT (PCIP CAPEX)",KT13 0SL,CIS SUPPLIER,C17577,DEFCOOD22EADT52E,Asset,
DE,DEFRA,26/03/2025,EXP - CURRENT GRANTS TO LOCAL GOVERNMENT,LANDSCAPES,SURREY COUNTY COUNCIL,1003264729,"£89,227.24",OTHER CURRENT GRANTS,KT1 2DN,SUPPLIER,C16892,,Expense,GB 216947249
DE,DEFRA,26/03/2025,EXP - CURRENT GRANTS TO LOCAL GOVERNMENT,LAND USE AND PLANNING,LONDON BOROUGH OF ENFIELD,1003264730,"£43,467.00",OTHER CURRENT GRANTS,EN1 3XA,SUPPLIER,GIA,,Expense,
DE,DEFRA,26/03/2025,EXP - PURCHASE OF GOODS/SERVICES - ICT OUTSOURCING & MAINT/SUPPORT,PARTNER RECHARGE: APHA,ESRI UK LIMITED,1003264737,"£224,977.75",IT SERVICES/SOFTWARE/HARDWARE,HP21 7QG,SUPPLIER,C20152,,Expense,GB787430791
DE,DEFRA,26/03/2025,EXP - CAPITAL GRANTS TO LOCAL GOVERNMENT,LANDSCAPES,PARRETT INTERNAL DRAINAGE BOARD,1003264739,"£110,872.97",CAPITAL GRANTS,TA9 3BW,CUSTOMER,C22448,,Expense,783 6494 80
DE,DEFRA,26/03/2025,PPE - POA & AUC (OWNED) - COST - ADDITIONS,BIM AND ASSET MANAGEMENT AND INNOVATIONS PROGRAMME,BEST PRACTICE GROUP PLC,1003264748,"£77,332.56","PROPERTY, PLANT AND EQUIPMENT (PCIP CAPEX)",WN5 7XX,SUPPLIER,C25390,,Asset,GB732457338
DE,DEFRA,26/03/2025,EXP - CURRENT GRANTS TO LOCAL GOVERNMENT,LANDSCAPES,THE BROADS AUTHORITY,1003264752,"£90,060.00",OTHER CURRENT GRANTS,NR1 1RY,SUPPLIER,C21992,,Expense,GB525230186
DE,DEFRA,27/03/2025,EXP - PURCHASE OF GOODS/SERVICES - RESEARCH & DEVELOPMENT - OTHER OUTSOURCED,STRATEGIC EVIDENCE PARTNERS,ANDTHEN,1003264793,"£54,447.12",CAPITAL R&D,G1 5QH,SUPPLIER,23462,,Expense,
DE,DEFRA,27/03/2025,EXP - PURCHASE OF GOODS/SERVICES - RESEARCH & DEVELOPMENT - OTHER OUTSOURCED,FFCP EVIDENCE & ANALYSIS,UK CENTRE FOR ECOLOGY & HYDROLOGY,1003264798,"£59,713.03",CAPITAL R&D,E14 5HP,SUPPLIER,C26342,,Expense,336 940192
DE,DEFRA,27/03/2025,EXP - PURCHASE OF GOODS/SERVICES - ICT OUTSOURCING & MAINT/SUPPORT,GIODP,NETWORK FUTURES LTD,1003264799,"£84,384.00",IT SERVICES/SOFTWARE/HARDWARE,GU27 1AG,SUPPLIER,C27857,DEFCOOD3P6572,Expense,GB 583 8845 83
DE,DEFRA,27/03/2025,EXP - PURCHASE OF GOODS/SERVICES - RESEARCH & DEVELOPMENT - OTHER OUTSOURCED,FFCP EVIDENCE & ANALYSIS,AGRIMETRICS LTD,1003264800,"£171,372.49",CAPITAL R&D,RG6 6BU,SUPPLIER,C22642,,Expense,220686029
DE,DEFRA,27/03/2025,IA - POA & AUC - COST - ADDITIONS,FUTURE FARMING AND COUNTRYSIDE INITIATIVE,EQUAL EXPERTS UK LTD,1003264804,"£1,293,896.40",INTANGIBLE ASSETS (ICIP CAPEX),AL1 3RD,SUPPLIER,C24064,DEFCOOD3P6047,Asset,905280834
DE,DEFRA,27/03/2025,PPE - POA & AUC (OWNED) - COST - ADDITIONS,SCIENCE FACILITIES - PROJECTS (WEYBRIDGE),NORMAN ROURKE PRYME LTD,1003264814,"£35,709.30","PROPERTY, PLANT AND EQUIPMENT (PCIP CAPEX)",SE1 0RF,SUPPLIER,C20998,DEFCOOD2S0008700,Asset,GB132818618
DE,DEFRA,27/03/2025,EXP - PURCHASE OF GOODS/SERVICES - RESEARCH & DEVELOPMENT - OTHER OUTSOURCED,"INTERNATIONAL SCIENCE, EVIDENCE AND ANALYSIS",ICF CONSULTING SERVICES LTD,1003264817,"£391,539.58",CAPITAL R&D,EC2R 8HP,SUPPLIER,C27592,,Expense,927 4872 86
DE,DEFRA,27/03/2025,EXP - CURRENT GRANTS TO LOCAL GOVERNMENT,LAND USE AND PLANNING,WEST NORTHAMPTONSHIRE COUNCIL,1003264822,"£41,122.90",OTHER CURRENT GRANTS,NN1 1DE,SUPPLIER,GIA,,Expense,GB 370152133
DE,DEFRA,27/03/2025,EXP - PURCHASE OF GOODS/SERVICES - RESEARCH & DEVELOPMENT - OTHER OUTSOURCED,"RISK MANAGEMENT, IMPORTS AND INTERNATIONAL MANAGEMENT",THE QUEENS UNIVERSITY OF BELFAST,1003264827,"£53,508.00",CAPITAL R&D,BT7 1NN,SUPPLIER,C26682,,Expense,GB 254 7995 11
DE,DEFRA,27/03/2025,EXP - PURCHASE OF GOODS/SERVICES - RESEARCH & DEVELOPMENT - OTHER OUTSOURCED,FFCP EVIDENCE & ANALYSIS,GUTTERIDGE HASKINS & DAVEY LTD,1003264829,"£231,000.00",CAPITAL R&D,CH2 4NU,SUPPLIER,C16877,,Expense,GB 329 0287 01
DE,DEFRA,27/03/2025,EXP - PURCHASE OF GOODS/SERVICES - RESEARCH & DEVELOPMENT - OTHER OUTSOURCED,FFCP EVIDENCE & ANALYSIS,VERIAN GROUP UK LTD,1003264842,"£85,113.30",CAPITAL R&D,SW10 3JA,SUPPLIER,C27499,,Expense,GB394563949
DE,DEFRA,27/03/2025,EXP - PURCHASE OF GOODS/SERVICES - OFFICE RELATED - PRINTING,KNOWLEDGE AND INFORMATION MANAGEMENT,PRENAX LIMITED,1003264850,"£62,465.50",STATIONERY & PRINTING,BA20 2HL,SUPPLIER,SUBS,,Expense,
DE,DEFRA,27/03/2025,EXP - PURCHASE OF GOODS/SERVICES - RESEARCH & DEVELOPMENT - OTHER OUTSOURCED,MARINE AND FISHERIES EVIDENCE,ICF CONSULTING SERVICES LTD,1003264854,"£29,496.00",CAPITAL R&D,EC4R 1BE,SUPPLIER,13346,,Expense,927 4872 86
DE,DEFRA,27/03/2025,EXP - PURCHASE OF GOODS/SERVICES - RESEARCH & DEVELOPMENT - OTHER OUTSOURCED,SCIENCE PROJECTS - MASTERPLAN / SCAH,WSP UK LTD,1003264863,"£2,099,493.11",CAPITAL R&D,M15 4RP,CIS SUPPLIER,C25384,DEFCOOD89067,Expense,GB 905 0549 42
DE,DEFRA,27/03/2025,PPE - POA & AUC (OWNED) - COST - ADDITIONS,PROPERTY PORTFOLIO DELIVERY (CAPITAL),ISS MEDICLEAN LTD,1003264870,"£1,122,246.59","PROPERTY, PLANT AND EQUIPMENT (PCIP CAPEX)",KT13 0SL,CIS SUPPLIER,17577,DEFCOOD24MPW008E,Asset,
DE,DEFRA,27/03/2025,EXP - PURCHASE OF GOODS/SERVICES - RESEARCH & DEVELOPMENT - OTHER OUTSOURCED,FFCP EVIDENCE & ANALYSIS,I C F CONSULTING SERVICES LTD,1003264873,"£67,140.00",CAPITAL R&D,EC4R 1BE,SUPPLIER,ECM_62320,,Expense,9274 872 86
DE,DEFRA,27/03/2025,EXP - PURCHASE OF GOODS/SERVICES - RESEARCH & DEVELOPMENT - OTHER OUTSOURCED,"INTERNATIONAL SCIENCE, EVIDENCE AND ANALYSIS",EFECA,1003264884,"£42,000.00",CAPITAL R&D,BH8 8EZ,SUPPLIER,C27208,,Expense,GB974368181
DE,DEFRA,27/03/2025,EXP - CURRENT GRANTS TO LOCAL GOVERNMENT,LANDSCAPES,BLACK SLUICE INTERNAL DRAINAGE BOARD,1003264885,"£60,571.17",OTHER CURRENT GRANTS,PE20 3PW,SUPPLIER,C22435,,Expense,
DE,DEFRA,27/03/2025,EXP - CURRENT GRANTS TO LOCAL GOVERNMENT,LAND USE AND PLANNING,TAMESIDE METROPOLITAN BOROUGH COUNCIL,1003264886,"£26,807.00",OTHER CURRENT GRANTS,OL6 6BH,LOCAL AUTHORITIES,GIA,,Expense,G B 149193544
DE,DEFRA,27/03/2025,EXP - CURRENT GRANTS TO LOCAL GOVERNMENT,LAND USE AND PLANNING,WEST DEVON BOROUGH COUNCIL,1003264890,"£26,807.00",OTHER CURRENT GRANTS,PL19 OBZ,SUPPLIER,GIA,,Expense,144823273
DE,DEFRA,27/03/2025,EXP - PURCHASE OF GOODS/SERVICES - RESEARCH & DEVELOPMENT - OTHER OUTSOURCED,"FOOD AND FARMING STRATEGY, INNOVATION, SYSTEMS",L G C LIMITED,1003264893,"£41,987.51",CAPITAL R&D,TW11 0LY,CUSTOMER,C26870,,Expense,
DE,DEFRA,27/03/2025,EXP - CURRENT GRANTS TO LOCAL GOVERNMENT,LAND USE AND PLANNING,EAST HERTFORDSHIRE DISTRICT COUNCIL,1003264906,"£26,807.00",OTHER CURRENT GRANTS,SG14 8EQ,SUPPLIER,GIA,,Expense,
DE,DEFRA,27/03/2025,EXP - PURCHASE OF GOODS/SERVICES - OTHER - EVIDENCE NON R&D,AIR QUALITY & INDUSTRIAL EMISSIONS,AIR QUALITY CONSULTANTS,1003264911,"£57,816.00",EVIDENCE NON R&D,BS6 7JT,SUPPLIER,ATAMIS C23334,,Expense,609 6115 45
DE,DEFRA,27/03/2025,EXP CAPITAL GRANTS TO PTE SECTOR - PERSONS & NON PROFIT INSTIT'NS SERVING H'HOLD,FOOD AND DRINK QUALITY & PARTNERSHIPS,SOIL ASSOCIATION CERTIFICATION LTD,1003264913,"£30,273.38",CAPITAL GRANTS,BS1 6AD,SUPPLIER(1),GIA,,Expense,GB701016601
DE,DEFRA,27/03/2025,EXP - CURRENT GRANTS TO LOCAL GOVERNMENT,LAND USE AND PLANNING,GRAVESHAM BOROUGH COUNCIL,1003264917,"£26,807.00",OTHER CURRENT GRANTS,DA12 1AU,SUPPLIER,GIA,,Expense,204273500
DE,DEFRA,27/03/2025,EXP - CURRENT GRANTS TO LOCAL GOVERNMENT,EU EXIT CHEMICALS INTERNATIONAL,NORTHERN IRELAND ENVIRONMENT AGENCY,1003264918,"£200,950.00",OTHER CURRENT GRANTS,BT1 4NN,Government Agency,IGS,,Expense,
DE,DEFRA,27/03/2025,EXP - PURCHASE OF GOODS/SERVICES - OTHER - EVIDENCE NON R&D,PLANT HEALTH,FERA SCIENCE LIMITED,1003264928,"£58,905.46",EVIDENCE NON R&D,YO41 1LZ,SUPPLIER,C15322,,Expense,GB 618 1841 40
DE,DEFRA,27/03/2025,EXP - PURCHASE OF GOODS/SERVICES - RESEARCH & DEVELOPMENT - OTHER OUTSOURCED,STRATEGIC EVIDENCE PARTNERS,RSK ADAS LTD,1003264948,"£79,255.20",CAPITAL R&D,WA6 0AR,SUPPLIER,C27850: RDE643,,Expense,256435886
DE,DEFRA,27/03/2025,IA - POA & AUC - COST - ADDITIONS,NORTHERN IRELAND DELIVERY AND SERVICE DESIGN,CAPGEMINI UK PLC,1003264953,"£837,563.01",INTANGIBLE ASSETS (ICIP CAPEX),GU21 6DB,THIRD PARTY,C24008,DEFFFAP800001,Asset,GB232441107
DE,DEFRA,27/03/2025,EXP - PURCHASE OF GOODS/SERVICES - END USER SOFTWARE AND HARDWARE,IT SERVICE OPERATIONS,ORACLE CORPORATION UK LTD,1003264959,"£2,128,259.14",IT SERVICES/SOFTWARE/HARDWARE,RG6 1RA,SUPPLIER,28260,DEFCOOD300492,Expense,391313073
DE,DEFRA,27/03/2025,EXP - CAPITAL GRANTS TO LOCAL GOVERNMENT,LANDSCAPES,SOUTH HAMS DISTRICT COUNCIL,1003264960,"£356,955.00",CAPITAL GRANTS,TQ9 5NE,SUPPLIER,C22015,,Expense,GB142204125
DE,DEFRA,27/03/2025,EXP - PURCHASE OF GOODS/SERVICES - RESEARCH & DEVELOPMENT - OTHER OUTSOURCED,"FOOD AND FARMING STRATEGY, INNOVATION, SYSTEMS",UNIVERSITY OF YORK,1003264969,"£240,000.00",CAPITAL R&D,YO10 5NH,CUSTOMER,C24766,,Expense,647205541
DE,DEFRA,27/03/2025,Exp - Purchase Of Goods/Services - Consultancy,F&W EVIDENCE,FRONTIER ECONOMICS LTD,1003264977,"£116,524.80",CONSULTANCY,WC1V 6DA,SUPPLIER,C27635,,Expense,732081364
DE,DEFRA,27/03/2025,EXP - SUBSIDIES TO PUBLIC CORPORATIONS (PC),F&W COMMERCIAL POLICY,COVENT GARDEN MARKET AUTHORITY,1003264982,"£1,584,000.00",OTHER CURRENT GRANTS,SW8 5PA,OGD,GIA,,Expense,
DE,DEFRA,28/03/2025,EXP - PURCHASE OF GOODS/SERVICES - RESEARCH & DEVELOPMENT - OTHER OUTSOURCED,"RISK MANAGEMENT, IMPORTS AND INTERNATIONAL MANAGEMENT",UNIVERSITY OF GLASGOW,1003265056,"£52,567.57",CAPITAL R&D,G12 8QQ,SUPPLIER,C26505,,Expense,GB 671 7980 93
DE,DEFRA,28/03/2025,EXP - CURRENT GRANTS TO LOCAL GOVERNMENT,DEPOSIT RETURN SCHEME,RUGBY BOROUGH COUNCIL,1003265059,"£215,184.93",OTHER CURRENT GRANTS,CV21 2RR,SUPPLIER,,,Expense,273433560
DE,DEFRA,28/03/2025,EXP - CURRENT GRANTS TO LOCAL GOVERNMENT,DEPOSIT RETURN SCHEME,CITY OF LONDON,1003265060,"£51,903.31",OTHER CURRENT GRANTS,EC2P 2EJ,LOCAL AUTHORITIES,,,Expense,GB 243 6631 67
DE,DEFRA,28/03/2025,EXP - CAPITAL GRANTS TO LOCAL GOVERNMENT,DEPOSIT RETURN SCHEME,NEWARK & SHERWOOD DISTRICT COUNCIL,1003265062,"£109,672.56",CAPITAL GRANTS,NG24 1BY,SUPPLIER,,,Expense,GB118115695
DE,DEFRA,28/03/2025,EXP - PURCHASE OF GOODS/SERVICES - END USER SOFTWARE AND HARDWARE,GROUP INFRASTRUCTURE & OPERATIONS,PHOENIX SOFTWARE LTD,1003265069,"£1,973,597.29",IT SERVICES/SOFTWARE/HARDWARE,YO42 1NS,SUPPLIER,C17696,DEFCOOD300145,Expense,
DE,DEFRA,28/03/2025,EXP - CURRENT GRANTS TO LOCAL GOVERNMENT,DEPOSIT RETURN SCHEME,TONBRIDGE & MALLING BOROUGH COUNCIL,1003265077,"£45,070.70",OTHER CURRENT GRANTS,ME19 4LZ,SUPPLIER,,,Expense,2043959070
DE,DEFRA,28/03/2025,Exp - Purchase Of Goods/Services - Consultancy,ENABLING PROGRAMMES,DELOITTE LLP,1003265079,"£47,232.00",CONSULTANCY,EC4A 3HQ,SUPPLIER,C27930,,Expense,GB809707706
DE,DEFRA,28/03/2025,EXP - PURCHASE OF GOODS/SERVICES - RESEARCH & DEVELOPMENT - OTHER OUTSOURCED,"FOOD AND FARMING STRATEGY, INNOVATION, SYSTEMS",SRUC,1003265080,"£27,565.20",CAPITAL R&D,EH9 3JG,Other Education,C27963,,Expense,
DE,DEFRA,28/03/2025,EXP - CURRENT GRANTS TO LOCAL GOVERNMENT,DEPOSIT RETURN SCHEME,THE LONDON BOROUGH OF BRENT,1003265081,"£70,108.07",OTHER CURRENT GRANTS,HA9 0FJ,SUPPLIER,,,Expense,GB226669929
DE,DEFRA,28/03/2025,EXP - CAPITAL GRANTS TO LOCAL GOVERNMENT,DEPOSIT RETURN SCHEME,REDCAR & CLEVELAND BOROUGH  COUNCIL,1003265085,"£289,676.27",CAPITAL GRANTS,TS10 1RT,SUPPLIER,,,Expense,GB259077726
DE,DEFRA,28/03/2025,EXP - CURRENT GRANTS TO LOCAL GOVERNMENT,DEPOSIT RETURN SCHEME,EAST HAMPSHIRE DISTRICT COUNCIL,1003265089,"£258,679.94",OTHER CURRENT GRANTS,GU31 4EX,SUPPLIER,,,Expense,0193613944
DE,DEFRA,28/03/2025,EXP - CURRENT GRANTS TO LOCAL GOVERNMENT,DEPOSIT RETURN SCHEME,EAST LINDSEY DISTRICT COUNCIL,1003265090,"£334,292.32",OTHER CURRENT GRANTS,LN11 8UP,Access to Work,,,Expense,
DE,DEFRA,28/03/2025,EXP - CURRENT GRANTS TO LOCAL GOVERNMENT,LAND USE AND PLANNING,ST ALBANS DISTRICT COUNCIL,1003265091,"£54,684.00",OTHER CURRENT GRANTS,AL1 3JE,SUPPLIER,GIA,,Expense,
DE,DEFRA,28/03/2025,EXP - CURRENT GRANTS TO LOCAL GOVERNMENT,DEPOSIT RETURN SCHEME,EASTLEIGH BOROUGH COUNCIL,1003265092,"£31,930.43",OTHER CURRENT GRANTS,SO50 9YN,SUPPLIER,,,Expense,GB 189 4085 22
DE,DEFRA,28/03/2025,EXP - CURRENT GRANTS TO LOCAL GOVERNMENT,LAND USE AND PLANNING,WYCHAVON DISTRICT COUNCIL,1003265093,"£305,226.10",OTHER CURRENT GRANTS,WR10 1PT,SUPPLIER,GIA,,Expense,GB276093048
DE,DEFRA,28/03/2025,EXP - CURRENT GRANTS TO LOCAL GOVERNMENT,DEPOSIT RETURN SCHEME,THURROCK BOROUGH COUNCIL,1003265094,"£275,571.29",OTHER CURRENT GRANTS,RM17 6SL,THIRD PARTY,,,Expense,
DE,DEFRA,28/03/2025,EXP - CAPITAL GRANTS TO LOCAL GOVERNMENT,DEPOSIT RETURN SCHEME,BIRMINGHAM CITY COUNCIL,1003265098,"£1,676,370.00",CAPITAL GRANTS,B5 5BD,THIRD PARTY,,,Expense,GB112082130
DE,DEFRA,28/03/2025,EXP - CURRENT GRANTS TO LOCAL GOVERNMENT,DEPOSIT RETURN SCHEME,SOUTH RIBBLE BOROUGH COUNCIL,1003265103,"£213,495.93",OTHER CURRENT GRANTS,PR25 1DH,SUPPLIER,,,Expense,155673348
DE,DEFRA,28/03/2025,EXP - CURRENT GRANTS TO LOCAL GOVERNMENT,DEPOSIT RETURN SCHEME,CITY OF LINCOLN COUNCIL,1003265104,"£186,074.90",OTHER CURRENT GRANTS,LN1 1DD,SUPPLIER,,,Expense,129 3796 36
DE,DEFRA,28/03/2025,EXP - CURRENT GRANTS TO LOCAL GOVERNMENT,DEPOSIT RETURN SCHEME,RIBBLE VALLEY BOROUGH COUNCIL,1003265105,"£163,406.39",OTHER CURRENT GRANTS,BB7 2RA,SUPPLIER,,,Expense,175340174
DE,DEFRA,28/03/2025,EXP - CAPITAL GRANTS TO LOCAL GOVERNMENT,DEPOSIT RETURN SCHEME,PRESTON CITY COUNCIL,1003265106,"£596,917.47",CAPITAL GRANTS,PR1 2RL,SUPPLIER,,,Expense,155823750
DE,DEFRA,28/03/2025,EXP - CURRENT GRANTS TO LOCAL GOVERNMENT,DEPOSIT RETURN SCHEME,HINCKLEY & BOSWORTH BOROUGH COUNCIL,1003265107,"£244,202.40",OTHER CURRENT GRANTS,LE10 0FR,SUPPLIER,,,Expense,115 3665 82
DE,DEFRA,28/03/2025,EXP - CURRENT GRANTS TO LOCAL GOVERNMENT,DEPOSIT RETURN SCHEME,ST HELENS BOROUGH COUNCIL,1003265113,"£58,956.24",OTHER CURRENT GRANTS,WA9 1LD,LOCAL AUTHORITIES,,,Expense,152815374gb
DE,DEFRA,28/03/2025,PPE - POA & AUC (OWNED) - COST - ADDITIONS,SCIENCE FACILITIES - PROJECTS (WEYBRIDGE),GALLIFORD TRY ASSET INTELLIGENCE LTD,1003265122,"£109,635.90","PROPERTY, PLANT AND EQUIPMENT (PCIP CAPEX)",UB8 2AD,CIS SUPPLIER,C20846,DEFCOOD2S0008906,Asset,GB223413506
DE,DEFRA,28/03/2025,EXP - CURRENT GRANTS TO LOCAL GOVERNMENT,DEPOSIT RETURN SCHEME,LONDON BOROUGH OF SUTTON,1003265126,"£89,737.72",OTHER CURRENT GRANTS,SM1 1EA,LOCAL AUTHORITIES,,,Expense,216200420
DE,DEFRA,28/03/2025,EXP - CURRENT GRANTS TO LOCAL GOVERNMENT,LAND USE AND PLANNING,LONDON BOROUGH OF HARROW,1003265127,"£26,807.00",OTHER CURRENT GRANTS,HA3 3QR,SUPPLIER,GIA,,Expense,222421318
DE,DEFRA,28/03/2025,EXP - CURRENT GRANTS TO LOCAL GOVERNMENT,DEPOSIT RETURN SCHEME,BURNLEY BOROUGH COUNCIL,1003265128,"£271,896.92",OTHER CURRENT GRANTS,BB11 2DS,SUPPLIER,,,Expense,GB175317459
DE,DEFRA,28/03/2025,EXP - CURRENT GRANTS TO LOCAL GOVERNMENT,DEPOSIT RETURN SCHEME,WEST SUFFOLK COUNCIL,1003265132,"£341,950.13",OTHER CURRENT GRANTS,IP33 3YU,LOCAL AUTHORITIES,,,Expense,315331342
DE,DEFRA,28/03/2025,EXP - CURRENT GRANTS TO LOCAL GOVERNMENT,DEPOSIT RETURN SCHEME,WYRE FOREST DISTRICT COUNCIL,1003265133,"£216,009.94",OTHER CURRENT GRANTS,DY11 7WF,LOCAL AUTHORITIES,,,Expense,
DE,DEFRA,28/03/2025,EXP - CURRENT GRANTS TO LOCAL GOVERNMENT,DEPOSIT RETURN SCHEME,STOCKPORT METROPOLITAN BOROUGH COUNCIL - NEW BURDENS,1003265134,"£111,748.67",OTHER CURRENT GRANTS,SK1 3XE,SUPPLIER,,,Expense,GB158556040
DE,DEFRA,28/03/2025,EXP - CURRENT GRANTS TO LOCAL GOVERNMENT,DEPOSIT RETURN SCHEME,WORCESTER CITY COUNCIL,1003265135,"£216,488.40",OTHER CURRENT GRANTS,WR1 2EY,LOCAL AUTHORITIES,,,Expense,276093146
DE,DEFRA,28/03/2025,EXP - CURRENT GRANTS TO LOCAL GOVERNMENT,DEPOSIT RETURN SCHEME,CHICHESTER DISTRICT COUNCIL,1003265136,"£289,659.27",OTHER CURRENT GRANTS,PO19 1TY,LOCAL AUTHORITIES,,,Expense,193548138
DE,DEFRA,28/03/2025,EXP - CURRENT GRANTS TO LOCAL GOVERNMENT,DEPOSIT RETURN SCHEME,LONDON BOROUGH OF NEWHAM,1003265137,"£448,697.20",OTHER CURRENT GRANTS,E16 2QU,LOCAL AUTHORITIES,,,Expense,248481537
DE,DEFRA,28/03/2025,EXP - CURRENT GRANTS TO LOCAL GOVERNMENT,DEPOSIT RETURN SCHEME,LONDON BOROUGH OF HACKNEY,1003265138,"£64,520.61",OTHER CURRENT GRANTS,E8 1DY,THIRD PARTY,,,Expense,GB22 055 2995
DE,DEFRA,28/03/2025,EXP - CAPITAL GRANTS TO LOCAL GOVERNMENT,DEPOSIT RETURN SCHEME,LONDON BOROUGH OF HARINGEY,1003265139,"£492,676.47",CAPITAL GRANTS,N22 7TR,LOCAL AUTHORITIES,,,Expense,GB220754391
DE,DEFRA,28/03/2025,EXP - CURRENT GRANTS TO LOCAL GOVERNMENT,DEPOSIT RETURN SCHEME,THREE RIVERS DISTRICT COUNCIL,1003265140,"£39,281.59",OTHER CURRENT GRANTS,WD3 1RL,LOCAL AUTHORITIES,,,Expense,
DE,DEFRA,28/03/2025,EXP - CAPITAL GRANTS TO LOCAL GOVERNMENT,DEPOSIT RETURN SCHEME,SOUTHAMPTON CITY COUNCIL,1003265141,"£671,345.93",CAPITAL GRANTS,SO14 7LT,LOCAL AUTHORITIES,,,Expense,GB189594982
DE,DEFRA,28/03/2025,EXP - CURRENT GRANTS TO LOCAL GOVERNMENT,DEPOSIT RETURN SCHEME,DURHAM COUNTY COUNCIL (NORTH PENNINES NATIONAL LANDSCAPE),1003265142,"£909,733.77",OTHER CURRENT GRANTS,DH1 5UE,THIRD PARTY,,,Expense,GB178 178130
DE,DEFRA,28/03/2025,EXP - CURRENT GRANTS TO LOCAL GOVERNMENT,DEPOSIT RETURN SCHEME,SEVENOAKS DISTRICT COUNCIL,1003265144,"£238,858.44",OTHER CURRENT GRANTS,TN13 1HG,SUPPLIER,,,Expense,GB 204270705
DE,DEFRA,28/03/2025,EXP - CURRENT GRANTS TO LOCAL GOVERNMENT,LAND USE AND PLANNING,MALVERN HILLS DISTRICT COUNCIL,1003265145,"£230,068.83",OTHER CURRENT GRANTS,WR14 3AF,SUPPLIER,GIA,,Expense,
DE,DEFRA,28/03/2025,EXP - CURRENT GRANTS TO LOCAL GOVERNMENT,DEPOSIT RETURN SCHEME,STOCKTON ON TEES BOROUGH COUNCIL,1003265146,"£335,475.94",OTHER CURRENT GRANTS,TS18 1XD,Access to Work,,,Expense,259088523
DE,DEFRA,28/03/2025,EXP - PURCHASE OF GOODS/SERVICES - RESEARCH & DEVELOPMENT - OTHER OUTSOURCED,EU EXIT PESTICIDES,RSK ADAS LTD,1003265147,"£87,440.72",CAPITAL R&D,WA6 0AR,SUPPLIER,C24584,,Expense,256435886
DE,DEFRA,28/03/2025,EXP - CURRENT GRANTS TO LOCAL GOVERNMENT,LAND USE AND PLANNING,COLCHESTER BOROUGH COUNCIL,1003265150,"£107,961.03",OTHER CURRENT GRANTS,CO3 3WG,SUPPLIER,GIA,,Expense,GB449071833
DE,DEFRA,28/03/2025,EXP - CURRENT GRANTS TO LOCAL GOVERNMENT,DEPOSIT RETURN SCHEME,GOSPORT BOROUGH COUNCIL,1003265151,"£162,229.20",OTHER CURRENT GRANTS,PO12 1EB,SUPPLIER,,,Expense,GB107438088
DE,DEFRA,28/03/2025,EXP - CURRENT GRANTS TO LOCAL GOVERNMENT,DEPOSIT RETURN SCHEME,NEWARK & SHERWOOD DISTRICT COUNCIL,1003265152,"£260,040.09",OTHER CURRENT GRANTS,NG24 1BY,SUPPLIER,,,Expense,GB118115695
DE,DEFRA,28/03/2025,EXP - CAPITAL GRANTS TO LOCAL GOVERNMENT,ENVIRONMENT SCIENCE AND ANALYSIS,PLYMOUTH CITY COUNCIL,1003265153,"£101,422.50",CAPITAL GRANTS,PL6 5UF,LOCAL AUTHORITIES,GIA,,Expense,144675845
DE,DEFRA,28/03/2025,EXP - CURRENT GRANTS TO LOCAL GOVERNMENT,DEPOSIT RETURN SCHEME,CITY OF BRADFORD METROPOLITAN DIST COUNCIL,1003265157,"£748,179.71",OTHER CURRENT GRANTS,BD1 1HX,Access to Work,,,Expense,180808262
DE,DEFRA,28/03/2025,EXP - CURRENT GRANTS TO LOCAL GOVERNMENT,LAND USE AND PLANNING,HIGH PEAK BOROUGH COUNCIL,1003265158,"£285,790.90",OTHER CURRENT GRANTS,SK17 6EL,SUPPLIER,GIA,,Expense,
DE,DEFRA,28/03/2025,EXP - CURRENT GRANTS TO LOCAL GOVERNMENT,DEPOSIT RETURN SCHEME,HARLOW DISTRICT COUNCIL,1003265159,"£63,753.57",OTHER CURRENT GRANTS,CM20 1WG,SUPPLIER,,,Expense,
DE,DEFRA,28/03/2025,EXP - CURRENT GRANTS TO LOCAL GOVERNMENT,DEPOSIT RETURN SCHEME,NORTH WEST LEICESTERSHIRE DISTRICT COUNCIL,1003265160,"£232,800.72",OTHER CURRENT GRANTS,LE67 3FJ,SUPPLIER,,,Expense,GB115363395
DE,DEFRA,28/03/2025,EXP - CURRENT GRANTS TO LOCAL GOVERNMENT,DEPOSIT RETURN SCHEME,WEST NORTHAMPTONSHIRE COUNCIL,1003265163,"£100,660.19",OTHER CURRENT GRANTS,NN1 1DE,SUPPLIER,,,Expense,GB 370152133
DE,DEFRA,28/03/2025,EXP - CURRENT GRANTS TO LOCAL GOVERNMENT,DEPOSIT RETURN SCHEME,REDDITCH BOROUGH COUNCIL,1003265164,"£160,771.97",OTHER CURRENT GRANTS,B98 8AH,THIRD PARTY,,,Expense,112224236
DE,DEFRA,28/03/2025,EXP - CAPITAL GRANTS TO LOCAL GOVERNMENT,DEPOSIT RETURN SCHEME,WEST LANCASHIRE BOROUGH COUNCIL,1003265165,"£418,103.79",CAPITAL GRANTS,L392DF-1,SUPPLIER,,,Expense,
DE,DEFRA,28/03/2025,EXP - PURCHASE OF GOODS/SERVICES - RESEARCH & DEVELOPMENT - OTHER OUTSOURCED,MARINE AND FISHERIES EVIDENCE,ICF CONSULTING SERVICES LTD,1003265167,"£25,569.30",CAPITAL R&D,EC4R 1BE,SUPPLIER,22928,,Expense,927 4872 86
DE,DEFRA,28/03/2025,PPE - POA & AUC (OWNED) - COST - ADDITIONS,SCIENCE FACILITIES - PROJECTS (WEYBRIDGE),TURNER & TOWNSEND PROJECT MANAGEMENT LTD,1003265171,"£390,773.04","PROPERTY, PLANT AND EQUIPMENT (PCIP CAPEX)",LS18 4GH,SUPPLIER,C22453,DEFCOOD2S0008700,Asset,764244132
DE,DEFRA,28/03/2025,EXP - CURRENT GRANTS TO LOCAL GOVERNMENT,DEPOSIT RETURN SCHEME,SOUTHEND ON SEA CITY COUNCIL,1003265172,"£74,748.81",OTHER CURRENT GRANTS,SS2 6ER,SUPPLIER,,,Expense,GB352173473
DE,DEFRA,28/03/2025,EXP - CURRENT GRANTS TO LOCAL GOVERNMENT,DEPOSIT RETURN SCHEME,T TRAFFORD COUNCIL,1003265175,"£92,001.76",OTHER CURRENT GRANTS,M32 0TH,SUPPLIER,,,Expense,
DE,DEFRA,28/03/2025,EXP - CURRENT GRANTS TO LOCAL GOVERNMENT,LAND USE AND PLANNING,WESTMORLAND AND FURNESS COUNCIL,1003265179,"£54,811.58",OTHER CURRENT GRANTS,LA9 4DQ,LOCAL AUTHORITIES,GIA,,Expense,GB434548878
DE,DEFRA,28/03/2025,EXP - CURRENT GRANTS TO LOCAL GOVERNMENT,DEPOSIT RETURN SCHEME,NORTH SOMERSET COUNCIL,1003265181,"£50,444.83",OTHER CURRENT GRANTS,BS23 1UJ,LOCAL AUTHORITIES,,,Expense,GB131208420
DE,DEFRA,28/03/2025,EXP - CURRENT GRANTS TO LOCAL GOVERNMENT,DEPOSIT RETURN SCHEME,TAMESIDE METROPOLITAN BOROUGH COUNCIL,1003265186,"£60,222.34",OTHER CURRENT GRANTS,OL6 6BH,LOCAL AUTHORITIES,,,Expense,G B 149193544
DE,DEFRA,28/03/2025,EXP - CURRENT GRANTS TO LOCAL GOVERNMENT,DEPOSIT RETURN SCHEME,WATFORD BOROUGH COUNCIL,1003265187,"£65,530.43",OTHER CURRENT GRANTS,WD173EX,SUPPLIER,,,Expense,0196588006
DE,DEFRA,28/03/2025,EXP - CURRENT GRANTS TO LOCAL GOVERNMENT,DEPOSIT RETURN SCHEME,WYRE COUNCIL,1003265188,"£226,096.67",OTHER CURRENT GRANTS,FY6 7PU,SUPPLIER,,,Expense,
DE,DEFRA,28/03/2025,EXP - CURRENT GRANTS TO LOCAL GOVERNMENT,DEPOSIT RETURN SCHEME,LONDON BOROUGH OF HAMMERSMITH AND FULHAM,1003265189,"£307,584.83",OTHER CURRENT GRANTS,W6 9XY,SUPPLIER,,,Expense,226647061
DE,DEFRA,28/03/2025,EXP - CURRENT GRANTS TO LOCAL GOVERNMENT,DEPOSIT RETURN SCHEME,PLYMOUTH CITY COUNCIL,1003265191,"£395,013.52",OTHER CURRENT GRANTS,PL1 3BJ,LOCAL AUTHORITIES,,,Expense,144675845
DE,DEFRA,28/03/2025,EXP - CURRENT GRANTS TO LOCAL GOVERNMENT,DEPOSIT RETURN SCHEME,MOLE VALLEY DISTRICT COUNCIL,1003265192,"£43,894.82",OTHER CURRENT GRANTS,RH4 1SJ,LOCAL AUTHORITIES,,,Expense,210 882 779
DE,DEFRA,28/03/2025,EXP - CURRENT GRANTS TO LOCAL GOVERNMENT,LAND USE AND PLANNING,SHROPSHIRE COUNCIL,1003265194,"£605,176.78",OTHER CURRENT GRANTS,SY2 6ND,SUPPLIER,GIA,,Expense,162347472
DE,DEFRA,28/03/2025,EXP - CURRENT GRANTS TO LOCAL GOVERNMENT,DEPOSIT RETURN SCHEME,LONDON BOROUGH OF BARNET,1003265195,"£553,445.56",OTHER CURRENT GRANTS,NW9 4EW,LOCAL AUTHORITIES,,,Expense,GB 229 2360
DE,DEFRA,28/03/2025,EXP - CURRENT GRANTS TO LOCAL GOVERNMENT,DEPOSIT RETURN SCHEME,GEDLING BOROUGH COUNCIL,1003265197,"£233,708.04",OTHER CURRENT GRANTS,NG5 6LU,SUPPLIER,,,Expense,118 0399 74
DE,DEFRA,28/03/2025,EXP - CURRENT GRANTS TO LOCAL GOVERNMENT,DEPOSIT RETURN SCHEME,STEVENAGE BOROUGH COUNCIL,1003265204,"£172,630.76",OTHER CURRENT GRANTS,SG1 1HN,THIRD PARTY,,,Expense,GB198352818
DE,DEFRA,28/03/2025,EXP - CURRENT GRANTS TO LOCAL GOVERNMENT,DEPOSIT RETURN SCHEME,BEXLEY COUNCIL,1003265205,"£90,998.61",OTHER CURRENT GRANTS,DA6 7LB,SUPPLIER,,,Expense,
DE,DEFRA,28/03/2025,EXP - CURRENT GRANTS TO LOCAL GOVERNMENT,DEPOSIT RETURN SCHEME,EAST HERTFORDSHIRE DISTRICT COUNCIL,1003265206,"£322,479.01",OTHER CURRENT GRANTS,SG14 8EQ,SUPPLIER,,,Expense,
DE,DEFRA,28/03/2025,EXP - CURRENT GRANTS TO LOCAL GOVERNMENT,DEPOSIT RETURN SCHEME,BASINGSTOKE & DEANE BOROUGH COUNCIL,1003265207,"£317,803.82",OTHER CURRENT GRANTS,RG21 7EA,SUPPLIER,,,Expense,200190040
DE,DEFRA,28/03/2025,EXP - CURRENT GRANTS TO LOCAL GOVERNMENT,DEPOSIT RETURN SCHEME,EASTBOURNE BOROUGH COUNCIL,1003265209,"£193,310.25",OTHER CURRENT GRANTS,BN21 4TW,THIRD PARTY,,,Expense,GB191583933
DE,DEFRA,28/03/2025,EXP - CURRENT GRANTS TO LOCAL GOVERNMENT,DEPOSIT RETURN SCHEME,ROTHER DISTRICT COUNCIL,1003265210,"£231,336.64",OTHER CURRENT GRANTS,TN39 3JX,SUPPLIER,,,Expense,GB191569041
DE,DEFRA,28/03/2025,EXP - CURRENT GRANTS TO LOCAL GOVERNMENT,DEPOSIT RETURN SCHEME,THANET DISTRICT COUNCIL,1003265211,"£35,763.53",OTHER CURRENT GRANTS,CT9 1XZ,CUSTOMER,,,Expense,GB202340626
DE,DEFRA,28/03/2025,EXP - CURRENT GRANTS TO LOCAL GOVERNMENT,DEPOSIT RETURN SCHEME,WEALDEN DISTRICT COUNCIL,1003265212,"£324,542.76",OTHER CURRENT GRANTS,BN27 2AX,SUPPLIER,,,Expense,GB210898561
DE,DEFRA,28/03/2025,EXP - CURRENT GRANTS TO LOCAL GOVERNMENT,DEPOSIT RETURN SCHEME,LEICESTER CITY COUNCIL,1003265214,"£467,806.60",OTHER CURRENT GRANTS,LE1  1FZ,THIRD PARTY,,,Expense,GB 115 337 004
DE,DEFRA,28/03/2025,EXP - CURRENT GRANTS TO LOCAL GOVERNMENT,DEPOSIT RETURN SCHEME,SOLIHULL METROPOLITAN BOROUGH COUNCIL,1003265215,"£364,037.73",OTHER CURRENT GRANTS,B91 3QB,SUPPLIER,,,Expense,111979171
DE,DEFRA,28/03/2025,EXP - CURRENT GRANTS TO LOCAL GOVERNMENT,DEPOSIT RETURN SCHEME,BLABY DISTRICT COUNCIL,1003265216,"£196,506.87",OTHER CURRENT GRANTS,LE19 2EP,SUPPLIER,,,Expense,115 3322 15 
DE,DEFRA,28/03/2025,EXP - CURRENT GRANTS TO LOCAL GOVERNMENT,DEPOSIT RETURN SCHEME,CITY OF WOLVERHAMPTON COUNCIL,1003265217,"£361,660.00",OTHER CURRENT GRANTS,WV1 1SH,SUPPLIER,,,Expense,
DE,DEFRA,28/03/2025,EXP - CURRENT GRANTS TO LOCAL GOVERNMENT,DEPOSIT RETURN SCHEME,KIRKLEES COUNCIL,1003265218,"£619,908.71",OTHER CURRENT GRANTS,HD1 2NF,SUPPLIER,,,Expense,184352457  GB
DE,DEFRA,28/03/2025,EXP - PURCHASE OF GOODS/SERVICES - RESEARCH & DEVELOPMENT - OTHER OUTSOURCED,NATURAL CAPITAL & ECOSYSTEM ASSESSMENT (TERRESTRIAL),UK CENTRE FOR ECOLOGY & HYDROLOGY,1003265219,"£184,010.95",CAPITAL R&D,OX10 8BB,SUPPLIER,C21333,,Expense,336 940192
DE,DEFRA,28/03/2025,EXP - CURRENT GRANTS TO LOCAL GOVERNMENT,DEPOSIT RETURN SCHEME,LONDON BOROUGH OF BARKING & DAGENHAM,1003265222,"£311,423.17",OTHER CURRENT GRANTS,IG11 7LU,SUPPLIER,,,Expense,GB246422178
DE,DEFRA,28/03/2025,EXP - CURRENT GRANTS TO LOCAL GOVERNMENT,DEPOSIT RETURN SCHEME,MEDWAY COUNCIL,1003265223,"£139,651.97",OTHER CURRENT GRANTS,ME4 4DB,Access to Work,,,Expense,GB 680 1382 45
DE,DEFRA,28/03/2025,EXP - CURRENT GRANTS TO LOCAL GOVERNMENT,DEPOSIT RETURN SCHEME,TORBAY BOROUGH COUNCIL,1003265225,"£40,360.27",OTHER CURRENT GRANTS,TQ1 3DR,SUPPLIER,,,Expense,GB142208211
DE,DEFRA,28/03/2025,EXP - CURRENT GRANTS TO LOCAL GOVERNMENT,DEPOSIT RETURN SCHEME,KNOWSLEY METROPOLITAN BOROUGH COUNCIL,1003265228,"£246,860.68",OTHER CURRENT GRANTS,L36 9UX,SUPPLIER,,,Expense,GB165597522
DE,DEFRA,28/03/2025,EXP - CURRENT GRANTS TO LOCAL GOVERNMENT,DEPOSIT RETURN SCHEME,SOUTH KESTEVEN DISTRICT COUNCIL,1003265229,"£279,817.65",OTHER CURRENT GRANTS,NG31 6TT,LOCAL AUTHORITIES,,,Expense,121 488286
DE,DEFRA,28/03/2025,EXP - CURRENT GRANTS TO LOCAL GOVERNMENT,DEPOSIT RETURN SCHEME,MILTON KEYNES CITY COUNCIL,1003265230,"£54,759.54",OTHER CURRENT GRANTS,MK9 3EJ,SUPPLIER,,,Expense,
DE,DEFRA,28/03/2025,EXP - CURRENT GRANTS TO LOCAL GOVERNMENT,DEPOSIT RETURN SCHEME,LONDON BOROUGH OF SOUTHWARK,1003265231,"£315,645.02",OTHER CURRENT GRANTS,SE1P 5LX,LOCAL AUTHORITIES,,,Expense,GB235829444
DE,DEFRA,28/03/2025,EXP - CURRENT GRANTS TO LOCAL GOVERNMENT,DEPOSIT RETURN SCHEME,THE ROYAL BOROUGH OF KENSINGTON & CHELSEA,1003265232,"£317,797.80",OTHER CURRENT GRANTS,W8 7NX,LOCAL AUTHORITIES,,,Expense,
DE,DEFRA,28/03/2025,EXP - CURRENT GRANTS TO LOCAL GOVERNMENT,DEPOSIT RETURN SCHEME,SOUTH HOLLAND DISTRICT COUNCIL,1003265233,"£206,559.26",OTHER CURRENT GRANTS,PE11 2XE,LOCAL AUTHORITIES,,,Expense,
DE,DEFRA,28/03/2025,EXP - CURRENT GRANTS TO LOCAL GOVERNMENT,DEPOSIT RETURN SCHEME,SOUTH NORFOLK COUNCIL,1003265234,"£279,530.34",OTHER CURRENT GRANTS,NR7 0WF,LOCAL AUTHORITIES,,,Expense,106995054
DE,DEFRA,28/03/2025,EXP - CURRENT GRANTS TO LOCAL GOVERNMENT,DEPOSIT RETURN SCHEME,REIGATE & BANSTEAD BOROUGH COUNCIL,1003265235,"£88,363.08",OTHER CURRENT GRANTS,RH2 0SH,THIRD PARTY,,,Expense,210929777
DE,DEFRA,28/03/2025,EXP - CURRENT GRANTS TO LOCAL GOVERNMENT,DEPOSIT RETURN SCHEME,SOUTH DERBYSHIRE DISTRICT COUNCIL,1003265236,"£201,238.82",OTHER CURRENT GRANTS,DE11 0AH,THIRD PARTY,,,Expense,127237969
DE,DEFRA,28/03/2025,EXP - CURRENT GRANTS TO LOCAL GOVERNMENT,DEPOSIT RETURN SCHEME,GREAT YARMOUTH BOROUGH COUNCIL1,1003265249,"£218,260.37",OTHER CURRENT GRANTS,NR30 2QG,SUPPLIER,,,Expense,
DE,DEFRA,28/03/2025,EXP - CURRENT GRANTS TO LOCAL GOVERNMENT,DEPOSIT RETURN SCHEME,NEW FOREST DISTRICT COUNCIL,1003265251,"£351,502.91",OTHER CURRENT GRANTS,SO43 7PA,SUPPLIER,,,Expense,189 4578 96
DE,DEFRA,28/03/2025,EXP - CURRENT GRANTS TO LOCAL GOVERNMENT,DEPOSIT RETURN SCHEME,CROYDON COUNCIL,1003265252,"£42,395.64",OTHER CURRENT GRANTS,CR9 3BT,SUPPLIER,,,Expense,
DE,DEFRA,28/03/2025,EXP - PURCHASE OF GOODS/SERVICES - RESEARCH & DEVELOPMENT - OTHER OUTSOURCED,MARINE AND FISHERIES EVIDENCE,IPSOS MORI,1003265253,"£95,499.60",CAPITAL R&D,E1W 1YW,SUPPLIER,25681,,Expense,
DE,DEFRA,28/03/2025,EXP - CAPITAL GRANTS TO LOCAL GOVERNMENT,LANDSCAPES,SOMERSET COUNTY COUNCIL,1003265254,"£208,215.28",CAPITAL GRANTS,TA1 4DY,THIRD PARTY,C22007,,Expense,131254412
DE,DEFRA,28/03/2025,EXP - CURRENT GRANTS TO LOCAL GOVERNMENT,LAND USE AND PLANNING,ADUR DISTRICT COUNCIL,1003265255,"£135,744.91",OTHER CURRENT GRANTS,BN11 1HS,SUPPLIER,GIA,,Expense,GB191569335
DE,DEFRA,28/03/2025,EXP - CURRENT GRANTS TO LOCAL GOVERNMENT,DEPOSIT RETURN SCHEME,CANTERBURY CITY COUNCIL,1003265260,"£30,002.50",OTHER CURRENT GRANTS,CT1 1YW,SUPPLIER,,,Expense,
DE,DEFRA,28/03/2025,EXP - CURRENT GRANTS TO LOCAL GOVERNMENT,DEPOSIT RETURN SCHEME,CALDERDALE METROPOLITAN BOROUGH COUNCIL,1003265261,"£46,462.35",OTHER CURRENT GRANTS,HX1 1UJ,THIRD PARTY,,,Expense,18 4314761
DE,DEFRA,28/03/2025,EXP - CURRENT GRANTS TO LOCAL GOVERNMENT,DEPOSIT RETURN SCHEME,NEWCASTLE UNDER LYME BOROUGH COUNCIL,1003265262,"£40,830.64",OTHER CURRENT GRANTS,ST5 2AG,SUPPLIER,,,Expense,280135580
DE,DEFRA,28/03/2025,EXP - CURRENT GRANTS TO LOCAL GOVERNMENT,DEPOSIT RETURN SCHEME,STOKE ON TRENT CITY COUNCIL,1003265263,"£392,973.16",OTHER CURRENT GRANTS,ST4 1HH,CUSTOMER,,,Expense,280065377
DE,DEFRA,28/03/2025,EXP - CURRENT GRANTS TO LOCAL GOVERNMENT,DEPOSIT RETURN SCHEME,PETERBOROUGH CITY COUNCIL,1003265264,"£96,488.61",OTHER CURRENT GRANTS,PE1 1HQ,CUSTOMER,,,Expense,121533513
DE,DEFRA,28/03/2025,EXP - CURRENT GRANTS TO LOCAL GOVERNMENT,DEPOSIT RETURN SCHEME,BOLSOVER DISTRICT COUNCIL,1003265265,"£193,020.79",OTHER CURRENT GRANTS,S434JY,THIRD PARTY,,,Expense,118093478
DE,DEFRA,28/03/2025,EXP - CURRENT GRANTS TO LOCAL GOVERNMENT,DEPOSIT RETURN SCHEME,WALSALL COUNCIL,1003265266,"£379,245.10",OTHER CURRENT GRANTS,WS1 1TW,SUPPLIER,,,Expense,GB 101 2173 42
DE,DEFRA,28/03/2025,EXP - CURRENT GRANTS TO LOCAL GOVERNMENT,LAND USE AND PLANNING,LIVERPOOL CITY COUNCIL,1003265267,"£686,635.04",OTHER CURRENT GRANTS,L3 1AH,SUPPLIER,GIA,,Expense,165 737634
DE,DEFRA,28/03/2025,EXP - CURRENT GRANTS TO LOCAL GOVERNMENT,DEPOSIT RETURN SCHEME,LONDON BOROUGH OF RICHMOND UPON THAMES,1003265268,"£87,002.13",OTHER CURRENT GRANTS,TW1 3BZ,THIRD PARTY,,,Expense,222806976
DE,DEFRA,28/03/2025,EXP - CURRENT GRANTS TO LOCAL GOVERNMENT,DEPOSIT RETURN SCHEME,LONDON BOROUGH OF WANDSWORTH,1003265269,"£510,719.95",OTHER CURRENT GRANTS,SW18 2PU,SUPPLIER,,,Expense,
DE,DEFRA,28/03/2025,EXP - CURRENT GRANTS TO LOCAL GOVERNMENT,DEPOSIT RETURN SCHEME,SANDWELL METROPOLITAN BOROUGH COUN,1003265270,"£405,357.20",OTHER CURRENT GRANTS,B69 3BS,LOCAL AUTHORITIES,,,Expense,
DE,DEFRA,28/03/2025,EXP - PURCHASE OF GOODS/SERVICES - RESEARCH & DEVELOPMENT - OTHER OUTSOURCED,SCIENCE PROJECTS - MASTERPLAN / SCAH,LEXICA HEALTH & LIFE SCIENCES CONSULTANCY LTD LEXICA,1003265272,"£169,948.28",CAPITAL R&D,SE1 2ND,SUPPLIER,C26437,DEFCOOD89050,Expense,167765952
DE,DEFRA,28/03/2025,EXP - PURCHASE OF GOODS/SERVICES - RESEARCH & DEVELOPMENT - OTHER OUTSOURCED,MARINE AND FISHERIES EVIDENCE,VERIAN GROUP UK LTD,1003265274,"£96,278.28",CAPITAL R&D,SW10 3JA,SUPPLIER,C27197,,Expense,GB394563949
DE,DEFRA,28/03/2025,EXP - CURRENT GRANTS TO LOCAL GOVERNMENT,DEPOSIT RETURN SCHEME,NORTH NORTHAMPTONSHIRE COUNCIL,1003265276,"£418,152.68",OTHER CURRENT GRANTS,NN168TL,SUPPLIER,,,Expense,370 1512 34
DE,DEFRA,28/03/2025,EXP - CURRENT GRANTS TO LOCAL GOVERNMENT,DEPOSIT RETURN SCHEME,SOUTH GLOUCESTERSHIRE COUNCIL,1003265277,"£53,182.48",OTHER CURRENT GRANTS,BS37 0DE,LOCAL AUTHORITIES,,,Expense,GB664 3211 52
DE,DEFRA,28/03/2025,EXP - CURRENT GRANTS TO LOCAL GOVERNMENT,DEPOSIT RETURN SCHEME,CHERWELL DISTRICT COUNCIL,1003265278,"£28,269.46",OTHER CURRENT GRANTS,OX15 4AA,LOCAL AUTHORITIES,,,Expense,121 5884 77
DE,DEFRA,28/03/2025,EXP - CURRENT GRANTS TO LOCAL GOVERNMENT,DEPOSIT RETURN SCHEME,DERBY CITY COUNCIL,1003265279,"£372,085.35",OTHER CURRENT GRANTS,DE1 2FS,LOCAL AUTHORITIES,,,Expense,127221991
DE,DEFRA,28/03/2025,EXP - CURRENT GRANTS TO LOCAL GOVERNMENT,DEPOSIT RETURN SCHEME,EAST SUFFOLK COUNCIL,1003265280,"£480,033.86",OTHER CURRENT GRANTS,IP12 1RT,THIRD PARTY,,,Expense,GB 106994939
DE,DEFRA,28/03/2025,EXP - CURRENT GRANTS TO LOCAL GOVERNMENT,DEPOSIT RETURN SCHEME,LONDON BOROUGH OF EALING,1003265281,"£121,002.32",OTHER CURRENT GRANTS,W5 2HL,LOCAL AUTHORITIES,,,Expense,GB226670070
DE,DEFRA,28/03/2025,EXP - PURCHASE OF GOODS/SERVICES - RESEARCH & DEVELOPMENT - OTHER OUTSOURCED,ENVIRONMENT SCIENCE AND ANALYSIS,IFF RESEARCH LTD,1003265285,"£29,062.87",CAPITAL R&D,EC3R 6HD,SUPPLIER,C26230,,Expense,238 7344 42
DE,DEFRA,28/03/2025,EXP - PURCHASE OF GOODS/SERVICES - RESEARCH & DEVELOPMENT - OTHER OUTSOURCED,MARINE AND FISHERIES EVIDENCE,ICF CONSULTING SERVICES LTD,1003265286,"£111,425.30",CAPITAL R&D,EC2R 8HP,SUPPLIER,22928,,Expense,927 4872 86
DE,DEFRA,28/03/2025,Exp - Purchase Of Goods/Services - Consultancy,SCIENCE PROJECTS - MASTERPLAN / SCAH,CONCERTO PARTNERS LLP,1003265290,"£38,178.00",CONSULTANCY,SE1 4PG,SUPPLIER,C27898,DEFCOOD89050,Expense,
DE,DEFRA,28/03/2025,EXP - PURCHASE OF GOODS/SERVICES - OTHER - EVIDENCE NON R&D,AIR QUALITY & INDUSTRIAL EMISSIONS,BUREAU VERITAS UK LTD,1003265292,"£36,201.07",EVIDENCE NON R&D,SE1 OES,SUPPLIER,ATAMIS C13228,,Expense,725440254
DE,DEFRA,28/03/2025,EXP - CAPITAL GRANTS TO LOCAL GOVERNMENT,DEPOSIT RETURN SCHEME,GRAVESHAM BOROUGH COUNCIL,1003265293,"£162,631.55",CAPITAL GRANTS,DA12 1AU,SUPPLIER,,,Expense,204273500
DE,DEFRA,28/03/2025,EXP - CAPITAL GRANTS TO LOCAL GOVERNMENT,DEPOSIT RETURN SCHEME,MID DEVON DISTRICT COUNCIL,1003265294,"£85,534.35",CAPITAL GRANTS,EX16 6PP,THIRD PARTY,,,Expense,142203912
DE,DEFRA,28/03/2025,EXP - CURRENT GRANTS TO LOCAL GOVERNMENT,DEPOSIT RETURN SCHEME,MAIDSTONE BOROUGH COUNCIL,1003265295,"£33,431.41",OTHER CURRENT GRANTS,ME15 6JQ,SUPPLIER,,,Expense,204268978
DE,DEFRA,28/03/2025,EXP - CURRENT GRANTS TO LOCAL GOVERNMENT,DEPOSIT RETURN SCHEME,DARLINGTON BOROUGH COUNCIL,1003265296,"£221,751.98",OTHER CURRENT GRANTS,TS19 1JA,SUPPLIER,,,Expense,GB 259097816
DE,DEFRA,28/03/2025,EXP - CURRENT GRANTS TO LOCAL GOVERNMENT,DEPOSIT RETURN SCHEME,BROXBOURNE BOROUGH COUNCIL,1003265303,"£55,998.14",OTHER CURRENT GRANTS,EN8 9XQ,SUPPLIER,,,Expense,221 5587 75
DE,DEFRA,28/03/2025,EXP - CURRENT GRANTS TO LOCAL GOVERNMENT,DEPOSIT RETURN SCHEME,LONDON BOROUGH OF TOWER HAMLETS,1003265304,"£489,662.74",OTHER CURRENT GRANTS,E14 2BG,THIRD PARTY,,,Expense,GB232484277
DE,DEFRA,28/03/2025,EXP - CURRENT GRANTS TO LOCAL GOVERNMENT,DEPOSIT RETURN SCHEME,LONDON BOROUGH OF LAMBETH,1003265305,"£238,243.28",OTHER CURRENT GRANTS,SW2 1RW,LOCAL AUTHORITIES,,,Expense,235884435
DE,DEFRA,28/03/2025,EXP - CURRENT GRANTS TO LOCAL GOVERNMENT,DEPOSIT RETURN SCHEME,ROYAL BOROUGH OF KINGSTON UPON THAMES,1003265309,"£45,650.35",OTHER CURRENT GRANTS,KT1 1EU,SUPPLIER,,,Expense,216333883
DE,DEFRA,28/03/2025,EXP - CURRENT GRANTS TO LOCAL GOVERNMENT,DEPOSIT RETURN SCHEME,LONDON BOROUGH OF CAMDEN,1003265310,"£119,032.71",OTHER CURRENT GRANTS,NW1 0PS,LOCAL AUTHORITIES,,,Expense,232316403
DE,DEFRA,28/03/2025,EXP - CURRENT GRANTS TO LOCAL GOVERNMENT,DEPOSIT RETURN SCHEME,BLACKPOOL COUNCIL,1003265311,"£250,945.00",OTHER CURRENT GRANTS,FY1 1NA,SUPPLIER,,,Expense,155820857
DE,DEFRA,28/03/2025,EXP - CURRENT GRANTS TO LOCAL GOVERNMENT,DEPOSIT RETURN SCHEME,LONDON BOROUGH OF REDBRIDGE,1003265312,"£369,805.81",OTHER CURRENT GRANTS,IG1 2AT,LOCAL AUTHORITIES,,,Expense,246546447
DE,DEFRA,28/03/2025,EXP - CURRENT GRANTS TO LOCAL GOVERNMENT,DEPOSIT RETURN SCHEME,BEDFORD BOROUGH COUNCIL,1003265313,"£341,148.19",OTHER CURRENT GRANTS,MK40 1YN,SUPPLIER,,,Expense,GB198207436
DE,DEFRA,28/03/2025,EXP - CURRENT GRANTS TO LOCAL GOVERNMENT,DEPOSIT RETURN SCHEME,WIRRAL BOROUGH COUNCIL,1003265315,"£459,650.90",OTHER CURRENT GRANTS,CH27 9FQ,LOCAL AUTHORITIES,,,Expense,
DE,DEFRA,28/03/2025,EXP - CAPITAL GRANTS TO LOCAL GOVERNMENT,DEPOSIT RETURN SCHEME,SOUTH CAMBRIDGESHIRE DISTRICT COUNCIL,1003265316,"£1,172,186.41",CAPITAL GRANTS,CB23 6EA,SUPPLIER,,,Expense,214528286
DE,DEFRA,28/03/2025,EXP - CURRENT GRANTS TO LOCAL GOVERNMENT,DEPOSIT RETURN SCHEME,NORWICH CITY COUNCIL,1003265317,"£47,813.75",OTHER CURRENT GRANTS,NR2 1NH,SUPPLIER,,,Expense,107007712
DE,DEFRA,28/03/2025,EXP - CURRENT GRANTS TO LOCAL GOVERNMENT,DEPOSIT RETURN SCHEME,MIDDLESBROUGH BOROUGH COUNCIL,1003265319,"£242,618.75",OTHER CURRENT GRANTS,TS1 9FZ,SUPPLIER,,,Expense,259087232
DE,DEFRA,28/03/2025,EXP - PURCHASE OF GOODS/SERVICES - RESEARCH & DEVELOPMENT - OTHER OUTSOURCED,SCAH CAPITAL PROGRAMME,MERRICK & COMPANY UK LTD,1003265320,"£108,022.78",CAPITAL R&D,EC4V 6JA,SUPPLIER,C12820,DEFCOOD89067,Expense,117 3506 35
DE,DEFRA,28/03/2025,EXP - CURRENT GRANTS TO LOCAL GOVERNMENT,DEPOSIT RETURN SCHEME,COVENTRY CITY COUNCIL,1003265321,"£457,786.75",OTHER CURRENT GRANTS,CV1 5RR,THIRD PARTY,,,Expense,273 4227 63
DE,DEFRA,28/03/2025,EXP - CURRENT GRANTS TO LOCAL GOVERNMENT,DEPOSIT RETURN SCHEME,WARRINGTON BOROUGH COUNCIL,1003265329,"£373,483.02",OTHER CURRENT GRANTS,WA1 1XL,LOCAL AUTHORITIES,,,Expense,152847160
DE,DEFRA,28/03/2025,EXP - CURRENT GRANTS TO LOCAL GOVERNMENT,DEPOSIT RETURN SCHEME,LONDON BOROUGH OF HILLINGDON,1003265330,"£120,253.54",OTHER CURRENT GRANTS,UB8 1LA,SUPPLIER,,,Expense,GB222433654
DE,DEFRA,28/03/2025,EXP - CURRENT GRANTS TO LOCAL GOVERNMENT,DEPOSIT RETURN SCHEME,LONDON BOROUGH OF HOUNSLOW,1003265331,"£85,507.02",OTHER CURRENT GRANTS,TW3 1ZA,SUPPLIER,,,Expense,
DE,DEFRA,28/03/2025,EXP - CURRENT GRANTS TO LOCAL GOVERNMENT,DEPOSIT RETURN SCHEME,RUTLAND COUNTY COUNCIL,1003265332,"£128,032.83",OTHER CURRENT GRANTS,LE15 6HP,SUPPLIER,,,Expense,GB 121725207
DE,DEFRA,28/03/2025,EXP - CURRENT GRANTS TO LOCAL GOVERNMENT,DEPOSIT RETURN SCHEME,LONDON BOROUGH OF HAVERING,1003265333,"£365,519.08",OTHER CURRENT GRANTS,RM1 3BD,SUPPLIER,,,Expense,
DE,DEFRA,28/03/2025,EXP - CURRENT GRANTS TO LOCAL GOVERNMENT,DEPOSIT RETURN SCHEME,LONDON BOROUGH OF HARROW,1003265334,"£92,981.18",OTHER CURRENT GRANTS,HA1 2XY,SUPPLIER,,,Expense,222421318
DE,DEFRA,28/03/2025,EXP - CURRENT GRANTS TO LOCAL GOVERNMENT,DEPOSIT RETURN SCHEME,CHESHIRE EAST COUNCIL,1003265335,"£577,161.38",OTHER CURRENT GRANTS,CW1 2BJ,SUPPLIER,,,Expense,GB-945092022
DE,DEFRA,28/03/2025,EXP - CURRENT GRANTS TO LOCAL GOVERNMENT,DEPOSIT RETURN SCHEME,GUILDFORD BOROUGH COUNCIL,1003265341,"£25,251.58",OTHER CURRENT GRANTS,GU2 4BB,SUPPLIER,,,Expense,212530417
DE,DEFRA,28/03/2025,EXP - CURRENT GRANTS TO LOCAL GOVERNMENT,DEPOSIT RETURN SCHEME,SPELTHORNE BOROUGH COUNCIL,1003265343,"£65,899.05",OTHER CURRENT GRANTS,TW18 1XB,SUPPLIER,,,Expense,GB208951650
DE,DEFRA,28/03/2025,EXP - CURRENT GRANTS TO LOCAL GOVERNMENT,DEPOSIT RETURN SCHEME,LONDON BOROUGH OF ISLINGTON,1003265347,"£270,490.97",OTHER CURRENT GRANTS,N7 7EP,LOCAL AUTHORITIES,,,Expense,GB  232751479
DE,DEFRA,28/03/2025,EXP - CURRENT GRANTS TO LOCAL GOVERNMENT,DEPOSIT RETURN SCHEME,LONDON BOROUGH OF WALTHAM FOREST,1003265348,"£338,267.52",OTHER CURRENT GRANTS,E17 4JF,LOCAL AUTHORITIES,,,Expense,248212866
DE,DEFRA,28/03/2025,EXP - CURRENT GRANTS TO LOCAL GOVERNMENT,DEPOSIT RETURN SCHEME,LONDON BOROUGH OF MERTON,1003265349,"£73,289.30",OTHER CURRENT GRANTS,SM4 5DX,LOCAL AUTHORITIES,,,Expense,216 22 44 00
DE,DEFRA,28/03/2025,EXP - PURCHASE OF GOODS/SERVICES - ACCOMMODATION & BLDNG MANAGEMENT,SCIENCE FACILITIES - OPERATIONS  (WEYBRIDGE),BESA PUBLICATIONS LTD,1003265351,"£38,437.20",ESTATE MANAGEMENT,CA10 2BX,SUPPLIER(1),C16102,DEFCOOD2SR000106,Expense,188 752 61
DE,DEFRA,28/03/2025,EXP - CURRENT GRANTS TO LOCAL GOVERNMENT,DEPOSIT RETURN SCHEME,WILTSHIRE COUNCIL,1003265352,"£853,893.92",OTHER CURRENT GRANTS,BA14 8JJ,SUPPLIER,,,Expense,
DE,DEFRA,28/03/2025,EXP - CURRENT GRANTS TO LOCAL GOVERNMENT,DEPOSIT RETURN SCHEME,CHESHIRE WEST CHESTER COUNCIL,1003265354,"£80,206.52",OTHER CURRENT GRANTS,CH1 2NP,LOCAL AUTHORITIES,,,Expense,945 1011 54
DE,DEFRA,28/03/2025,EXP - CAPITAL GRANTS TO LOCAL GOVERNMENT,LANDSCAPES,TAMAR VALLEY AONB,1003265355,"£129,122.00",CAPITAL GRANTS,TR1 3AY,CUSTOMER,C22035,,Expense,132746770
DE,DEFRA,28/03/2025,EXP - CURRENT GRANTS TO LOCAL GOVERNMENT,DEPOSIT RETURN SCHEME,LONDON BOROUGH OF LEWISHAM,1003265358,"£264,664.23",OTHER CURRENT GRANTS,SE6 4RU,SUPPLIER,,,Expense,
DE,DEFRA,28/03/2025,EXP - CURRENT GRANTS TO LOCAL GOVERNMENT,DEPOSIT RETURN SCHEME,RUNNYMEDE BOROUGH COUNCIL,1003265361,"£69,946.22",OTHER CURRENT GRANTS,KT15 2AH,LOCAL AUTHORITIES,,,Expense,212512321
DE,DEFRA,28/03/2025,EXP - CURRENT GRANTS TO LOCAL GOVERNMENT,DEPOSIT RETURN SCHEME,HUNTINGDONSHIRE DISTRICT COUNCIL,1003265362,"£350,536.74",OTHER CURRENT GRANTS,PE29 3TN,SUPPLIER,,,Expense,
DE,DEFRA,28/03/2025,EXP - CURRENT GRANTS TO LOCAL GOVERNMENT,DEPOSIT RETURN SCHEME,SOUTH STAFFORDSHIRE DISTRICT COUNCIL,1003265363,"£235,930.87",OTHER CURRENT GRANTS,WV8 1PX,SUPPLIER,,,Expense,280040596
DE,DEFRA,28/03/2025,EXP - CURRENT GRANTS TO LOCAL GOVERNMENT,LAND USE AND PLANNING,STAFFORDSHIRE MOORLANDS DISTRICT COUNCIL,1003265364,"£368,645.46",OTHER CURRENT GRANTS,ST13 6HQ,SUPPLIER,GIA,,Expense,279951986
DE,DEFRA,28/03/2025,EXP - CURRENT GRANTS TO LOCAL GOVERNMENT,DEPOSIT RETURN SCHEME,TAMWORTH BOROUGH COUNCIL,1003265365,"£171,063.77",OTHER CURRENT GRANTS,B773PB,SUPPLIER,,,Expense,112064720
DE,DEFRA,28/03/2025,EXP - CURRENT GRANTS TO LOCAL GOVERNMENT,LAND USE AND PLANNING,BRENT COUNCIL,1003265366,"£43,467.00",OTHER CURRENT GRANTS,HA9 0FJ,SUPPLIER,GIA,,Expense,226669929gb
DE,DEFRA,28/03/2025,EXP - CURRENT GRANTS TO LOCAL GOVERNMENT,DEPOSIT RETURN SCHEME,BRIGHTON & HOVE COUNCIL,1003265367,"£468,830.00",OTHER CURRENT GRANTS,BN2 4QL,SUPPLIER,,,Expense,
DE,DEFRA,28/03/2025,EXP - CURRENT GRANTS TO LOCAL GOVERNMENT,DEPOSIT RETURN SCHEME,DOVER DISTRICT COUNCIL,1003265369,"£521,613.40",OTHER CURRENT GRANTS,CT16 3PF,SUPPLIER,,,Expense,202346118
DE,DEFRA,28/03/2025,EXP - PURCHASE OF GOODS/SERVICES - RESEARCH & DEVELOPMENT - OTHER OUTSOURCED,"FOOD AND FARMING STRATEGY, INNOVATION, SYSTEMS",AGRI-FOOD & BIOSCIENCES INSTITUTE,1003265370,"£68,958.00",CAPITAL R&D,BT9 5PX,OGD,C26371,,Expense,877233106
DE,DEFRA,28/03/2025,EXP - CURRENT GRANTS TO LOCAL GOVERNMENT,DEPOSIT RETURN SCHEME,NORTH TYNESIDE COUNCIL,1003265371,"£336,200.61",OTHER CURRENT GRANTS,NE27 0BY,CUSTOMER,,,Expense,178191441
DE,DEFRA,28/03/2025,EXP - CURRENT GRANTS TO LOCAL GOVERNMENT,LANDSCAPES,NEW FOREST NATIONAL PARK AUTH,1003265373,"£165,445.00",OTHER CURRENT GRANTS,SO41 9ZG,LOCAL AUTHORITIES,C22022,,Expense,
DE,DEFRA,28/03/2025,EXP - CAPITAL GRANTS TO LOCAL GOVERNMENT,DEPOSIT RETURN SCHEME,SWALE BOROUGH COUNCIL,1003265374,"£95,971.72",CAPITAL GRANTS,ME10 3HT,THIRD PARTY,,,Expense,
DE,DEFRA,28/03/2025,EXP - CURRENT GRANTS TO LOCAL GOVERNMENT,DEPOSIT RETURN SCHEME,LEEDS CITY COUNCIL LICENSING,1003265382,"£1,240,609.24",OTHER CURRENT GRANTS,LS9 7RY,SUPPLIER,,,Expense,
DE,DEFRA,28/03/2025,EXP - CAPITAL GRANTS TO LOCAL GOVERNMENT,DEPOSIT RETURN SCHEME,EAST STAFFORDSHIRE BOROUGH COUNCIL,1003265384,"£277,606.09",CAPITAL GRANTS,DE14 9SG,CUSTOMER,,,Expense,127243977
DE,DEFRA,28/03/2025,EXP - CURRENT GRANTS TO LOCAL GOVERNMENT,DEPOSIT RETURN SCHEME,COUNTY OF HEREFORDSHIRE DISTRICT COUNCIL LICENSING,1003265385,"£369,475.36",OTHER CURRENT GRANTS,HR4 0LE,SUPPLIER,,,Expense,GB701204013
DE,DEFRA,28/03/2025,EXP - PURCHASE OF GOODS/SERVICES - RESEARCH & DEVELOPMENT - OTHER OUTSOURCED,CONSISTENT WASTE COLLECTION,ECORYS UK LTD,1003265386,"£99,299.05",CAPITAL R&D,B1 2RA,SUPPLIER,C22932,,Expense,GB 558942395
DE,DEFRA,28/03/2025,EXP - CURRENT GRANTS TO LOCAL GOVERNMENT,DEPOSIT RETURN SCHEME,EAST RIDING OF YORKSHIRE COUNCIL,1003265387,"£606,289.09",OTHER CURRENT GRANTS,HU17 9BA,THIRD PARTY,,,Expense,647471123
DE,DEFRA,28/03/2025,EXP - CURRENT GRANTS TO LOCAL GOVERNMENT,DEPOSIT RETURN SCHEME,HAVANT BOROUGH COUNCIL,1003265388,"£199,900.90",OTHER CURRENT GRANTS,PO9 2AX,LOCAL AUTHORITIES,,,Expense,GB 108 3814 80
DE,DEFRA,28/03/2025,EXP - CURRENT GRANTS TO LOCAL GOVERNMENT,LAND USE AND PLANNING,HERTSMERE BOROUGH COUNCIL,1003265389,"£246,683.58",OTHER CURRENT GRANTS,WD6 1WA,SUPPLIER,GIA,,Expense,GB230640406
DE,DEFRA,28/03/2025,EXP - CURRENT GRANTS TO LOCAL GOVERNMENT,DEPOSIT RETURN SCHEME,LANCASTER CITY COUNCIL,1003265390,"£252,057.30",OTHER CURRENT GRANTS,LA1 1PJ,SUPPLIER,,,Expense,155 7279 39
DE,DEFRA,28/03/2025,EXP - CURRENT GRANTS TO LOCAL GOVERNMENT,DEPOSIT RETURN SCHEME,NORTH EAST LINCOLNSHIRE COUNCIL,1003265391,"£296,792.08",OTHER CURRENT GRANTS,DN35 8LN,THIRD PARTY,,,Expense,657846778
DE,DEFRA,28/03/2025,EXP - CURRENT GRANTS TO LOCAL GOVERNMENT,DEPOSIT RETURN SCHEME,HASTINGS BOROUGH COUNCIL,1003265392,"£191,410.73",OTHER CURRENT GRANTS,TN34 3UY,THIRD PARTY,,,Expense,202318908
DE,DEFRA,28/03/2025,EXP - CURRENT GRANTS TO LOCAL GOVERNMENT,DEPOSIT RETURN SCHEME,FYLDE BOROUGH COUNCIL,1003265393,"£188,294.76",OTHER CURRENT GRANTS,FY8 1LW,THIRD PARTY,,,Expense,155700380
DE,DEFRA,28/03/2025,EXP - CURRENT GRANTS TO LOCAL GOVERNMENT,DEPOSIT RETURN SCHEME,ROYAL BOROUGH OF GREENWICH.,1003265394,"£119,363.25",OTHER CURRENT GRANTS,SE18 6HQ,SUPPLIER,,,Expense,
DE,DEFRA,28/03/2025,EXP - CURRENT GRANTS TO LOCAL GOVERNMENT,DEPOSIT RETURN SCHEME,BRACKNELL FOREST BOROUGH COUNCIL,1003265395,"£70,292.75",OTHER CURRENT GRANTS,RG12 7AE,SUPPLIER,,,Expense,
DE,DEFRA,28/03/2025,EXP - PURCHASE OF GOODS/SERVICES - RESEARCH & DEVELOPMENT - OTHER OUTSOURCED,"FOOD AND FARMING STRATEGY, INNOVATION, SYSTEMS",RSK ADAS LIMITED,1003265396,"£59,407.20",CAPITAL R&D,WA6 0AR,SUPPLIER(1),C13269,,Expense,GB256435886
DE,DEFRA,28/03/2025,EXP - CURRENT GRANTS TO LOCAL GOVERNMENT,DEPOSIT RETURN SCHEME,IPSWICH BOROUGH COUNCIL,1003265397,"£181,164.44",OTHER CURRENT GRANTS,IP1 2DE,SUPPLIER,,,Expense,104175311
DE,DEFRA,28/03/2025,EXP - CURRENT GRANTS TO LOCAL GOVERNMENT,DEPOSIT RETURN SCHEME,HYNDBURN BOROUGH COUNCIL,1003265398,"£175,682.10",OTHER CURRENT GRANTS,BB5 0PF,SUPPLIER,,,Expense,175 3477 41
DE,DEFRA,28/03/2025,EXP - CURRENT GRANTS TO LOCAL GOVERNMENT,DEPOSIT RETURN SCHEME,AMBER VALLEY BOROUGH COUNCIL,1003265399,"£252,696.55",OTHER CURRENT GRANTS,DE53BT,SUPPLIER,,,Expense,118093772
DE,DEFRA,28/03/2025,EXP - CURRENT GRANTS TO LOCAL GOVERNMENT,DEPOSIT RETURN SCHEME,WARWICK DISTRICT COUNCIL,1003265400,"£81,801.44",OTHER CURRENT GRANTS,CV32 4AT,LOCAL AUTHORITIES,,,Expense,273428941
DE,DEFRA,28/03/2025,EXP - CURRENT GRANTS TO LOCAL GOVERNMENT,DEPOSIT RETURN SCHEME,OADBY & WIGSTON BOROUGH COUNCIL,1003265401,"£130,277.16",OTHER CURRENT GRANTS,LE18 2DR,LOCAL AUTHORITIES,,,Expense,GB 115 343 404
DE,DEFRA,28/03/2025,EXP - CURRENT GRANTS TO LOCAL GOVERNMENT,DEPOSIT RETURN SCHEME,CORNWALL COUNCIL LICENSING,1003265402,"£986,857.23",OTHER CURRENT GRANTS,PL31 2FR,SUPPLIER,,,Expense,132746770
DE,DEFRA,28/03/2025,EXP - CURRENT GRANTS TO LOCAL GOVERNMENT,DEPOSIT RETURN SCHEME,PENDLE BOROUGH COUNCIL,1003265404,"£185,553.03",OTHER CURRENT GRANTS,BB9 7LJ,THIRD PARTY,,,Expense,
DE,DEFRA,28/03/2025,EXP - CURRENT GRANTS TO LOCAL GOVERNMENT,DEPOSIT RETURN SCHEME,NORTHUMBERLAND COUNTY COUNCIL,1003265405,"£545,748.08",OTHER CURRENT GRANTS,NE61 2EF,LOCAL AUTHORITIES,,,Expense,178 3682 22
DE,DEFRA,28/03/2025,EXP - CURRENT GRANTS TO LOCAL GOVERNMENT,DEPOSIT RETURN SCHEME,FOLKESTONE & HYTHE DISTRICT COUNCIL,1003265406,"£30,608.00",OTHER CURRENT GRANTS,CT20 2QY,SUPPLIER,,,Expense,
DE,DEFRA,28/03/2025,EXP - CURRENT GRANTS TO LOCAL GOVERNMENT,DEPOSIT RETURN SCHEME,SOUTH HAMS DISTRICT COUNCIL,1003265407,"£119,294.85",OTHER CURRENT GRANTS,TQ9 5NE,SUPPLIER,,,Expense,GB142204125
DE,DEFRA,28/03/2025,EXP - CURRENT GRANTS TO LOCAL GOVERNMENT,DEPOSIT RETURN SCHEME,TENDRING DISTRICT COUNCIL,1003265408,"£56,756.61",OTHER CURRENT GRANTS,CO15 1SE,LOCAL AUTHORITIES,,,Expense,104169792
DE,DEFRA,28/03/2025,EXP - PURCHASE OF GOODS/SERVICES - RESEARCH & DEVELOPMENT - OTHER OUTSOURCED,MARINE NATURAL CAPITAL ECO ASSESSMENT (NCEA),UNIVERSITY OF PLYMOUTH,1003265409,"£38,620.80",CAPITAL R&D,PL4 8AA,SUPPLIER,24412,,Expense,GB 168287859
DE,DEFRA,28/03/2025,EXP - CURRENT GRANTS TO LOCAL GOVERNMENT,DEPOSIT RETURN SCHEME,EXETER CITY COUNCIL,1003265410,"£190,340.28",OTHER CURRENT GRANTS,EX1 1RQ,SUPPLIER,,,Expense,142335594
DE,DEFRA,28/03/2025,EXP - CURRENT GRANTS TO LOCAL GOVERNMENT,DEPOSIT RETURN SCHEME,BLACKBURN WITH DARWEN BOROUGH COUNCIL,1003265411,"£255,380.32",OTHER CURRENT GRANTS,BB1 7DY,THIRD PARTY,,,Expense,
DE,DEFRA,28/03/2025,EXP - CURRENT GRANTS TO LOCAL GOVERNMENT,DEPOSIT RETURN SCHEME,NEWCASTLE CITY COUNCIL,1003265413,"£448,358.11",OTHER CURRENT GRANTS,NE99 2BN,THIRD PARTY,,,Expense,GB178208051
DE,DEFRA,28/03/2025,EXP - CURRENT GRANTS TO LOCAL GOVERNMENT,DEPOSIT RETURN SCHEME,WEST LINDSEY DISTRICT COUNCIL,1003265414,"£218,285.54",OTHER CURRENT GRANTS,DN21 2NA,CUSTOMER,,,Expense,GB129383062
DE,DEFRA,28/03/2025,EXP - CURRENT GRANTS TO LOCAL GOVERNMENT,DEPOSIT RETURN SCHEME,NUNEATON & BEDWORTH BOROUGH COUNCIL,1003265415,"£257,418.92",OTHER CURRENT GRANTS,CV11 5AA,SUPPLIER,,,Expense,115 336790
DE,DEFRA,28/03/2025,EXP - CAPITAL GRANTS TO LOCAL GOVERNMENT,DEPOSIT RETURN SCHEME,BRECKLAND DISTRICT COUNCIL,1003265416,"£523,782.13",CAPITAL GRANTS,NR19 1EE,SUPPLIER,,,Expense,106 9820 67
DE,DEFRA,28/03/2025,EXP - CURRENT GRANTS TO LOCAL GOVERNMENT,DEPOSIT RETURN SCHEME,BASSETLAW DISTRICT COUNCIL,1003265417,"£243,425.52",OTHER CURRENT GRANTS,S80 2AH,THIRD PARTY,,,Expense,127234096
DE,DEFRA,28/03/2025,EXP - CURRENT GRANTS TO LOCAL GOVERNMENT,DEPOSIT RETURN SCHEME,MANSFIELD DISTRICT COUNCIL,1003265418,"£211,319.08",OTHER CURRENT GRANTS,NG19 7BH,SUPPLIER,,,Expense,
DE,DEFRA,28/03/2025,EXP - CURRENT GRANTS TO LOCAL GOVERNMENT,DEPOSIT RETURN SCHEME,LUTON BOROUGH COUNCIL,1003265419,"£296,507.27",OTHER CURRENT GRANTS,LU1 2BQ,CUSTOMER,,,Expense,198210747
DE,DEFRA,28/03/2025,EXP - CURRENT GRANTS TO LOCAL GOVERNMENT,DEPOSIT RETURN SCHEME,BABERGH DISTRICT COUNCIL LICENSING,1003265421,"£411,812.10",OTHER CURRENT GRANTS,IP7 6SJ,SUPPLIER,,,Expense,104209028
DE,DEFRA,28/03/2025,EXP - CURRENT GRANTS TO LOCAL GOVERNMENT,DEPOSIT RETURN SCHEME,WORTHING BOROUGH COUNCIL,1003265422,"£216,632.00",OTHER CURRENT GRANTS,BN11 1HA,SUPPLIER,,,Expense,GB193624349
DE,DEFRA,28/03/2025,EXP - CURRENT GRANTS TO LOCAL GOVERNMENT,DEPOSIT RETURN SCHEME,CITY OF WESTMINSTER,1003265424,"£345,921.77",OTHER CURRENT GRANTS,SW1E 6QP,Access to Work,,,Expense,GB239291642
DE,DEFRA,28/03/2025,EXP - CURRENT GRANTS TO LOCAL GOVERNMENT,DEPOSIT RETURN SCHEME,WINCHESTER CITY COUNCIL,1003265425,"£306,085.26",OTHER CURRENT GRANTS,SO23 9LJ,SUPPLIER,,,Expense,
DE,DEFRA,28/03/2025,EXP - CURRENT GRANTS TO LOCAL GOVERNMENT,DEPOSIT RETURN SCHEME,MALDON DISTRICT COUNCIL,1003265426,"£27,867.44",OTHER CURRENT GRANTS,CM9 5DL,SUPPLIER,,,Expense,104333225
DE,DEFRA,28/03/2025,EXP - CURRENT GRANTS TO LOCAL GOVERNMENT,DEPOSIT RETURN SCHEME,HULL CITY COUNCIL,1003265429,"£359,239.69",OTHER CURRENT GRANTS,HU1 2AB,SUPPLIER,,,Expense,207 8245 11
DE,DEFRA,28/03/2025,EXP - CURRENT GRANTS TO LOCAL GOVERNMENT,DEPOSIT RETURN SCHEME,TEST VALLEY BOROUGH COUNCIL,1003265430,"£273,135.87",OTHER CURRENT GRANTS,SP10 3AJ,SUPPLIER,,,Expense,200192720
DE,DEFRA,28/03/2025,EXP - CURRENT GRANTS TO LOCAL GOVERNMENT,DEPOSIT RETURN SCHEME,LONDON BOROUGH OF ENFIELD,1003265431,"£217,454.34",OTHER CURRENT GRANTS,EN1 3XA,SUPPLIER,,,Expense,
DE,DEFRA,28/03/2025,EXP - CURRENT GRANTS TO LOCAL GOVERNMENT,DEPOSIT RETURN SCHEME,MELTON BOROUGH COUNCIL,1003265432,"£169,151.21",OTHER CURRENT GRANTS,LE13 1GH,SUPPLIER,,,Expense,
DE,DEFRA,28/03/2025,EXP - CURRENT GRANTS TO LOCAL GOVERNMENT,DEPOSIT RETURN SCHEME,OXFORD CITY COUNCIL,1003265433,"£50,832.71",OTHER CURRENT GRANTS,OX1 1DS,LOCAL AUTHORITIES,,,Expense,195457718
DE,DEFRA,28/03/2025,EXP - CURRENT GRANTS TO LOCAL GOVERNMENT,DEPOSIT RETURN SCHEME,ASHFORD BOROUGH COUNCIL,1003265434,"£35,931.99",OTHER CURRENT GRANTS,TN23 1PL,THIRD PARTY,,,Expense,202 325 227
DE,DEFRA,28/03/2025,EXP - CAPITAL GRANTS TO LOCAL GOVERNMENT,DEPOSIT RETURN SCHEME,NORTH WARWICKSHIRE DISTRICT COUNCIL,1003265435,"£304,573.42",CAPITAL GRANTS,CV9 1DE,THIRD PARTY,,,Expense,115363200
DE,DEFRA,28/03/2025,EXP - CURRENT GRANTS TO LOCAL GOVERNMENT,DEPOSIT RETURN SCHEME,NORTH KESTEVEN DISTRICT COUNCIL,1003265436,"£249,001.65",OTHER CURRENT GRANTS,NG34 7EF,THIRD PARTY,,,Expense,118 1558 75
DE,DEFRA,28/03/2025,EXP - CURRENT GRANTS TO LOCAL GOVERNMENT,DEPOSIT RETURN SCHEME,EAST CAMBRIDGESHIRE DISTRICT COUNCIL,1003265437,"£201,998.42",OTHER CURRENT GRANTS,CB7 4EE,SUPPLIER,,,Expense,214424793
DE,DEFRA,28/03/2025,EXP - CURRENT GRANTS TO LOCAL GOVERNMENT,DEPOSIT RETURN SCHEME,NORTH EAST DERBYSHIRE DISTRICT COUNCIL,1003265438,"£226,079.55",OTHER CURRENT GRANTS,S42 6NG,SUPPLIER,,,Expense,127 273 573
DE,DEFRA,28/03/2025,EXP - CURRENT GRANTS TO LOCAL GOVERNMENT,DEPOSIT RETURN SCHEME,NORTH NORFOLK DISTRICT COUNCIL,1003265439,"£259,381.80",OTHER CURRENT GRANTS,NR27 9EN,SUPPLIER,,,Expense,107042221
DE,DEFRA,28/03/2025,EXP - CURRENT GRANTS TO LOCAL GOVERNMENT,DEPOSIT RETURN SCHEME,NORTH LINCOLNSHIRE COUNCIL,1003265440,"£319,252.70",OTHER CURRENT GRANTS,DN15 6NL,SUPPLIER,,,Expense,657922402
DE,DEFRA,28/03/2025,EXP - CURRENT GRANTS TO LOCAL GOVERNMENT,DEPOSIT RETURN SCHEME,CENTRAL BEDFORDSHIRE COUNCIL LICENSING,1003265441,"£129,355.33",OTHER CURRENT GRANTS,SG17 5TQ,SUPPLIER,,,Expense,946 817 286
DE,DEFRA,28/03/2025,EXP - CURRENT GRANTS TO LOCAL GOVERNMENT,DEPOSIT RETURN SCHEME,SWINDON BOROUGH COUNCIL,1003265444,"£347,063.24",OTHER CURRENT GRANTS,SN1 2JH,LOCAL AUTHORITIES,,,Expense,GB195504742
DE,DEFRA,28/03/2025,EXP - CAPITAL GRANTS TO LOCAL GOVERNMENT,LANDSCAPES,PEAK DISTRICT NATIONAL PARK AUTH,1003265445,"£1,231,483.00",CAPITAL GRANTS,DE45 1AE,LOCAL AUTHORITIES,C22026,,Expense,313 1215 64
DE,DEFRA,28/03/2025,EXP - CURRENT GRANTS TO LOCAL GOVERNMENT,DEPOSIT RETURN SCHEME,CRAWLEY BOROUGH COUNCIL,1003265446,"£213,794.11",OTHER CURRENT GRANTS,RH10 1UZ,THIRD PARTY,,,Expense,GB 191 8071 54
DE,DEFRA,28/03/2025,EXP - CURRENT GRANTS TO LOCAL GOVERNMENT,DEPOSIT RETURN SCHEME,FAREHAM BOROUGH COUNCIL,1003265447,"£223,119.69",OTHER CURRENT GRANTS,PO16 7EP,LOCAL AUTHORITIES,,,Expense,108420894
DE,DEFRA,28/03/2025,EXP - CURRENT GRANTS TO LOCAL GOVERNMENT,LANDSCAPES,LAKE DISTRICT NATIONAL PARK AUTH,1003265448,"£1,794,213.93",OTHER CURRENT GRANTS,LA9 7RL,LOCAL AUTHORITIES,C22021,,Expense,
DE,DEFRA,28/03/2025,EXP - CURRENT GRANTS TO LOCAL GOVERNMENT,DEPOSIT RETURN SCHEME,BRAINTREE DISTRICT COUNCIL,1003265449,"£95,816.59",OTHER CURRENT GRANTS,CM7 9HB,SUPPLIER,,,Expense,GB104186304
DE,DEFRA,28/03/2025,EXP - CURRENT GRANTS TO LOCAL GOVERNMENT,DEPOSIT RETURN SCHEME,TUNBRIDGE WELLS BOROUGH COUNCIL,1003265450,"£62,597.50",OTHER CURRENT GRANTS,TN1 1RS,SUPPLIER,,,Expense,
DE,DEFRA,28/03/2025,PPE - POA & AUC (OWNED) - COST - ADDITIONS,SCIENCE FACILITIES - PROJECTS (WEYBRIDGE),OVE ARUP & PARTNERS LTD,1003265451,"£133,422.52","PROPERTY, PLANT AND EQUIPMENT (PCIP CAPEX)",NE1 3PL,SUPPLIER,C16522,DEFCOOD2S0008770,Asset,GB524461265
DE,DEFRA,28/03/2025,EXP - CURRENT GRANTS TO LOCAL GOVERNMENT,DEPOSIT RETURN SCHEME,BRENTWOOD BOROUGH COUNCIL,1003265454,"£35,040.89",OTHER CURRENT GRANTS,CM15 8AY,SUPPLIER,,,Expense,247448244
DE,DEFRA,28/03/2025,EXP - CURRENT GRANTS TO LOCAL GOVERNMENT,DEPOSIT RETURN SCHEME,CHARNWOOD BOROUGH COUNCIL,1003265456,"£295,682.24",OTHER CURRENT GRANTS,LE11 2TX,SUPPLIER,,,Expense,115 3368 88
DE,DEFRA,28/03/2025,EXP - CURRENT GRANTS TO LOCAL GOVERNMENT,DEPOSIT RETURN SCHEME,CANNOCK CHASE DISTRICT COUNCIL,1003265457,"£201,782.18",OTHER CURRENT GRANTS,WS11 1BG,SUPPLIER,,,Expense,101 225 638
DE,DEFRA,28/03/2025,EXP - CURRENT GRANTS TO LOCAL GOVERNMENT,DEPOSIT RETURN SCHEME,EREWASH BOROUGH COUNCIL,1003265458,"£221,337.29",OTHER CURRENT GRANTS,DE7 5SE,SUPPLIER,,,Expense,127 2356 81
DE,DEFRA,28/03/2025,EXP - PURCHASE OF GOODS/SERVICES - RESEARCH & DEVELOPMENT - OTHER OUTSOURCED,F&W EVIDENCE,ECONOMICS FOR THE ENVIRONMENT CONSULTANCY LTD,1003265459,"£74,830.80",CAPITAL R&D,E2 7PR,SUPPLIER,C25253,,Expense,564421547
DE,DEFRA,28/03/2025,EXP - CURRENT GRANTS TO LOCAL GOVERNMENT,DEPOSIT RETURN SCHEME,SLOUGH BOROUGH COUNCIL,1003265463,"£232,640.00",OTHER CURRENT GRANTS,SL1 2EL,SUPPLIER,,,Expense,GB 209 222 982
DE,DEFRA,28/03/2025,EXP - CURRENT GRANTS TO LOCAL GOVERNMENT,DEPOSIT RETURN SCHEME,SEFTON COUNCIL,1003265464,"£466,815.20",OTHER CURRENT GRANTS,L20 3US,SUPPLIER,,,Expense,GB165662152
DE,DEFRA,28/03/2025,EXP - CURRENT GRANTS TO LOCAL GOVERNMENT,DEPOSIT RETURN SCHEME,LICHFIELD DISTRICT COUNCIL,1003265467,"£252,039.19",OTHER CURRENT GRANTS,WS13 6YX,SUPPLIER,,,Expense,112006052
DE,DEFRA,28/03/2025,EXP - CURRENT GRANTS TO LOCAL GOVERNMENT,DEPOSIT RETURN SCHEME,FENLAND DISTRICT COUNCIL,1003265468,"£236,208.82",OTHER CURRENT GRANTS,PE15 8NQ,Access to Work,,,Expense,
DE,DEFRA,28/03/2025,EXP - CURRENT GRANTS TO LOCAL GOVERNMENT,DEPOSIT RETURN SCHEME,HARBOROUGH DISTRICT COUNCIL,1003265469,"£211,526.10",OTHER CURRENT GRANTS,LE16 7AG,THIRD PARTY,,,Expense,121525805GB
DE,DEFRA,28/03/2025,EXP - CURRENT GRANTS TO PRIVATE SECTOR - NON PROFIT INSTITUTIONS SERVING H'HOLD,LANDSCAPES,FERA SCIENCE LIMITED,1003265471,"£139,987.69",OTHER CURRENT GRANTS,YO41 1LZ,SUPPLIER,18225,,Expense,GB 618 1841 40
DE,DEFRA,28/03/2025,EXP - PURCHASE OF GOODS/SERVICES - OTHER - EVIDENCE NON R&D,NOISE AND LOCAL ENVIRONMENT,AECOM INFRASTRUCTURE AND ENVIROMENT UK LTD,1003265472,"£96,830.89",EVIDENCE NON R&D,RG21 7PP,SUPPLIER(1),ECM_56602,,Expense,
DE,DEFRA,28/03/2025,EXP - PURCHASE OF GOODS/SERVICES - OTHER PROFESSIONAL SERVICES,WASTE AND RECYCLING,ANTHESIS (UK) LTD,1003265473,"£90,693.24",OFFICE SERVICES,OX4 1RE,SUPPLIER(1),35370,,Expense,685888061
DE,DEFRA,28/03/2025,EXP - CAPITAL GRANTS TO LOCAL GOVERNMENT,DEPOSIT RETURN SCHEME,BROMSGROVE DISTRICT COUNCIL,1003265474,"£319,080.61",CAPITAL GRANTS,B98 8AH,SUPPLIER,,,Expense,1120 88112
DE,DEFRA,28/03/2025,EXP - CURRENT GRANTS TO LOCAL GOVERNMENT,DEPOSIT RETURN SCHEME,CHESTERFIELD BOROUGH COUNCIL,1003265475,"£221,631.79",OTHER CURRENT GRANTS,S40 1AH,THIRD PARTY,,,Expense,
DE,DEFRA,28/03/2025,EXP - CURRENT GRANTS TO LOCAL GOVERNMENT,DEPOSIT RETURN SCHEME,STAFFORD BOROUGH COUNCIL,1003265476,"£285,770.25",OTHER CURRENT GRANTS,ST16 3AQ,SUPPLIER,,,Expense,279964679
DE,DEFRA,28/03/2025,EXP - CURRENT GRANTS TO LOCAL GOVERNMENT,DEPOSIT RETURN SCHEME,CHORLEY COUNCIL,1003265478,"£250,454.62",OTHER CURRENT GRANTS,PR71AL,SUPPLIER,,,Expense,155 670 945
DE,DEFRA,28/03/2025,EXP - CURRENT GRANTS TO LOCAL GOVERNMENT,DEPOSIT RETURN SCHEME,ROSSENDALE BOROUGH COUNCIL,1003265479,"£174,377.96",OTHER CURRENT GRANTS,OL13 0BB,SUPPLIER,,,Expense,149405559
DE,DEFRA,28/03/2025,EXP - PURCHASE OF GOODS/SERVICES - TELECOMS,GROUP INFRASTRUCTURE & OPERATIONS,VODAFONE LTD,1003265484,"£69,448.33",OFFICE SERVICES,RG14 2FN,SUPPLIER,C15540,DEFCOOD300221,Expense,GB 569 9532 77
DE,DEFRA,28/03/2025,EXP - CURRENT GRANTS TO LOCAL GOVERNMENT,DEPOSIT RETURN SCHEME,DARTFORD BOROUGH COUNCIL,1003265485,"£226,213.82",OTHER CURRENT GRANTS,DA1 1DR,SUPPLIER,,,Expense,GB 204289379
DE,DEFRA,28/03/2025,EXP - CURRENT GRANTS TO LOCAL GOVERNMENT,DEPOSIT RETURN SCHEME,ASHFIELD DISTRICT COUNCIL,1003265486,"£227,817.59",OTHER CURRENT GRANTS,NG17 8DA,THIRD PARTY,,,Expense,1181168568
DE,DEFRA,28/03/2025,EXP - CURRENT GRANTS TO LOCAL GOVERNMENT,DEPOSIT RETURN SCHEME,BROXTOWE BOROUGH COUNCIL,1003265487,"£216,923.26",OTHER CURRENT GRANTS,NG9 1AB,SUPPLIER,,,Expense,118 0330 13
DE,DEFRA,28/03/2025,EXP - CURRENT GRANTS TO LOCAL GOVERNMENT,DEPOSIT RETURN SCHEME,HORSHAM DISTRICT COUNCIL,1003265488,"£306,642.93",OTHER CURRENT GRANTS,RH12 1RL,LOCAL AUTHORITIES,,,Expense,210915108
DE,DEFRA,28/03/2025,EXP - CURRENT GRANTS TO LOCAL GOVERNMENT,DEPOSIT RETURN SCHEME,CHELMSFORD BOROUGH COUNCIL,1003265489,"£52,329.11",OTHER CURRENT GRANTS,CM1 2JE,SUPPLIER,,,Expense,
DE,DEFRA,28/03/2025,EXP - CURRENT GRANTS TO LOCAL GOVERNMENT,DEPOSIT RETURN SCHEME,BRISTOL CITY COUNCIL LICENSING,1003265495,"£61,491.39",OTHER CURRENT GRANTS,BS1 9NE,SUPPLIER,,,Expense,139 563 445
DE,DEFRA,28/03/2025,EXP - CURRENT GRANTS TO LOCAL GOVERNMENT,DEPOSIT RETURN SCHEME,RUSHCLIFFE BOROUGH COUNCIL LICENSING,1003265496,"£229,861.33",OTHER CURRENT GRANTS,NG2 7YG,SUPPLIER,,,Expense,118058087
DE,DEFRA,28/03/2025,EXP - CURRENT GRANTS TO LOCAL GOVERNMENT,DEPOSIT RETURN SCHEME,GLOUCESTER CITY COUNCIL LICENSING,1003265497,"£35,270.22",OTHER CURRENT GRANTS,GL1 2TG,SUPPLIER,,,Expense,GB276 1158 53
DE,DEFRA,28/03/2025,EXP - CURRENT GRANTS TO LOCAL GOVERNMENT,LAND USE AND PLANNING,LONDON BOROUGH OF BROMLEY,1003265499,"£73,851.13",OTHER CURRENT GRANTS,BR1 3UH,SUPPLIER,GIA,,Expense,205 5959 54
DE,DEFRA,28/03/2025,EXP - CURRENT GRANTS TO LOCAL GOVERNMENT,DEPOSIT RETURN SCHEME,READING BOROUGH COUNCIL,1003265500,"£25,952.24",OTHER CURRENT GRANTS,RG1 7TD,LOCAL AUTHORITIES,,,Expense,200 1916 25
DE,DEFRA,28/03/2025,EXP - CURRENT GRANTS TO LOCAL GOVERNMENT,DEPOSIT RETURN SCHEME,MID SUSSEX DISTRICT COUNCIL,1003265501,"£275,713.70",OTHER CURRENT GRANTS,RH16 1SS,SUPPLIER,,,Expense,
DE,DEFRA,28/03/2025,EXP - CURRENT GRANTS TO LOCAL GOVERNMENT,DEPOSIT RETURN SCHEME,WELWYN HATFIELD DISTRICT COUNCIL,1003265502,"£214,057.35",OTHER CURRENT GRANTS,AL8 6AE,SUPPLIER,,,Expense,
DE,DEFRA,28/03/2025,EXP - CURRENT GRANTS TO LOCAL GOVERNMENT,DEPOSIT RETURN SCHEME,MID SUFFOLK DISTRICT COUNCIL,1003265503,"£229,570.67",OTHER CURRENT GRANTS,IP6 8DL,SUPPLIER,,,Expense,GB104169401
DE,DEFRA,28/03/2025,EXP - PURCHASE OF GOODS/SERVICES - ICT OUTSOURCING & MAINT/SUPPORT,IT SERVICE OPERATIONS,CSC COMPUTER SCIENCES LTD,1003265504,"£2,339,300.35",IT SERVICES/SOFTWARE/HARDWARE,GU11 1PZ,SUPPLIER,ecm_52093,DEFCOOD300554,Expense,584686581
DE,DEFRA,28/03/2025,EXP - CURRENT GRANTS TO LOCAL GOVERNMENT,DEPOSIT RETURN SCHEME,HARTLEPOOL BOROUGH COUNCIL,1003265508,"£193,357.09",OTHER CURRENT GRANTS,TS24 8AY,Access to Work,,,Expense,259 087 918
DE,DEFRA,28/03/2025,EXP - CURRENT GRANTS TO LOCAL GOVERNMENT,DEPOSIT RETURN SCHEME,HALTON BOROUGH COUNCIL,1003265509,"£237,443.46",OTHER CURRENT GRANTS,WA8 7QF,SUPPLIER,,,Expense,152 8201 89
DE,DEFRA,28/03/2025,EXP - CURRENT GRANTS TO LOCAL GOVERNMENT,DEPOSIT RETURN SCHEME,BOSTON BOROUGH COUNCIL LICENSING,1003265510,"£171,041.45",OTHER CURRENT GRANTS,PE21 8QR,CUSTOMER,,,Expense,129 4418 63
DE,DEFRA,28/03/2025,EXP - CURRENT GRANTS TO LOCAL GOVERNMENT,DEPOSIT RETURN SCHEME,BUCKINGHAMSHIRE CITY COUNCIL LICENSING,1003265526,"£152,442.36",OTHER CURRENT GRANTS,HP19 8FF,SUPPLIER,,,Expense,GB33 7784 854
DE,DEFRA,28/03/2025,EXP - CURRENT GRANTS TO LOCAL GOVERNMENT,DEPOSIT RETURN SCHEME,ARUN DISTRICT COUNCIL LICENSING,1003265527,"£293,360.59",OTHER CURRENT GRANTS,BN17 5LF,SUPPLIER,,,Expense,193 5586 24
DE,DEFRA,31/03/2025,EXP - CURRENT GRANTS TO LOCAL GOVERNMENT,LAND USE AND PLANNING,KENT COUNTY COUNCIL,1003265547,"£1,445,351.00",OTHER CURRENT GRANTS,ME14 1XQ,SUPPLIER,GIA,,Expense,GB20 426 9191
DE,DEFRA,31/03/2025,EXP - CURRENT GRANTS TO LOCAL GOVERNMENT,LANDSCAPES,SOUTH HAMS DISTRICT COUNCIL,1003265548,"£588,387.10",OTHER CURRENT GRANTS,TQ9 5NE,SUPPLIER,C22015,,Expense,GB142204125
DE,DEFRA,31/03/2025,EXP - CAPITAL GRANTS TO LOCAL GOVERNMENT,LANDSCAPES,SOMERSET COUNCIL,1003265551,"£67,784.55",CAPITAL GRANTS,BA4 5BT,LOCAL AUTHORITIES,C16804,,Expense,GB131254412
DE,DEFRA,31/03/2025,EXP - PURCHASE OF GOODS/SERVICES - END USER SOFTWARE AND HARDWARE,OFFICE OF CTO AND CHANGE IMPLEMENTATION,COMPUTACENTER (UK) LTD,1003265552,"£28,539.80",IT SERVICES/SOFTWARE/HARDWARE,AL10 9TW,SUPPLIER,C25985,,Expense,490334648
DE,DEFRA,31/03/2025,EXP - CURRENT GRANTS TO LOCAL GOVERNMENT,LANDSCAPES,EAST SUSSEX COUNTY COUNCIL,1003265559,"£90,397.21",OTHER CURRENT GRANTS,BN7 1UE,SUPPLIER,C16765,,Expense,191803754
DE,DEFRA,31/03/2025,EXP - CAPITAL GRANTS TO LOCAL GOVERNMENT,LANDSCAPES,DORSET COUNTY COUNCIL,1003265560,"£634,507.30",CAPITAL GRANTS,DT1 1XJ,THIRD PARTY,C16718,,Expense,187 1551 46
DE,DEFRA,31/03/2025,EXP - CURRENT GRANTS TO LOCAL GOVERNMENT,LAND USE AND PLANNING,THREE RIVERS DISTRICT COUNCIL,1003265561,"£26,807.00",OTHER CURRENT GRANTS,WD3 1RL,LOCAL AUTHORITIES,GIA,,Expense,
DE,DEFRA,31/03/2025,EXP - PURCHASE OF GOODS/SERVICES - RESEARCH & DEVELOPMENT - OTHER OUTSOURCED,F&W EVIDENCE,J B A CONSULTING,1003265564,"£72,444.54",CAPITAL R&D,BD23 3AE,SUPPLIER,C20216,,Expense,665300941
DE,DEFRA,31/03/2025,EXP - PURCHASE OF GOODS/SERVICES - RESEARCH & DEVELOPMENT - OTHER OUTSOURCED,F&W EVIDENCE,UNIVERSITY OF NOTTINGHAM,1003265565,"£79,975.00",CAPITAL R&D,NG7 2RD,SUPPLIER,C28343,,Expense,690391225
DE,DEFRA,31/03/2025,EXP - PURCHASE OF GOODS/SERVICES - RESEARCH & DEVELOPMENT - OTHER OUTSOURCED,CONSISTENT WASTE COLLECTION,RESOURCE FUTURES LTD,1003265566,"£62,287.20",CAPITAL R&D,BS1 6XN,SUPPLIER,C16273,,Expense,
DE,DEFRA,31/03/2025,EXP - PURCHASE OF GOODS/SERVICES - OTHER - EVIDENCE NON R&D,AIR QUALITY,IPSOS MORI,1003265567,"£411,086.40",EVIDENCE NON R&D,E1W 1YW,SUPPLIER,ecm_C24100,,Expense,
DE,DEFRA,31/03/2025,EXP - CAPITAL GRANTS TO LOCAL GOVERNMENT,FORESTRY,CHESHIRE WEST CHESTER COUNCIL,1003265570,"£19,160,000.00",CAPITAL GRANTS,CH1 2NP,LOCAL AUTHORITIES,GIA,,Expense,945 1011 54
DE,DEFRA,31/03/2025,EXP - CURRENT GRANTS TO LOCAL GOVERNMENT,LANDSCAPES,SOMERSET COUNTY COUNCIL,1003265573,"£299,008.00",OTHER CURRENT GRANTS,TA1 4DY,THIRD PARTY,C22007,,Expense,131254412
DE,DEFRA,31/03/2025,EXP - PURCHASE OF GOODS/SERVICES - RESEARCH & DEVELOPMENT - OTHER OUTSOURCED,"INTERNATIONAL SCIENCE, EVIDENCE AND ANALYSIS",WCMC,1003265578,"£183,260.40",CAPITAL R&D,CB3 0DL,SUPPLIER(1),C21984,,Expense,995935446
DE,DEFRA,31/03/2025,EXP - CAPITAL GRANTS TO LOCAL GOVERNMENT,LANDSCAPES,EAST DEVON AONB,1003265579,"£89,061.00",CAPITAL GRANTS,EX10 8HL,CUSTOMER,C21978,,Expense,142218990
DE,DEFRA,31/03/2025,EXP - PURCHASE OF GOODS/SERV -ICT OUTSOURC & MAINT/SUPP -NETWORK SERV INC ASSETS,GIODP,ATOS IT SERVICES UK LTD,1003265581,"£71,258.18",IT SERVICES/SOFTWARE/HARDWARE,WV10 6UH,CIS SUPPLIER,C21608,DEFCOOD3P6336,Expense,232327983
DE,DEFRA,31/03/2025,EXP - PURCHASE OF GOODS/SERVICES - RESEARCH & DEVELOPMENT - OTHER OUTSOURCED,PLANT HEALTH,FUTURE TREES TRUST,1003265589,"£70,336.00",CAPITAL R&D,GL6 8EG,Trust,C28427,,Expense,
DE,DEFRA,31/03/2025,EXP - CAPITAL GRANTS TO LOCAL GOVERNMENT,LANDSCAPES,SHROPSHIRE COUNCIL,1003265593,"£94,953.67",CAPITAL GRANTS,SY2 6ND,SUPPLIER,C16870,,Expense,162347472
DE,DEFRA,31/03/2025,EXP - CURRENT GRANTS TO LOCAL GOVERNMENT,LAND USE AND PLANNING,BRAINTREE DISTRICT COUNCIL,1003265594,"£26,807.00",OTHER CURRENT GRANTS,CM7 9HB,SUPPLIER,GIA,,Expense,GB104186304
DE,DEFRA,31/03/2025,EXP - PURCHASE OF GOODS/SERVICES - RESEARCH & DEVELOPMENT - OTHER OUTSOURCED,CONSISTENT WASTE COLLECTION,JACOBS UK LTD,1003265595,"£48,146.29",CAPITAL R&D,LS11 9DX,CIS SUPPLIER,C5457,,Expense,GB624298920
DE,DEFRA,31/03/2025,EXP - PURCHASE OF GOODS/SERVICES - ICT OUTSOURCING & MAINT/SUPPORT,IT SERVICE OPERATIONS,CSC COMPUTER SCIENCES LTD,1003265599,"£90,552.04",IT SERVICES/SOFTWARE/HARDWARE,GU11 1PZ,SUPPLIER,ecm_52093,DEFCOOD300554,Expense,584686581
DE,DEFRA,31/03/2025,EXP - PURCHASE OF GOODS/SERVICES - RESEARCH & DEVELOPMENT - OTHER OUTSOURCED,NOISE AND LOCAL ENVIRONMENT,AECOM LTD,1003265604,"£34,036.88",CAPITAL R&D,AL1 3ER,SUPPLIER,C23739,,Expense,611853162
DE,DEFRA,31/03/2025,Exp - Purchase Of Goods/Services - Consultancy,SPS BORDERS AND BOUNDARIES,PA CONSULTING SERVICES LTD,1003265620,"£60,633.60",CONSULTANCY,SG8 6DP,SUPPLIER,C24919,,Expense,238535057
DE,DEFRA,31/03/2025,EXP - PURCHASE OF GOODS/SERVICES - RESEARCH & DEVELOPMENT - OTHER OUTSOURCED,"RISK MANAGEMENT, IMPORTS AND INTERNATIONAL MANAGEMENT",OXFORD BROOKES UNIVERSITY,1003265628,"£115,668.05",CAPITAL R&D,OX3 0BP,SUPPLIER,C21386,,Expense,685 4145 14
DE,DEFRA,31/03/2025,EXP - PURCHASE OF GOODS/SERVICES - ICT OUTSOURCING & MAINT/SUPPORT,IT SERVICE OPERATIONS,CAPGEMINI UK PLC,1003265629,"£192,307.54",IT SERVICES/SOFTWARE/HARDWARE,GU21 6DB,THIRD PARTY,,DEFCOOD300414,Expense,GB232441107
DE,DEFRA,31/03/2025,EXP - CURRENT GRANTS TO LOCAL GOVERNMENT,LAND USE AND PLANNING,CITY OF WESTMINSTER,1003265630,"£43,009.00",OTHER CURRENT GRANTS,SW1E 6QP,Access to Work,GIA,,Expense,GB239291642
DE,DEFRA,31/03/2025,PPE - POA & AUC (OWNED) - COST - ADDITIONS,NATURAL CAPITAL & ECOSYSTEM ASSESSMENT (TERRESTRIAL),MITIE FM LTD,1003265644,"£70,142.84","PROPERTY, PLANT AND EQUIPMENT (PCIP CAPEX)",BS32 4NH,CIS SUPPLIER,C19881,DEFCOOD22MPW001E,Asset,GB 362869361
DE,DEFRA,31/03/2025,PPE - POA & AUC (OWNED) - COST - ADDITIONS,SCIENCE FACILITIES - PROJECTS (WEYBRIDGE),WALTER LILLY & CO LTD,1003265660,"£27,044.80","PROPERTY, PLANT AND EQUIPMENT (PCIP CAPEX)",CR0 6SR,CIS SUPPLIER,C27209,DEFCOOD2S0009056,Asset,208033404
DE,DEFRA,31/03/2025,EXP - PURCHASE OF GOODS/SERVICES - RESEARCH & DEVELOPMENT - OTHER OUTSOURCED,MARINE NATURAL CAPITAL ECO ASSESSMENT (NCEA),NATIONAL OCEANOGRAPHY CENTRE,1003265668,"£69,285.00",CAPITAL R&D,SO14 3ZH,SUPPLIER,C24166,,Expense,338 5487 64
DE,DEFRA,31/03/2025,EXP - PURCHASE OF GOODS/SERVICES - OTHER - EVIDENCE NON R&D,FOOD CHAIN ANALYSIS & FARMING STATISTICS,PROMAR INTERNATIONAL LTD,1003265672,"£1,079,270.72",EVIDENCE NON R&D,CW5 7JW,SUPPLIER(1),ecm_65239,,Expense,
DE,DEFRA,31/03/2025,EXP - PURCHASE OF GOODS/SERVICES - RESEARCH & DEVELOPMENT - OTHER OUTSOURCED,"FOOD AND FARMING STRATEGY, INNOVATION, SYSTEMS",ORGANIC RESEARCH CENTRE,1003265676,"£37,978.87",CAPITAL R&D,GL7 6JN,SUPPLIER,C27774,,Expense,314668159
DE,DEFRA,31/03/2025,EXP - CURRENT GRANTS TO LOCAL GOVERNMENT,LAND USE AND PLANNING,STOCKPORT MBC,1003265679,"£26,807.00",OTHER CURRENT GRANTS,SK1 3XE,SUPPLIER,GIA,,Expense,158 556040
DE,DEFRA,31/03/2025,EXP - CURRENT GRANTS TO LOCAL GOVERNMENT,LAND USE AND PLANNING,THE ROYAL BOROUGH OF KENSINGTON AND CHELSEA,1003265681,"£43,456.84",OTHER CURRENT GRANTS,W8 5DG,SUPPLIER,GIA,,Expense,238699310
DE,DEFRA,31/03/2025,EXP - CURRENT GRANTS TO LOCAL GOVERNMENT,LAND USE AND PLANNING,BEDFORD BOROUGH COUNCIL,1003265682,"£26,730.00",OTHER CURRENT GRANTS,MK40 1YN,SUPPLIER,GIA,,Expense,GB198207436
DE,DEFRA,31/03/2025,EXP - PURCHASE OF GOODS/SERVICES - RESEARCH & DEVELOPMENT - OTHER OUTSOURCED,LANDSCAPES,ECORYS UK LTD,1003265683,"£41,379.00",CAPITAL R&D,B1 2RA,SUPPLIER,C22932,,Expense,GB 558942395
DE,DEFRA,31/03/2025,PPE - POA & AUC (OWNED) - COST - ADDITIONS,PROPERTY PORTFOLIO DELIVERY (CAPITAL),SENATOR INTERNATIONAL LTD,1003265686,"£81,804.00","PROPERTY, PLANT AND EQUIPMENT (PCIP CAPEX)",BB55YE,SUPPLIER,ecm56268,DEFCOOD24MPW009E,Asset,
DE,DEFRA,31/03/2025,EXP - CAPITAL GRANTS TO LOCAL GOVERNMENT,LANDSCAPES,STAFFORDSHIRE COUNTY COUNCIL,1003265689,"£64,331.09",CAPITAL GRANTS,ST16 2DH,SUPPLIER,C16686,,Expense,280061977
DE,DEFRA,31/03/2025,EXP - CURRENT GRANTS TO LOCAL GOVERNMENT,LAND USE AND PLANNING,HINCKLEY & BOSWORTH BOROUGH COUNCIL,1003265694,"£26,807.00",OTHER CURRENT GRANTS,LE10 0FR,SUPPLIER,GIA,,Expense,115 3665 82
DE,DEFRA,31/03/2025,EXP - PURCHASE OF GOODS/SERVICES - RESEARCH & DEVELOPMENT - OTHER OUTSOURCED,NATURAL CAPITAL & ECOSYSTEM ASSESSMENT (TERRESTRIAL),UK CENTRE FOR ECOLOGY & HYDROLOGY,1003265697,"£148,184.03",CAPITAL R&D,OX10 8BB,SUPPLIER,C21333,,Expense,336 940192
DE,DEFRA,31/03/2025,EXP - CURRENT GRANTS TO LOCAL GOVERNMENT,LAND USE AND PLANNING,LONDON BOROUGH OF HARINGEY,1003265698,"£26,807.00",OTHER CURRENT GRANTS,N22 7TR,LOCAL AUTHORITIES,GIA,,Expense,GB220754391
DE,DEFRA,31/03/2025,EXP - PURCHASE OF GOODS/SERVICES - TELECOMS,GROUP INFRASTRUCTURE & OPERATIONS,VODAFONE LTD,1003265705,"£132,794.00",OFFICE SERVICES,RG14 2FN,SUPPLIER,C15540,DEFCOOD300421,Expense,GB 569 9532 77
DE,DEFRA,31/03/2025,EXP - PURCHASE OF GOODS/SERVICES - RESEARCH & DEVELOPMENT - OTHER OUTSOURCED,ENVIRONMENT SCIENCE AND ANALYSIS,ICF CONSULTING SERVICES LTD,1003265730,"£446,670.84",CAPITAL R&D,EC4R 1BE,SUPPLIER,C22928,,Expense,927 4872 86
DE,DEFRA,31/03/2025,EXP - PURCHASE OF GOODS/SERVICES - OTHER,SPS BORDERS AND BOUNDARIES,HMRC ACCOUNTS RECIEVABLE,1003265733,"£1,657,635.49",OTHER,BN11 1UR,SUPPLIER,IGS,,Expense,GB888848141
DE,DEFRA,31/03/2025,EXP - PURCHASE OF GOODS/SERVICES - RESEARCH & DEVELOPMENT - OTHER OUTSOURCED,EU EXIT CHEMICALS (REACH),WSP UK LTD,1003265734,"£58,460.30",CAPITAL R&D,M15 4RP,CIS SUPPLIER,C26553,,Expense,GB 905 0549 42
DE,DEFRA,31/03/2025,EXP - PURCHASE OF GOODS/SERVICES - RESEARCH & DEVELOPMENT - OTHER OUTSOURCED,"INTERNATIONAL SCIENCE, EVIDENCE AND ANALYSIS",ITAD LTD,1003265735,"£48,483.06",CAPITAL R&D,BN1 3XE,SUPPLIER,C22933,,Expense,GB412489750
DE,DEFRA,31/03/2025,EXP - CURRENT GRANTS TO LOCAL GOVERNMENT,LAND USE AND PLANNING,NORTH EAST COMBINED AUTHORITY,1003265737,"£53,614.00",OTHER CURRENT GRANTS,DH1 5UL,SUPPLIER,GIA,,Expense,244312340
DE,DEFRA,31/03/2025,EXP - PURCHASE OF GOODS/SERVICES - OTHER - EVIDENCE R&D,FOOD CHAIN ANALYSIS & FARMING STATISTICS,ALMA ECONOMICS LTD,1003265748,"£32,376.00",PROGRAMME EXPENDITURE EVIDENCE R&D,SE1 3PL,SUPPLIER,C27058,,Expense,208923405
DE,DEFRA,31/03/2025,EXP - PURCHASE OF GOODS/SERVICES - ICT OUTSOURCING & MAINT/SUPPORT,GIODP,UBDS IT CONSULTING LTD,1003265752,"£824,368.50",IT SERVICES/SOFTWARE/HARDWARE,W2 1BE,SUPPLIER,C21695,DEFCOOD3P6213,Expense,GB417155704
DE,DEFRA,31/03/2025,EXP - PURCHASE OF GOODS/SERVICES - OTHER - EVIDENCE R&D,ELM TRIALS AND TESTS,SWALLOWTAIL CONSULTING LTD,1003265758,"£27,708.12",PROGRAMME EXPENDITURE EVIDENCE R&D,NR19 2QF,SUPPLIER,C21342,,Expense,445 489 851
DE,DEFRA,31/03/2025,EXP - CURRENT GRANTS TO LOCAL GOVERNMENT,DEPOSIT RETURN SCHEME,DUDLEY METROPOLITAN BOROUGH COUNCIL,1003265764,"£502,962.56",OTHER CURRENT GRANTS,DY1 1HF,SUPPLIER,,,Expense,281220980gb
DE,DEFRA,31/03/2025,EXP - CURRENT GRANTS TO LOCAL GOVERNMENT,DEPOSIT RETURN SCHEME,BOURNEMOUTH CHRISTCHURCH AND POOLE COUNCIL,1003265769,"£343,191.54",OTHER CURRENT GRANTS,BH2 6DY,SUPPLIER,,,Expense,
DE,DEFRA,31/03/2025,Exp - Purchase Of Goods/Services - Consultancy,STRATEGIC BUSINESS RELATIONSHIP MANAGEMENT,ALEXANDER MANN SOLUTIONS LIMITED (AMS),1003265775,"£335,905.20",CONSULTANCY,EC2M 5TQ,SUPPLIER,C13025,,Expense,GB 744 4926
DE,DEFRA,31/03/2025,EXP - PURCHASE OF GOODS/SERVICES - RESEARCH & DEVELOPMENT - OTHER OUTSOURCED,"INTERNATIONAL SCIENCE, EVIDENCE AND ANALYSIS",ICF CONSULTING SERVICES LTD,1003265782,"£114,424.87",CAPITAL R&D,EC2R 8HP,SUPPLIER,C22928,,Expense,927 4872 86
DE,DEFRA,31/03/2025,PPE - POA & AUC (OWNED) - COST - ADDITIONS,BIM AND ASSET MANAGEMENT AND INNOVATIONS PROGRAMME,BEST PRACTICE GROUP PLC,1003265797,"£33,333.35","PROPERTY, PLANT AND EQUIPMENT (PCIP CAPEX)",WN5 7XX,SUPPLIER,C25390,,Asset,GB732457338
DE,DEFRA,03/03/2025,EXP - PURCHASE OF GOODS/SERVICES - OTHER - EVIDENCE NON R&D,ANIMAL DISEASE CONTROL,B B S R C,2003004562,"£755,000.00",EVIDENCE NON R&D,SN2 1UH,OGD,C17508,,Expense,
DE,DEFRA,03/03/2025,EXP - PURCHASE OF GOODS/SERVICES - RESEARCH & DEVELOPMENT - OTHER OUTSOURCED,DATA ANALYTICS AND SCIENCE HUB (DASH),DEPARTMENT FOR LEVELLING UP HOUSING & COMMUNITIES,2003004566,"£60,000.00",CAPITAL R&D,HP2 4XN,SUPPLIER,IGS,,Expense,GB888848043
DE,DEFRA,03/03/2025,EXP - GRANT-IN-AID TO ARMS LENGTH BODIES,CORPORATE FINANCE,THE NATIONAL FOREST CO,2003004572,"£832,907.00",CURRENT GRANTS - GIA TO NDPB,DE12 6BA,Government Agency,,,Expense,
DE,DEFRA,03/03/2025,EXP - GRANT-IN-AID TO ARMS LENGTH BODIES,CORPORATE FINANCE,MARINE MANAGEMENT ORGANISATION,2003004574,"£8,000,000.00",CURRENT GRANTS - GIA TO NDPB,NE4 7YH,OGD,,,Expense,990 8229 84
DE,DEFRA,03/03/2025,EXP - GRANT-IN-AID TO ARMS LENGTH BODIES,CORPORATE FINANCE,NATURAL ENGLAND,2003004577,"£27,000,000.00",CURRENT GRANTS - GIA TO NDPB,YO1 7PX,CUSTOMER,,,Expense,551065074
DE,DEFRA,03/03/2025,EXP - GRANT-IN-AID TO ARMS LENGTH BODIES,CORPORATE FINANCE,THE OFFICE FOR ENVIRONMENTAL PROTECTION,2003004578,"£730,344.82",CURRENT GRANTS - GIA TO NDPB,WR5 2NP,SUPPLIER,,,Expense,
DE,DEFRA,04/03/2025,EXP - PURCHASE OF GOODS/SERVICES - OTHER - EVIDENCE NON R&D,ANIMAL HEALTH: PUBLIC HEALTH,ANIMAL & PLANT HEALTH AGENCY,2003004583,"£31,780.35",EVIDENCE NON R&D,KT15 3NB,THIRD PARTY,"“FDP""",,Expense,8888000181
DE,DEFRA,04/03/2025,EXP - PURCHASE OF GOODS/SERVICES - OTHER PROFESSIONAL SERVICES,FFCP DELIVERY & CORPORATE BUSINESS,INNOVATE UK,2003004584,"£26,802.71",OFFICE SERVICES,SN2 1JF,CUSTOMER,IGS,,Expense,GB287461957
DE,DEFRA,04/03/2025,EXP - PURCHASE OF GOODS/SERVICES - OTHER PROFESSIONAL SERVICES,FAST STREAM AND POLICY PROFESSION,CABINET OFFICE,2003004586,"£190,080.00",OFFICE SERVICES,NP10 8FZ,OGD,IGS,,Expense,888 8010 80
DE,DEFRA,04/03/2025,EXP - GRANT-IN-AID TO ARMS LENGTH BODIES,CORPORATE FINANCE,ENVIRONMENT AGENCY,2003004587,"£180,000,000.00",CURRENT GRANTS - GIA TO NDPB,BS1 5AH,SUPPLIER,,,Expense,662 4901 34
DE,DEFRA,05/03/2025,EXP - PURCHASE OF GOODS/SERVICES - INTERNALLY GENERATED RESEARCH & DEVELOPMENT,"FOOD AND FARMING STRATEGY, INNOVATION, SYSTEMS",FOREIGN COMMONWEALTH & DEVELOPMENT OFFICE,2003004588,"£60,900.00",CAPITAL R&D,SW1P 3JG,SUPPLIER,C27991,,Expense,GB888813560
DE,DEFRA,05/03/2025,EXP - PURCHASE OF GOODS/SERVICES - OTHER PROFESSIONAL SERVICES,PORTFOLIO OFFICE - PORTFOLIO MANAGEMENT OFFICE,CABINET OFFICE,2003004593,"£724,517.00",OFFICE SERVICES,NP10 8FZ,OGD,IGS,,Expense,888 8010 80
DE,DEFRA,06/03/2025,EXP - PURCHASE OF GOODS/SERVICES - OTHER PROFESSIONAL SERVICES,FFCP DELIVERY & CORPORATE BUSINESS,INNOVATE UK,2003004597,"£510,397.34",OFFICE SERVICES,SN2 1JF,CUSTOMER,IGS,,Expense,GB287461957
DE,DEFRA,07/03/2025,EXP - CAPITAL GRANTS TO CENTRAL GOVERNMENT,F&W - WATER ENVIRONMENT & PUBLIC HEALTH,THE COAL AUTHORITY,2003004606,"£3,994,525.20",CAPITAL GRANTS,NG18 4RG,THIRD PARTY,GIA,,Expense,598585068
DE,DEFRA,10/03/2025,EXP - CURRENT GRANTS TO CENTRAL GOVERNMENT,TRANSFORMING FARM ANIMAL HEALTH AND WELFARE,FOOD STANDARDS AGENCY,2003004610,"£130,735.70",OTHER CURRENT GRANTS,YO31 6EP,SUPPLIER,FDP,,Expense,888847046
DE,DEFRA,10/03/2025,EXP - CAPITAL GRANTS TO CENTRAL GOVERNMENT - CAPITAL R&D,INNOVATIVE SUSTAINABLE FARMING,INNOVATE UK,2003004611,"£169,306.92",CAPITAL R&D,SN2 1JF,CUSTOMER,IGS,,Expense,GB287461957
DE,DEFRA,10/03/2025,EXP - PURCHASE OF GOODS/SERVICES - RESEARCH & DEVELOPMENT - OTHER OUTSOURCED,FLS - GOVERNMENT DECONTAMINATION SERVICE,DSTL,2003004613,"£418,805.12",CAPITAL R&D,PO14 9HL,CUSTOMER,FDP,,Expense,888805166
DE,DEFRA,13/03/2025,EXP - PURCHASE OF GOODS/SERVICES - OTHER - PROGRAMME EXPENDITURE,FLS - WATER PROGRAMME - WATER REFORM - CCWATER,CONSUMER COUNCIL FOR WATER (CCW),2003004626,"£30,000.00",OTHER CURRENT PAYMENTS,B2 4BH,THIRD PARTY,,,Expense,
DE,DEFRA,14/03/2025,EXP - PURCHASE OF GOODS/SERVICES - INTERNALLY GENERATED RESEARCH & DEVELOPMENT,SCIENCE PROJECTS - MASTERPLAN / SCAH,ANIMAL & PLANT HEALTH AGENCY,2003004633,"£148,093.79",CAPITAL R&D,KT15 3NB,THIRD PARTY,DFP,,Expense,8888000181
DE,DEFRA,14/03/2025,EXP - CAPITAL GRANTS TO CENTRAL GOVERNMENT - CAPITAL R&D,INNOVATIVE SUSTAINABLE FARMING,INNOVATE UK,2003004635,"£11,752,731.15",CAPITAL R&D,SN2 1JF,CUSTOMER,IGS,,Expense,GB287461957
DE,DEFRA,14/03/2025,EXP - CAPITAL GRANTS TO LOCAL GOVERNMENT,F&W COMMERCIAL POLICY,DEPARTMENT FOR LEVELLING UP HOUSING & COMMUNITIES,2003004637,"£20,320,417.00",CAPITAL GRANTS,HP2 4XN,SUPPLIER,GIA,,Expense,GB888848043
DE,DEFRA,14/03/2025,EXP - PURCHASE OF GOODS/SERVICES - OTHER - EVIDENCE NON R&D,TRANSFORMING FARM ANIMAL HEALTH AND WELFARE,HMCTS HM COURTS & TRIBUNALS SERVICE,2003004638,"£53,391.75",EVIDENCE NON R&D,NP20 9BB,THIRD PARTY,IGS,,Expense,888818055
DE,DEFRA,14/03/2025,EXP - PURCHASE OF GOODS/SERVICES - OTHER PROFESSIONAL SERVICES,HR PEOPLE ANALYTICS,CABINET OFFICE,2003004640,"£54,767.48",OFFICE SERVICES,NP10 8FZ,OGD,IGS,,Expense,888 8010 80
DE,DEFRA,14/03/2025,EXP - PURCHASE OF GOODS/SERVICES - OTHER PROFESSIONAL SERVICES,PROPERTY STRATEGY - CORPORATE PROPERTY,ENVIRONMENT AGENCY,2003004641,"£64,379.24",OFFICE SERVICES,NP10 8FZ,SUPPLIER,IGS,,Expense,662 4901 34
DE,DEFRA,17/03/2025,EXP - PURCHASE OF GOODS/SERVICES - OTHER PROFESSIONAL SERVICES,EXTERNAL AUDIT FEES FROM NAO,NATIONAL AUDIT OFFICE,2003004647,"£162,250.00",OFFICE SERVICES,SW1W 9SP,SUPPLIER,IPA,,Expense,417632457
DE,DEFRA,17/03/2025,EXP - PURCHASE OF GOODS/SERVICES - TRAINING & DEVELOPMENT,TALENT,CABINET OFFICE,2003004652,"£44,352.00",TRAINING,EC2M 4RB,OGD,IGS,,Expense,888 8010 80
DE,DEFRA,17/03/2025,EXP - GRANT-IN-AID TO ARMS LENGTH BODIES,CORPORATE FINANCE,THE NATIONAL FOREST CO,2003004653,"£50,875.00",CURRENT GRANTS - GIA TO NDPB,DE12 6BA,Government Agency,,,Expense,
DE,DEFRA,18/03/2025,EXP - PURCHASE OF GOODS/SERVICES - RESEARCH & DEVELOPMENT - OTHER OUTSOURCED,PLANT HEALTH,FOREST RESEARCH AGENCY,2003004654,"£659,475.62",CAPITAL R&D,GU10 4LH,Government Agency,C14544,,Expense,888830561
DE,DEFRA,18/03/2025,EXP - PURCHASE OF GOODS/SERVICES - OTHER PROFESSIONAL SERVICES,RESOURCING,CABINET OFFICE,2003004656,"£322,755.60",OFFICE SERVICES,FY5 3TA,OGD,IGS,,Expense,888 8010 80
DE,DEFRA,18/03/2025,EXP - PURCHASE OF GOODS/SERVICES - RESEARCH & DEVELOPMENT - OTHER OUTSOURCED,AIR QUALITY & INDUSTRIAL EMISSIONS,INNOVATE UK,2003004657,"£89,439.60",CAPITAL R&D,SN2 1JF,CUSTOMER,C17537,,Expense,GB287461957
DE,DEFRA,19/03/2025,EXP - PURCHASE OF GOODS/SERVICES - RESEARCH & DEVELOPMENT - OTHER OUTSOURCED,STRATEGIC EVIDENCE PARTNERS,B B S R C,2003004662,"£2,252,827.09",CAPITAL R&D,SN2 1UH,OGD,C19999,,Expense,
DE,DEFRA,19/03/2025,EXP CAPITAL GRANTS TO PTE SECTOR - PERSONS & NON PROFIT INSTIT'NS SERVING H'HOLD,WATER AND CBRN EMERGENCIES,HOME OFFICE,2003004667,"£245,511.59",CAPITAL GRANTS,NP20 9BB,OGD,GIA,,Expense,GB 888 8160 61
DE,DEFRA,19/03/2025,EXP - PURCHASE OF GOODS/SERVICES - OTHER PROFESSIONAL SERVICES,CENTRAL ANALYTICAL RESPONSE IMPROVEMENT AND SUPPORT,CABINET OFFICE,2003004669,"£2,259,834.90",OFFICE SERVICES,FY5 3TA,OGD,IGS,,Expense,888 8010 80
DE,DEFRA,19/03/2025,EXP - PURCHASE OF GOODS/SERVICES - RESEARCH & DEVELOPMENT - OTHER OUTSOURCED,FLS - GOVERNMENT DECONTAMINATION SERVICE,DSTL,2003004676,"£483,335.03",CAPITAL R&D,PO14 9HL,CUSTOMER,FDP,,Expense,888805166
DE,DEFRA,20/03/2025,EXP - PURCHASE OF GOODS/SERVICES - RESEARCH & DEVELOPMENT - OTHER OUTSOURCED,ANIMAL HEALTH: PUBLIC HEALTH,ANIMAL & PLANT HEALTH AGENCY,2003004678,"£65,497.05",CAPITAL R&D,YO1 7PX,THIRD PARTY,ecm_66734,,Expense,8888000181
DE,DEFRA,20/03/2025,EXP - PURCHASE OF GOODS/SERVICES -OTHER PROF SERV - TREASURY SOLICITORS,LEGAL GROUP SOLICITOR AND DIRECTOR GENERAL,GOVERNMENT LEGAL DEPARTMENT,2003004687,"£122,144.52",FEES & COMMISSIONS,SW1H 9GL,LEGAL,LEGAL,,Expense,888823066
DE,DEFRA,20/03/2025,EXP - PURCHASE OF GOODS/SERVICES - RESEARCH & DEVELOPMENT - OTHER OUTSOURCED,ENVIRONMENT SCIENCE AND ANALYSIS,DEPARTMENT FOR ENERGY SECURITY AND NET ZERO,2003004688,"£728,621.00",CAPITAL R&D,SW1H 0ET,CUSTOMER,FDP,,Expense,GB888851746
DE,DEFRA,21/03/2025,EXP - CURRENT GRANTS TO CENTRAL GOVERNMENT,WASTE AND RECYCLING,ENVIRONMENT AGENCY,2003004694,"£31,362.00",OTHER CURRENT GRANTS,BS1 5AH,SUPPLIER,FDP,,Expense,662 4901 34
DE,DEFRA,21/03/2025,EXP - PURCHASE OF GOODS/SERVICES - RESEARCH & DEVELOPMENT - OTHER OUTSOURCED,"RISK MANAGEMENT, IMPORTS AND INTERNATIONAL MANAGEMENT",ANIMAL & PLANT HEALTH AGENCY,2003004695,"£676,004.34",CAPITAL R&D,YO1 7PX,THIRD PARTY,DFP,,Expense,8888000181
DE,DEFRA,21/03/2025,EXP - PURCHASE OF GOODS/SERVICES - TRAINING & DEVELOPMENT,DDTS CHIEF OPERATING OFFICE,CABINET OFFICE,2003004696,"£1,064,682.00",TRAINING,FY5 3TA,OGD,IGS,,Expense,888 8010 80
DE,DEFRA,21/03/2025,EXP - PURCHASE OF GOODS/SERVICES - RESEARCH & DEVELOPMENT - OTHER OUTSOURCED,ENVIRONMENT SCIENCE AND ANALYSIS,UK RESEARCH AND INNOVATION NERC,2003004704,"£2,403,549.00",CAPITAL R&D,SN2 1EU,SUPPLIER,C28330,,Expense,GB671798093
DE,DEFRA,21/03/2025,EXP - GRANT-IN-AID TO ARMS LENGTH BODIES,CORPORATE FINANCE,NATURAL ENGLAND,2003004705,"£5,000,000.00",CURRENT GRANTS - GIA TO NDPB,YO1 7PX,CUSTOMER,,,Expense,551065074
DE,DEFRA,24/03/2025,EXP - PURCHASE OF GOODS/SERVICES - OTHER PROFESSIONAL SERVICES,LEGAL GROUP SOLICITOR AND DIRECTOR GENERAL,CABINET OFFICE,2003004708,"£29,936.40",OFFICE SERVICES,NP10 8FZ,OGD,IGS,,Expense,888 8010 80
DE,DEFRA,24/03/2025,Exp - Purchase Of Goods/Services - Consultancy,LANDSCAPES,THE CABINET OFFICE COMPLEX TRANSACTIONS TEAM,2003004709,"£36,942.00",CONSULTANCY,SW1A 2HQ,CUSTOMER,IGS,,Expense,GB888801080
DE,DEFRA,24/03/2025,EXP - CURRENT GRANTS TO CENTRAL GOVERNMENT,INTERNATIONAL STRATEGIC ENGAGEMENT AND MULTILATERALS,FCDO ACCOUNTS RECEIVABLE,2003004710,"£25,706.00",OTHER CURRENT GRANTS,MK11 9NQ,SUPPLIER,IGS,,Expense,GB888851550
DE,DEFRA,24/03/2025,EXP - PURCHASE OF GOODS/SERVICES - WASTE MANAGEMENT SERVICES,SPS BORDERS AND BOUNDARIES,HOME OFFICE,2003004711,"£55,122.65",ESTATE MANAGEMENT,SW1P 4DF,OGD,IGS,,Expense,GB 888 8160 61
DE,DEFRA,24/03/2025,Exp - Purchase Of Goods/Services - Consultancy,SPS BORDERS AND BOUNDARIES,DEPARTMENT FOR TRANSPORT,2003004712,"£207,378.96",CONSULTANCY,SW1P 4DR,SUPPLIER,IGS,,Expense,888 8105 69
DE,DEFRA,24/03/2025,EXP - PURCHASE OF GOODS/SERVICES - OTHER PROFESSIONAL SERVICES,FINANCE DIRECTOR AND ADMIN SUPPORT,CABINET OFFICE,2003004713,"£134,272.00",OFFICE SERVICES,FY1 9JN,OGD,IGS,,Expense,888 8010 80
DE,DEFRA,25/03/2025,EXP - PURCHASE OF GOODS/SERVICES - RESEARCH & DEVELOPMENT - OTHER OUTSOURCED,PLANT HEALTH,FOREST RESEARCH AGENCY,2003004715,"£287,965.21",CAPITAL R&D,GU10 4LH,Government Agency,62145,,Expense,888830561
DE,DEFRA,25/03/2025,EXP - PURCHASE OF GOODS/SERVICES - RESEARCH & DEVELOPMENT - OTHER OUTSOURCED,STRATEGIC EVIDENCE PARTNERS,INNOVATE UK,2003004718,"£1,122,523.69",CAPITAL R&D,SN2 1JF,CUSTOMER,25043,,Expense,GB287461957
DE,DEFRA,25/03/2025,EXP - CAPITAL GRANTS TO CENTRAL GOVERNMENT,LIVESTOCK INFORMATION,LIVESTOCK INFORMATION LTD,2003004722,"£2,280,067.48",CAPITAL GRANTS,SW1P4DF,SUPPLIER,IGS,,Expense,GB 791 4524 15
DE,DEFRA,26/03/2025,EXP - PURCHASE OF GOODS/SERVICES - OTHER FACILITIES COSTS - SECURITY SERVICES,SECURITY AND CONTINGENCY PLANNING,HOME OFFICE,2003004729,"£86,791.48",ESTATE MANAGEMENT,NP20 9BB,OGD,IGS,,Expense,GB 888 8160 61
DE,DEFRA,26/03/2025,EXP - PURCHASE OF GOODS/SERVICES - OTHER PROFESSIONAL SERVICES,CENTRAL ANALYTICAL RESPONSE IMPROVEMENT AND SUPPORT,CABINET OFFICE,2003004730,"£246,703.40",OFFICE SERVICES,FY5 3TA,OGD,IGS,,Expense,888 8010 80
DE,DEFRA,26/03/2025,EXP - CURRENT GRANTS TO CENTRAL GOVERNMENT,LIVESTOCK INFORMATION,LIVESTOCK INFORMATION LTD,2003004732,"£2,194,851.72",OTHER CURRENT GRANTS,SW1P4DF,SUPPLIER,IGS,,Expense,GB 791 4524 15
DE,DEFRA,26/03/2025,EXP - PURCHASE OF GOODS/SERVICES - OTHER - EVIDENCE R&D,F&W EVIDENCE,POLICY LAB,2003004734,"£70,416.00",PROGRAMME EXPENDITURE EVIDENCE R&D,CV1 2WT,SUPPLIER,C28445,,Expense,GB 888 8100
DE,DEFRA,26/03/2025,EXP - PURCHASE OF GOODS/SERVICES - OTHER - EVIDENCE NON R&D,ADAPTATION AND RURAL COMMUNITIES,DEPARTMENT FOR ENERGY SECURITY & NET ZERO,2003004738,"£74,044.81",EVIDENCE NON R&D,SW1A 2AW,SUPPLIER,IGS,,Expense,888851746
DE,DEFRA,26/03/2025,EXP - GRANT-IN-AID TO ARMS LENGTH BODIES,CORPORATE FINANCE,THE OFFICE FOR ENVIRONMENTAL PROTECTION,2003004740,"£750,000.00",CURRENT GRANTS - GIA TO NDPB,WR5 2NP,SUPPLIER,,,Expense,
DE,DEFRA,27/03/2025,EXP - PURCHASE OF GOODS/SERVICES - RESEARCH & DEVELOPMENT - OTHER OUTSOURCED,"FOOD AND FARMING STRATEGY, INNOVATION, SYSTEMS",MET OFFICE,2003004742,"£120,000.00",CAPITAL R&D,EX1 3PB,SUPPLIER,C19747,,Expense,GB 888 805362
DE,DEFRA,27/03/2025,EXP - PURCHASE OF GOODS/SERVICES - ACCOMM &BLDNG MNGMT - FM PROJECTS NON CAPITAL,PROPERTY DELIVERY EAST,GOVERNMENT PROPERTY AGENCY GPA,2003004747,"£92,234.93",ESTATE MANAGEMENT,B2 5LS,SUPPLIER,IGS,,Expense,888850847
DE,DEFRA,27/03/2025,EXP - PURCHASE OF GOODS/SERVICES - OTHER - EVIDENCE NON R&D,AIR QUALITY & INDUSTRIAL EMISSIONS,DEPARTMENT FOR ENERGY SECURITY & NET ZERO,2003004753,"£200,187.04",EVIDENCE NON R&D,SW1A 2AW,SUPPLIER,IGS,,Expense,888851746
DE,DEFRA,27/03/2025,EXP - PURCHASE OF GOODS/SERVICES - RESEARCH & DEVELOPMENT - OTHER OUTSOURCED,F&W EVIDENCE,ENVIRONMENT AGENCY,2003004754,"£51,000.00",CAPITAL R&D,PE2 8YD,SUPPLIER,FDP,,Expense,662 4901 34
DE,DEFRA,31/03/2025,EXP - PURCHASE OF GOODS/SERVICES - OTHER - EVIDENCE NON R&D,FOOD CHAIN ANALYSIS & FARMING STATISTICS,OFFICE FOR NATIONAL STATISTICS,2003004768,"£108,438.48",EVIDENCE NON R&D,NP10 8XG,OGD,IGS,,Expense,GD460
DE,DEFRA,31/03/2025,EXP - PURCHASE OF GOODS/SERVICES - OTHER PROFESSIONAL SERVICES,EU FISHERIES POLICY & NEGOTIATION,FOREIGN COMMONWEALTH & DEVELOPMENT OFFICE,2003004770,"£183,871.22",OFFICE SERVICES,MK11 9NQ,SUPPLIER,IGS,,Expense,GB888813560
DE,DEFRA,31/03/2025,Exp - Purchase Of Goods/Services - Consultancy,PROPERTY STRATEGY - PLANNING,ENVIRONMENT AGENCY,2003004772,"£57,896.30",CONSULTANCY,NP10 8FZ,SUPPLIER,IGS,,Expense,662 4901 34
DE,DEFRA,31/03/2025,EXP - PURCHASE OF G&S - ACCOM & BLDNG MGMT - ESTATES PROFESSIONAL FEES & SERVS,PROPERTY STRATEGY - CORPORATE PROPERTY,GOVERNMENT PROPERTY AGENCY PROFESSIONAL SERVICES,2003004774,"£368,868.00",ESTATE MANAGEMENT,B2 4BH,SUPPLIER,65639,,Expense,888 8508 47
DE,DEFRA,31/03/2025,EXP - GRANT-IN-AID TO ARMS LENGTH BODIES,CORPORATE FINANCE,NATURAL ENGLAND,2003004776,"£1,000,000.00",CURRENT GRANTS - GIA TO NDPB,YO1 7PX,CUSTOMER,,,Expense,551065074
DE,DEFRA,03/03/2025,EXP - GRANT-IN-AID TO ARMS LENGTH BODIES,CORPORATE FINANCE,JOINT NATURE CONSERVATION COMMITTEE,3003000217,"£1,800,000.00",CURRENT GRANTS - GIA TO NDPB,PE1 1JY,NDPB,,,Expense,854529109
DE,DEFRA,03/03/2025,EXP - GRANT-IN-AID TO ARMS LENGTH BODIES,CORPORATE FINANCE,ROYAL BOTANIC GARDENS KEW,3003000218,"£5,136,851.30",CURRENT GRANTS - GIA TO NDPB,TW9 3AB,SUPPLIER,,,Expense,
DE,DEFRA,18/03/2025,EXP - PURCHASE OF G&S - OTHER - COMPENSATION - EMERGENCY DISEASE OUTBREAKS ONLY,DISEASE OUTBREAK,ANNYALLA CHICKS UK BROILER BREEDERS LTD,3003000219,"£322,211.92",OTHER CURRENT PAYMENTS,LL13 9UZ,CUSTOMER,,,Expense,GB230372739
DE,DEFRA,14/03/2025,EXP - PURCHASE OF G&S - OTHER - COMPENSATION - EMERGENCY DISEASE OUTBREAKS ONLY,DISEASE OUTBREAK,GREEN LABEL POULTRY LTD,4003000890,"£28,596.48",OTHER CURRENT PAYMENTS,IP13 6JW,CUSTOMER,,,Expense,182 2054 30
DE,DEFRA,14/03/2025,EXP - PURCHASE OF GOODS/SERVICES -OTHER- INTERNATIONAL CONTRIBUTIONS & DONATIONS,"FLS-ODA INTERNATIONAL SCIENCE, EVIDENCE AND ANALYSIS",UNITED NATIONS ENVIRONMENT PROGRAMME UNEP,4003000891,"£134,083.91",INTERNATIONAL SUBSCRIPTIONS,00100,SUPPLIER,,,Expense,
DE,DEFRA,18/03/2025,EXP - PURCHASE OF G&S - OTHER - COMPENSATION - EMERGENCY DISEASE OUTBREAKS ONLY,DISEASE OUTBREAK,LCS AGRICULTURE LTD,4003000893,"£96,810.41",OTHER CURRENT PAYMENTS,YO43 4HQ,CUSTOMER,,,Expense,GB 875311813
DE,DEFRA,24/03/2025,EXP - PURCHASE OF G&S - OTHER - COMPENSATION - EMERGENCY DISEASE OUTBREAKS ONLY,DISEASE OUTBREAK,GREEN LABEL POULTRY LTD 28/438/0221,4003000896,"£194,496.78",OTHER CURRENT PAYMENTS,IP13 6JW,CUSTOMER,,,Expense,182205430
DE,Cefas,06/03/2025,Vessel Management,Corporate,A W Ship Management Ltd,20209432,"£393,374.24",Vessel Management,EC2M 4TE,STANSME,3702,RV004,Vessel Management,GB 283963068
DE,Cefas,13/03/2025,Vessel Management,Corporate,A W Ship Management Ltd,20209618,"£94,148.39",Vessel Management,EC2M 4TE,STANSME,3702,RV004,Vessel Management,GB 283963068
DE,Cefas,12/03/2025,Technical Services,Strategy and Delivery,African Field Epidemiology Network (AFENET),20209662,"£71,278.29",Technical Services,256,STANSME,3656,FD003,Technical Services,
DE,Cefas,13/03/2025,Data Collection Services,Strategy and Delivery,Blue Abacus Ltd,20209249,"£28,067.55",Data Collection Services,,STANSME,3664,C8285,Data Collection Services,
DE,Cefas,06/03/2025,Hardware (non capital),Corporate,DELL COMPUTER CORPORATION LTD,20209088,"£50,491.80",Hardware (non capital),RG12 1GG,STAN,4302,50603,Hardware (non capital),635 8235 28
DE,Cefas,06/03/2025,Hardware (non capital),Corporate,DELL COMPUTER CORPORATION LTD,20209108,"£50,491.80",Hardware (non capital),RG12 1GG,STAN,4302,50603,Hardware (non capital),635 8235 28
DE,Cefas,06/03/2025,Hardware (non capital),Strategy and Delivery,DELL COMPUTER CORPORATION LTD,20209143,"£25,455.00",Hardware (non capital),RG12 1GG,STAN,4302,AHPF,Hardware (non capital),635 8235 28
DE,Cefas,20/03/2025,Hardware (non capital),Corporate,DELL COMPUTER CORPORATION LTD,20209525,"£53,948.40",Hardware (non capital),RG12 1GG,STAN,4302,50603,Hardware (non capital),635 8235 28
DE,Cefas,20/03/2025,Hardware (non capital),Corporate,DELL COMPUTER CORPORATION LTD,20209608,"£53,948.40",Hardware (non capital),RG12 1GG,STAN,4302,50603,Hardware (non capital),635 8235 28
DE,Cefas,20/03/2025,Hardware (non capital),Corporate,DELL COMPUTER CORPORATION LTD,20209109,"£48,472.13",Hardware (non capital),RG12 1GG,STAN,4302,50603,Hardware (non capital),635 8235 28
DE,Cefas,27/03/2025,Hardware (non capital),Corporate,DELL COMPUTER CORPORATION LTD,20210105,"£53,948.40",Hardware (non capital),RG12 1GG,STAN,4302,50603,Hardware (non capital),635 8235 28
DE,Cefas,20/03/2025,Data Collection Services,Strategy and Delivery,Envision Marine LTD,20209884,"£45,675.60",Data Collection Services,NE15 0NS,STAN,3664,C8600,Data Collection Services,
DE,Cefas,13/03/2025,Data Collection Services,Strategy and Delivery,Evolved Research and Consulting Ltd,20209613,"£63,000.00",Data Collection Services,SO41 6AR,STANSME,3664,C8600,Data Collection Services,332 9972 73
DE,Cefas,13/03/2025,Technical Services,Strategy and Delivery,Evolved Research and Consulting Ltd,20209614,"£42,000.00",Technical Services,SO41 6AR,STANSME,3656,C8600,Technical Services,332 9972 73
DE,Cefas,27/03/2025,Technical Services,Strategy and Delivery,Evolved Research and Consulting Ltd,20210219,"£28,800.00",Technical Services,SO41 6AR,STANSME,3656,C8600,Technical Services,332 9972 73
DE,Cefas,27/03/2025,Data Collection Services,Strategy and Delivery,Fisheries Innovation & Substainability,20209841,"£62,958.89",Data Collection Services,PH16 9AF,STANSME,3664,IF000,Data Collection Services,
DE,Cefas,20/03/2025,Data Collection Services,Strategy and Delivery,HMMH (Scotland) Ltd,20209265,"£37,866.80",Data Collection Services,DD4 0RF,STAN,3664,C8644,Data Collection Services,120 4369 49
DE,Cefas,27/03/2025,Data Collection Services,Strategy and Delivery,JNCC Support Co,20210348,"£51,839.00",Data Collection Services,PE1 1JY,OGD,3664,C8688,Data Collection Services,854 5291 09
DE,Cefas,06/03/2025,Vehicle Long Term Leasing,Strategy and Delivery,Lex Autolease Ltd,20209243,"£101,624.54",Vehicle Long Term Leasing,SK3 0RB,STAN,3157,AHPF,Vehicle Long Term Leasing,
DE,Cefas,27/03/2025,Data Collection Services,Strategy and Delivery,Liverpool John Moore University,20210301,"£25,718.00",Data Collection Services,L2 2QP,STANSME,3664,C8624,Data Collection Services,GB 945 6803 93
DE,Cefas,27/03/2025,Data Collection Services,Strategy and Delivery,Methods Business and digital tech ltd,20210107,"£46,992.00",Data Collection Services,EC1N 8TS,STANSME,3664,C8379,Data Collection Services,859 1403 14
DE,Cefas,12/03/2025,Technical Services,Strategy and Delivery,National Cleaner Production Centre,20209154,"£29,835.50",Technical Services,10250,STANSME,3656,C8600,Technical Services,
DE,Cefas,06/03/2025,Data Collection Services,Strategy and Delivery,Ocean Ecology Ltd,20209258,"£25,200.00",Data Collection Services,GL1 7LN,STANSME,3664,GIA09,Data Collection Services,1783 220 05
DE,Cefas,20/03/2025,Data Collection Services,Strategy and Delivery,Ocean Ecology Ltd,20209518,"£73,879.00",Data Collection Services,GL1 7LN,STANSME,3664,C8708,Data Collection Services,1783 220 05
DE,Cefas,07/03/2025,Software (including licences),Corporate,Phoenix Software Ltd,20208181,"£32,184.40",Software (including licences),YO421NS,STANSME,4301,50603,Software (including licences),GB 755 3464 38
DE,Cefas,07/03/2025,Software (including licences),Strategy and Delivery,Phoenix Software Ltd,20208181,"£31,617.00",Software (including licences),YO421NS,STANSME,4301,C8168,Software (including licences),GB 755 3464 38
DE,Cefas,07/03/2025,Software (including licences),Corporate,Phoenix Software Ltd,20208181,"£34,800.00",Software (including licences),YO421NS,STANSME,4301,50605,Software (including licences),GB 755 3464 38
DE,Cefas,13/03/2025,Software (including licences),Corporate,Phoenix Software Ltd,20209587,"£41,845.06",Software (including licences),YO421NS,STANSME,4301,50603,Software (including licences),GB 755 3464 38
DE,Cefas,20/03/2025,Software (including licences),Corporate,Phoenix Software Ltd,20209003,"£36,399.60",Software (including licences),YO421NS,STANSME,4301,50605,Software (including licences),GB 755 3464 38
DE,Cefas,20/03/2025,Software (including licences),Corporate,Phoenix Software Ltd,20209003,"£32,400.77",Software (including licences),YO421NS,STANSME,4301,50603,Software (including licences),GB 755 3464 38
DE,Cefas,20/03/2025,Software (including licences),Strategy and Delivery,Phoenix Software Ltd,20209003,"£31,461.00",Software (including licences),YO421NS,STANSME,4301,C8168,Software (including licences),GB 755 3464 38
DE,Cefas,27/03/2025,Software (including licences),Strategy and Delivery,Phoenix Software Ltd,20209875,"£28,775.00",Software (including licences),YO421NS,STANSME,4301,C8168,Software (including licences),GB 755 3464 38
DE,Cefas,27/03/2025,Software (including licences),Corporate,Phoenix Software Ltd,20209875,"£30,000.00",Software (including licences),YO421NS,STANSME,4301,50605,Software (including licences),GB 755 3464 38
DE,Cefas,27/03/2025,Software (including licences),Corporate,Phoenix Software Ltd,20209875,"£31,377.20",Software (including licences),YO421NS,STANSME,4301,50603,Software (including licences),GB 755 3464 38
DE,Cefas,13/03/2025,Library Costs,Science,Prenax Limited,20209664,"£89,128.04",Library Costs,BA20 2HL,STANSME,4315,40100,Library Costs,GB 756963282
DE,Cefas,06/03/2025,Data Collection Services,Strategy and Delivery,Pulcea Ltd,20209447,"£45,244.33",Data Collection Services,FK9 4NF,STANSME,3664,IF000,Data Collection Services,GB 229 703 892
DE,Cefas,12/03/2025,Lab Services,Strategy and Delivery,Resistomap,20209242,"£34,480.00",Lab Services,00790,STANSME,3615,C8516,Lab Services,FI29210124
DE,Cefas,20/03/2025,Data Collection Services,Strategy and Delivery,Robert Gordon University,20209836,"£115,394.71",Data Collection Services,AB10 7FY,STANSME,3664,IF000,Data Collection Services,997338749
DE,Cefas,27/03/2025,Equipment (under £10K in value),Strategy and Delivery,RS AQUA LTD,20210211,"£36,682.00",Equipment (under £10K in value),PO6 4TR,STAN,3621,C8488,Equipment (under £10K in value),GB 370 0597 60
DE,Cefas,20/03/2025,Software (including licences),Corporate,Sphera Solutions UK Limited,20209864,"£52,617.31",Software (including licences),CV34 6UW,STANSME,4301,50501,Software (including licences),797 6805 58
DE,Cefas,13/03/2025,Data Collection Services,Strategy and Delivery,Substance 2005 Ltd,20209648,"£43,576.80",Data Collection Services,M4 6WX,STAN,3664,MI001,Data Collection Services,881 4411 27
DE,Cefas,13/03/2025,Data Collection Services,Strategy and Delivery,Substance 2005 Ltd,20209649,"£25,794.00",Data Collection Services,M4 6WX,STAN,3664,MI001,Data Collection Services,881 4411 27
DE,Cefas,27/03/2025,Technical Services,Strategy and Delivery,The Association of Inshore Fisheries and Conservation Authorities Ltd.,20210343,"£162,696.24",Technical Services,IP32 7AR,STANSME,3656,C8633,Technical Services,128 8909 72
DE,Cefas,13/03/2025,Technical Services,Corporate,UEA CONSULTING LTD,20209658,"£45,003.60",Technical Services,NR4 7TJ,STAN,3656,40401,Technical Services,
DE,Cefas,06/03/2025,Data Collection Services,Strategy and Delivery,UNIVERSITY OF ABERDEEN,20209113,"£83,645.51",Data Collection Services,AB24 3FX,STAN,3664,IF000,Data Collection Services,GB267329044
DE,Cefas,20/03/2025,Lab Services,Strategy and Delivery,UNIVERSITY OF EXETER,20209877,"£41,654.86",Lab Services,EX4 4QJ,STAN3RD,3615,C8598,Lab Services,GB 142 0477 95
DE,Cefas,27/03/2025,Lab Services,Strategy and Delivery,UNIVERSITY OF EXETER,20210213,"£40,000.00",Lab Services,EX4 4QJ,STAN3RD,3615,C8633,Lab Services,GB 142 0477 95
DE,Cefas,27/03/2025,Technical Services,Strategy and Delivery,University of Liverpool,20210287,"£66,343.35",Technical Services,L69 7ZX,STAN,3656,FD003,Technical Services,GB 673 5988 75
DE,Cefas,13/03/2025,Environmental Consultancy Services,Strategy and Delivery,University of Portsmouth,20209602,"£54,000.00",Environmental Consultancy Services,PO1 2UP,STANSME,3653,C8508,Environmental Consultancy Services,GB504005214
DE,Cefas,06/03/2025,Equipment Maintenance & calibration,Corporate,WATERS LTD,20209215,"£72,783.66",Equipment Maintenance & calibration,SK9 4AX,STAN,3622,TA013,Equipment Maintenance & calibration,GB 648 7540 03
DE,MMO,03/03/2025,EXP - PURCHASE OF GOODS/SERVICES - OTHER - ROYAL NAVY SURVEILLANCE,MMO Director of Operations,SENTINEL MARINE LTD,VIK-02022025,"£141,648.45",Charter Hire,AB11 5PJ,SUPPLIER,C26813,00000000,Expense,
DE,MMO,06/03/2025,EXP - PURCHASE OF GOODS/SERVICES - OTHER - RESEARCH AND DEVELOPMENT,MMO mNCEA,I C F CONSULTING SERVICES LTD,30412949,"£43,832.65",Decision Making for Thriving Marine Environment Communicating Outputs,EC4M 5SB,SUPPLIER,c22928,00000000,Expense,
DE,MMO,07/03/2025,EXP - CURRENT GRANTS TO PRIVATE SECTOR - NON PROFIT INSTITUTIONS SERVING H'HOLD,MMO GRANTS TEAM,SEAFISH PROCESSING LTD,UKSF14787-3,"£35,373.83",Marine Environment Communicating Outputs,DN313QL,CUSTOMER,,00000000,Expense,
DE,MMO,10/03/2025,EXP - PURCHASE OF GOODS/SERVICES - OTHER - ROYAL NAVY SURVEILLANCE,MMO Director of Operations,SENTINEL MARINE LTD,TRA-02022025,"£177,986.72",Charter Hire,AB11 5PJ,SUPPLIER,C26813,00000000,Expense,
DE,MMO,10/03/2025,EXP - CURRENT GRANTS TO PRIVATE SECTOR - NON PROFIT INSTITUTIONS SERVING H'HOLD,MMO GRANTS TEAM,BERLEWEN FISHING & LEISURE LTD,UKSF16819-001,"£51,458.19",UK Seafood Fund grant payment,PL288AF,CUSTOMER,,00000000,Expense,
DE,MMO,10/03/2025,EXP - CURRENT GRANTS TO PRIVATE SECTOR - NON PROFIT INSTITUTIONS SERVING H'HOLD,MMO GRANTS TEAM,L LUCAS,UKSF24923-001,"£59,825.00",UK Seafood Fund grant payment,TN35 4SA,CUSTOMER,,00000000,Expense,
DE,MMO,11/03/2025,EXP - PURCHASE OF GOODS/SERVICES - OTHER TRAVEL,MMO FINANCE,CORPORATE TRAVEL MANAGEMENT NORTH LTD,22257,"£58,014.02",Corporate Travel,BD1 5HQ,SUPPLIER,,00000000,Expense,
DE,MMO,12/03/2025,EXP - CURRENT GRANTS TO PRIVATE SECTOR - NON PROFIT INSTITUTIONS SERVING H'HOLD,MMO GRANTS TEAM,ROBINSON CRUSOE (FIFE LTD),UKSF24239-002,"£39,250.00",UK Seafood Fund grant payment,KY10,CUSTOMER,,00000000,Expense,
DE,MMO,13/03/2025,EXP - CURRENT GRANTS TO PRIVATE SECTOR - NON PROFIT INSTITUTIONS SERVING H'HOLD,MMO GRANTS TEAM,FASTNET FISH LTD,UKSF15035-9,"£27,737.82",UK Seafood Fund grant payment,DN31 2TG,CUSTOMER,,00000000,Expense,
DE,MMO,14/03/2025,EXP - PURCHASE OF GOODS/SERVICES - OTHER PROFESSIONAL SERVICES,MMO Director of Operations,SCOTTISH GOVERNMENT,15144125,"£70,176.94",UKFMC CHARGERS,EH1 3DG,OGD,,00000000,Expense,
DE,MMO,14/03/2025,EXP - PURCHASE OF GOODS/SERVICES - OTHER - RESEARCH AND DEVELOPMENT,MMO Blue Belt,OCEAN MIND LTD,INV-0710,"£31,489.88",Satellite Surveillance provider,OX11 0QR,SUPPLIER,C25515,00000000,Expense,
DE,MMO,14/03/2025,EXP - PURCHASE OF GOODS/SERVICES - OTHER - RESEARCH AND DEVELOPMENT,MMO Blue Belt,OCEAN MIND LTD,INV-0707,"£33,057.48",Satellite Surveillance provider,OX11 0QR,SUPPLIER,C25515,00000000,Expense,
DE,MMO,14/03/2025,EXP - PURCHASE OF GOODS/SERVICES - OTHER - RESEARCH AND DEVELOPMENT,MMO Blue Belt,OCEAN MIND LTD,INV-0713,"£61,572.17",Satellite Surveillance provider,OX11 0QR,SUPPLIER,C25515,00000000,Expense,
DE,MMO,18/03/2025,EXP - PURCHASE OF GOODS/SERVICES - OTHER PROFESSIONAL SERVICES,MMO Director of Operations,SENTINEL MARINE LTD,TRA-01022025,"£246,120.00",Charter Hire,AB11 5PJ,SUPPLIER,C26813,00000000,Expense,
DE,MMO,18/03/2025,EXP - PURCHASE OF GOODS/SERVICES - OTHER PROFESSIONAL SERVICES,MMO Director of Operations,SENTINEL MARINE LTD,VIK-01022025,"£246,720.00",Charter Hire,AB11 5PJ,SUPPLIER,C26813,00000000,Expense,
DE,MMO,19/03/2025,EXP - CURRENT GRANTS TO PRIVATE SECTOR - NON PROFIT INSTITUTIONS SERVING H'HOLD,MMO GRANTS TEAM,SOUTHERN BREEZE,UKSF24655-003,"£63,851.37",UK Seafood Fund grant payment,EX100EZ,CUSTOMER,,00000000,Expense,
DE,MMO,21/03/2025,EXP - CURRENT GRANTS TO PRIVATE SECTOR - NON PROFIT INSTITUTIONS SERVING H'HOLD,MMO GRANTS TEAM,FRUITS OF THE SEA,FASS4468-1,"£46,553.79",Fisheries and Seafood Scheme grant payment,SS3 9QE,CUSTOMER,,00000000,Expense,
DE,MMO,24/03/2025,EXP - PURCHASE OF GOODS/SERVICES - OTHER - RESEARCH AND DEVELOPMENT,MMO mNCEA,I C F CONSULTING SERVICES LTD,30413042,"£21,553.50",Decision Making for Thriving Marine Environment Communicating Outputs,EC4M 5SB,SUPPLIER,c22928,00000000,Expense,
DE,MMO,26/03/2025,EXP - CURRENT GRANTS TO PRIVATE SECTOR - NON PROFIT INSTITUTIONS SERVING H'HOLD,MMO GRANTS TEAM,POLPERRO HARBOUR TRUST,FASS4699,"£29,437.50",Fisheries and Seafood Scheme grant payment,PL13 2RB,Trust,,00000000,Expense,
DE,MMO,27/03/2025,EXP - PURCHASE OF GOODS/SERVICES - OTHER - RESEARCH AND DEVELOPMENT,MMO EVIDENCE AND EVALUATION,RISK & POLICY ANALYSTS LTD,1983,"£37,274.07",Considerations of Nature Based Solutions in Marine Licensing,NR14 6LT,SUPPLIER,C26417,00000000,Expense,
DE,MMO,27/03/2025,EXP - PURCHASE OF GOODS/SERVICES - OTHER - RESEARCH AND DEVELOPMENT,MMO mNCEA,I C F CONSULTING SERVICES LTD,30413070,"£38,073.63",A Review of Marine Planning Evaluations.,EC4M 5SB,SUPPLIER,C27614,00000000,Expense,
DE,MMO,05/03/2025,EXP - PURCHASE OF GOODS/SERVICES - END USER SOFTWARE AND HARDWARE,MMO DIGITAL AND IT SERVICE MANAGEMENT,DEFRA,DEF_008,"£69,518.25",MPLP Alpha Re-assessment,YO1 2YX,SUPPLIER,DFP,00000000,Expense,
DE,MMO,18/03/2025,EXP - PURCHASE OF GOODS/SERVICES - AUDIT SERVICES,MMO FINANCE,NATIONAL AUDIT OFFICE,SIN004541,"£66,500.00",Audit Fees,SW1W 9SP,SUPPLIER,,00000000,Expense,
DE,MMO,19/03/2025,Exp - Purchase Of Goods/Services - Consultancy,MMO BOARD SUPPORT & EXECUTIVE SERVICES,DEFRA,DEF_229,"£25,425.85",OD&D Project Recharge Costs,YO1 2YX,SUPPLIER,DFP,00000000,Expense,
DE,MMO,27/03/2025,EXP - PURCHASE OF GOODS/SERVICES - OTHER - CEFAS HLA,MMO MARINE LICENSING,C E F A S,8012466,"£22,500.00",Monitoring dredged material disposal sites,NR33 0HT,Government Agency,DFP,00000000,Expense,
DE,MMO,27/03/2025,EXP - PURCHASE OF GOODS/SERVICES - END USER SOFTWARE AND HARDWARE,MMO DIGITAL AND IT SERVICE MANAGEMENT,DEFRA,DEF_414,"£101,541.00",MPLP Alpha Re-assessment,YO1 2YX,SUPPLIER,DFP,00000000,Expense,
DE,MMO,28/03/2025,EXP - PURCHASE OF GOODS/SERVICES - OTHER PROFESSIONAL SERVICES,MMO mNCEA,DEFRA,DEF_419,"£10,389.00",mNCEA Database,YO1 2YX,SUPPLIER,DFP,00000000,Expense,
DE,MMO,03/03/2025,EXP - CURRENT GRANTS TO PRIVATE SECTOR - NON PROFIT INSTITUTIONS SERVING H'HOLD,MMO GRANTS TEAM,CONSTELLATION COLD LOGISTICS UK LTD,UKSF8013-7,"£267,427.24",UK Seafood Fund grant payment,DN31 2SG,CUSTOMER,,00000000,Expense,
DE,MMO,13/03/2025,EXP - CURRENT GRANTS TO PRIVATE SECTOR - NON PROFIT INSTITUTIONS SERVING H'HOLD,MMO GRANTS TEAM,MILFORD HAVEN PORT AUTHORITY,UKSF14455-5,"£576,465.96",UK Seafood Fund grant payment,SA73 3EP,CUSTOMER,,00000000,Expense,
DE,MMO,03/03/2025,EXP - CURRENT GRANTS TO PRIVATE SECTOR - NON PROFIT INSTITUTIONS SERVING H'HOLD,MMO GRANTS TEAM,SHOREHAM PORT AUTHORITY,UKSF14967-8,"£77,499.36",UK Seafood Fund grant payment,BN42 4ED,CUSTOMER,,00000000,Expense,
DE,MMO,04/03/2025,EXP - CURRENT GRANTS TO PRIVATE SECTOR - NON PROFIT INSTITUTIONS SERVING H'HOLD,MMO GRANTS TEAM,CCDL INNOVATION LTD,FASS3878-6,"£30,727.92",Fisheries and Seafood Scheme grant payment,TR15 2SP,CUSTOMER,,00000000,Expense,
DE,MMO,05/03/2025,EXP - CURRENT GRANTS TO PRIVATE SECTOR - NON PROFIT INSTITUTIONS SERVING H'HOLD,MMO GRANTS TEAM,CORNISH FISH PRODUCERS ORGANISATION LTD,FASS3660-2,"£33,750.00",Fisheries and Seafood Scheme grant payment,TR18 5JR,SUPPLIER,,00000000,Expense,
DE,MMO,05/03/2025,EXP - CURRENT GRANTS TO PRIVATE SECTOR - NON PROFIT INSTITUTIONS SERVING H'HOLD,MMO GRANTS TEAM,ALISROSE LTD,UKSF14905-8,"£47,990.54",UK Seafood Fund grant payment,AB43 9BR,SUPPLIER,,00000000,Expense,
DE,MMO,06/03/2025,EXP - CURRENT GRANTS TO PRIVATE SECTOR - NON PROFIT INSTITUTIONS SERVING H'HOLD,MMO GRANTS TEAM,CHICHESTER HARBOUR CONSERVANCY,UKSF24921-3,"£51,162.13",UK Seafood Fund grant payment,PO20 7AW,CUSTOMER,,00000000,Expense,
DE,MMO,10/03/2025,EXP - CURRENT GRANTS TO PRIVATE SECTOR - NON PROFIT INSTITUTIONS SERVING H'HOLD,MMO GRANTS TEAM,ALFRED ENDERBY LTD,FASS4478-4,"£26,259.90",Fisheries and Seafood Scheme grant payment,DN31 3NE,CUSTOMER,,00000000,Expense,
DE,MMO,10/03/2025,EXP - CURRENT GRANTS TO PRIVATE SECTOR - NON PROFIT INSTITUTIONS SERVING H'HOLD,MMO GRANTS TEAM,FOR THE LOVE OF THE SEA LTD,UKSF14477-9,"£49,808.47",UK Seafood Fund grant payment,SA62 6QN,CUSTOMER,,00000000,Expense,
DE,MMO,14/03/2025,EXP - CURRENT GRANTS TO PRIVATE SECTOR - NON PROFIT INSTITUTIONS SERVING H'HOLD,MMO GRANTS TEAM,W STEVENSON & SONS LTD,FASS4680R,"£60,868.77",Fisheries and Seafood Scheme grant payment,TR18 5HB,CUSTOMER,,00000000,Expense,
DE,MMO,14/03/2025,EXP - CURRENT GRANTS TO PRIVATE SECTOR - NON PROFIT INSTITUTIONS SERVING H'HOLD,MMO GRANTS TEAM,S WOOD,FASS4314,"£52,275.00",Fisheries and Seafood Scheme grant payment,YO12 7PP,CUSTOMER,,00000000,Expense,
DE,MMO,17/03/2025,EXP - CURRENT GRANTS TO PRIVATE SECTOR - NON PROFIT INSTITUTIONS SERVING H'HOLD,MMO GRANTS TEAM,P HUTESON,FASS4424,"£33,610.56",Fisheries and Seafood Scheme grant payment,HU192QP,CUSTOMER,,00000000,Expense,
DE,MMO,26/03/2025,EXP - CURRENT GRANTS TO PRIVATE SECTOR - NON PROFIT INSTITUTIONS SERVING H'HOLD,MMO GRANTS TEAM,NORTHERN IRELAND FISHERY HARBOUR AUTHORITY,UKSF14739-14,"£150,927.11",UK Seafood Fund grant payment,BT30 6DW,SUPPLIER,,00000000,Expense,
DE,MMO,27/03/2025,EXP - CURRENT GRANTS TO PRIVATE SECTOR - NON PROFIT INSTITUTIONS SERVING H'HOLD,MMO GRANTS TEAM,C DAVIES,UKSF24341-004,"£57,235.67",UK Seafood Fund grant payment,LL31 9TL,CUSTOMER,,00000000,Expense,
DE,MMO,28/03/2025,EXP - CURRENT GRANTS TO PRIVATE SECTOR - NON PROFIT INSTITUTIONS SERVING H'HOLD,MMO GRANTS TEAM,FRASERBURGH HARBOUR COMMISSIONERS,UKSF24527-2,"£89,650.50",UK Seafood Fund grant payment,AB438BR,CUSTOMER,,00000000,Expense,
DE,MMO,28/03/2025,EXP - CURRENT GRANTS TO PRIVATE SECTOR - NON PROFIT INSTITUTIONS SERVING H'HOLD,MMO GRANTS TEAM,ATLAS FR101 LLP,UKSF18347,"£80,000.00",UK Seafood Fund grant payment,AB43 9BP,CUSTOMER,,00000000,Expense,
DE,MMO,28/03/2025,EXP - CURRENT GRANTS TO PRIVATE SECTOR - NON PROFIT INSTITUTIONS SERVING H'HOLD,MMO GRANTS TEAM,NORTH SUNDERLAND HARBOUR COMRS,FASS3209-1,"£44,623.25",Fisheries and Seafood Scheme grant payment,NE68 7RN,CUSTOMER,,00000000,Expense,
DE,MMO,28/03/2025,EXP - CURRENT GRANTS TO PRIVATE SECTOR - NON PROFIT INSTITUTIONS SERVING H'HOLD,MMO GRANTS TEAM,FOR THE LOVE OF THE SEA LTD,UKSF1477-10,"£61,833.00",UK Seafood Fund grant payment,SA62 6QN,CUSTOMER,,00000000,Expense,
DE,MMO,31/03/2025,EXP - CURRENT GRANTS TO PRIVATE SECTOR - NON PROFIT INSTITUTIONS SERVING H'HOLD,MMO GRANTS TEAM,FISHY CATCH LTD,FASS4390,"£39,112.80",Fisheries and Seafood Scheme grant payment,LL65 4EA,SUPPLIER,,00000000,Expense,
DE,MMO,31/03/2025,EXP - CURRENT GRANTS TO PRIVATE SECTOR - NON PROFIT INSTITUTIONS SERVING H'HOLD,MMO GRANTS TEAM,AGD DUFF & PARTNERS LTD,UKSF14927-07,"£48,416.69",UK Seafood Fund grant payment,AB23 8EE,CUSTOMER,,00000000,Expense,
DE,NFC,06/03/2025,Forest Creation,Forest Creation,Mr T Hamilton,CLS2024.03,"£32,241.10",Grant,LE65 1RA,Land Owner,,,Grant,
DE,NFC,07/03/2025,Management Fees,Conkers,Planning Solutions Ltd,11011,"£256,362.61",Leisure Services,P09 2ES,Services - operator of a visitor attraction centre,,,,417632457
DE,NFC,13/03/2025,Forest Creation,Forest Creation,Mr B Dodson,FF2024.01,"£72,896.85",Grant,LE65 1RA,Land Owner,,,Grant,
DE,NFC,31/03/2025,Forest Creation,Forest Creation,Mr T Hamilton,CLS2024.03,"£137,200.03",Grant,LE65 1RA,Land Owner,,,Grant,
DE,NFC,31/03/2025,Forest Creation,Forest Creation,Tropical Birdland,CLS2024.25,"£72,119.38",Grant,LE9 9FD,Land Owner,,,Grant,
DE,NFC,31/03/2025,Forest Creation,Forest Creation,Mr B Dodson,FF2024.01,"£361,986.64",Grant,LE65 1RA,Land Owner,,,Grant,
DE,NFC,31/03/2025,Forest Creation,Forest Creation,Forest of Avon Trust,DEFRA 24/25 001,"£25,000.00",Grant,BS28QF,Land Owner,,,Grant,
DE,NFC,31/03/2025,Forest Creation,Forest Creation,Grace Dieu Estate,CLS2024.08,"£48,490.57",Grant,LE67 5UZ,Land Owner,,,Grant,
DE,VMD,05/03/2025,AMR RDEL DEFRA FUNDED,AMR CONTROL & SURVEILLANCE,University Of Liverpool,22497197,"£131,057.00",AMR CONTROL & SURVEILLANCE,L69 7ZX,Standard Supplier,NULL,NULL,,GB 673 5988 75
DE,VMD,05/03/2025,StatRes - FERA,RESIDUES SURVEILLANCE,Fera Science Ltd,INV3978,"£188,977.43",RESIDUES SURVEILLANCE,YO41 1LK,Standard Supplier,NULL,NULL,,GB456401013
DE,VMD,12/03/2025,AMR RDEL DEFRA FUNDED,AMR CONTROL & SURVEILLANCE,University Of Liverpool,22497200,"£71,336.00",AMR CONTROL & SURVEILLANCE,L69 7ZX,Standard Supplier,NULL,NULL,,GB 673 5988 75
DE,VMD,12/03/2025,AMR RDEL DEFRA FUNDED,AMR CONTROL & SURVEILLANCE,University Of Liverpool,22502364,"£62,157.00",AMR CONTROL & SURVEILLANCE,L69 7ZX,Standard Supplier,NULL,NULL,,GB 673 5988 75
DE,VMD,12/03/2025,AMR RDEL DEFRA FUNDED,AMR CONTROL & SURVEILLANCE,UNIVERSITY OF CAMBRIDGE,PN 1254736,"£27,267.00",AMR CONTROL & SURVEILLANCE,CB3 0ES,Standard Supplier,NULL,NULL,,GB823847609
DE,VMD,12/03/2025,IT Developers,PROFESSIONAL FEES,BJSS Ltd,INV-UK032658,"£90,647.76",PROFESSIONAL FEES,LS1 4HR,Standard Supplier,NULL,NULL,EXPENSE,GB 613 2954 52
DE,VMD,12/03/2025,Professional Fees,PROFESSIONAL FEES,BJSS Ltd,INV-UK032779,"£22,750.00",PROFESSIONAL FEES,LS1 4HR,Standard Supplier,NULL,NULL,EXPENSE,GB 613 2954 52
DE,VMD,12/03/2025,Professional Fees,PROFESSIONAL FEES,BJSS Ltd,INV-UK032781,"£27,417.00",PROFESSIONAL FEES,LS1 4HR,Standard Supplier,NULL,NULL,EXPENSE,GB 613 2954 52
DE,VMD,12/03/2025,StatRes - FSA,RESIDUES SURVEILLANCE,Food Standards Agency,10000894,"£69,803.66",RESIDUES SURVEILLANCE,YO31 6EP,Government Creditors,NULL,NULL,EXPENSE,GB 888 8470 46
DE,VMD,19/03/2025,IT - Consultancy/Contractors,PROFESSIONAL FEES,Defra,338235,"£25,404.80",PROFESSIONAL FEES,YO31 6EP,Government Creditors,NULL,NULL,EXPENSE,GB 888 8001 81
DE,VMD,26/03/2025,AMR RDEL DEFRA FUNDED,AMR CONTROL & SURVEILLANCE,UNIVERSITY OF CAMBRIDGE,PN 1258159,"£27,267.00",AMR CONTROL & SURVEILLANCE,CB3 0ES,Standard Supplier,NULL,NULL,EXPENSE,GB823847609
DE,VMD,26/03/2025,AMR RDEL DEFRA FUNDED,AMR CONTROL & SURVEILLANCE,University Of Liverpool,22497199,"£28,612.00",AMR CONTROL & SURVEILLANCE,L69 7ZX,Standard Supplier,NULL,NULL,EXPENSE,GB 673 5988 75
DE,VMD,26/03/2025,AMR RDEL DEFRA FUNDED,AMR CONTROL & SURVEILLANCE,Queen's University Belfast,80047180,"£211,000.00",AMR CONTROL & SURVEILLANCE,BT7 1NN,Standard Supplier,NULL,NULL,EXPENSE,GB 254 7995 11
DE,VMD,26/03/2025,IT - Maintenance,IT MAINTENANCE,CHI Technology,17238,"£25,633.00",IT MAINTENANCE,CV37 9NR,Standard Supplier,NULL,NULL,EXPENSE,GB 974 7728 61
DE,VMD,26/03/2025,R&D External,RESEARCH & DEVELOPMENT,Microbial Genomics Ltd,INV-04141,"£44,150.00",RESEARCH & DEVELOPMENT,B15 2SQ,Standard Supplier,NULL,NULL,EXPENSE,GB 325698764
DE,AHDB,28/03/2025,,Facilities,Barratt Rental Limited,323,"£62,345.10",Rent and Rates,B94 6EL,,,136119,,269214686
DE,AHDB,28/03/2025,,Research,Bluesky International Limited,164570,"£31,232.63",Environment Team,LE65 2AS,,,136229,,265885355
DE,AHDB,28/03/2025,,Research,Bluesky International Limited,164570,"£27,024.92",Environment Team,LE65 2AS,,,136229,,265885355
DE,AHDB,21/03/2025,,Data,Capgemini UK plc,GBA0026994,"£29,799.00",Organisational Improvement,GU21 6DB,,,136227,,GB 232441107
DE,AHDB,05/03/2025,,Travel & expenses accruals,Corporate Travel Management (North) Limited,21751,"£49,690.49",Central - Finance,BD1 5HQ,,,136117,,7083741333
DE,AHDB,31/03/2025,,Travel & expenses accruals,Corporate Travel Management (North) Limited,22107,"£27,967.73",Central - Finance,BD1 5HQ,,,136117,,7083741333
DE,AHDB,21/03/2025,,Domestic Marketing,IGD Services Limited,INVS0014502,"£48,475.00",Pork Consumer Campaign,WD25 8GD,,,136110,,697204313
DE,AHDB,14/03/2025,,Market Research,Kantar UK Limited,260294459,"£36,183.75",Livestock & RCI,W5 1UA,,,136208,,210 3254 28
DE,AHDB,28/03/2025,,Domestic Marketing Let's Eat Balanced,Lux Illuminating Brands Ltd,LUX-2551,"£26,045.97",Let's Eat Balanced Consumer Campaign,EH6 6SE,,,136090,,176777941
DE,AHDB,28/03/2025,,Domestic Marketing Let's Eat Balanced,Lux Illuminating Brands Ltd,LUX-2518,"£25,000.00",Let's Eat Balanced Consumer Campaign,EH6 6SE,,,136090,,176777941
DE,AHDB,28/03/2025,,Auditing,National Audit Office,SIN004598,"£56,000.00",Central - Finance,SW1W 9SP,,,136117,,417 6324 57
DE,AHDB,07/03/2025,,Domestic Marketing,Nectar 360Services LLP,N3600085019,"£38,812.50",Let's Eat Balanced Consumer Campaign,WC2R 0NN,,,136090,,GB142860713
DE,AHDB,07/03/2025,,Research,NIAB,16470,"£67,962.05",Recommended Lists research on variety performance,CB3 0LE,,,136037,,NULL
DE,AHDB,07/03/2025,,Research,NIAB,15997,"£51,409.75","Pest, Disease & Weed monitoring & forecasting, including UKCPVS (UK Cereal Pathogen Virulence Survey)",CB3 0LE,,,136057,,NULL
DE,AHDB,21/03/2025,,International Trade Development,PS8 Ltd,222888,"£26,188.29",Export Trade Promotion/Shows/Conferences/Exhibitions,KT22 2HL,,,136052,,939948647
DE,AHDB,28/03/2025,,Research,RSK ADAS Ltd,SI6947678,"£38,078.00","Fungicide Performance, Resistance & Monitoring",WA6 0AR,,,136058,,256 4358 86
DE,AHDB,21/03/2025,,International Trade Development,Sopexa Japan,555-2025-010,"£61,307.65",Exports,150-0013,,,136052,,NULL
DE,AHDB,21/03/2025,,International Trade Development,Sopexa Japan,555-2025-010,"£52,123.26",Exports,150-0013,,,136052,,NULL
DE,AHDB,07/03/2025,,Market Research,The Livestock Auctioneers Assoc,AHDB007,"£37,597.66",Market Intelligence Datasets,CA4 0RZ,,,136042,,585171816
DE,AHDB,14/03/2025,,Domestic Marketing Pork,the7Stars UK Limited,134890,"£474,605.94",Let's Eat Balanced Consumer Campaign,WC2B 4PJ,,,136110,,341652319
DE,AHDB,14/03/2025,,Domestic Marketing Pork,the7Stars UK Limited,134889,"£375,153.33",Let's Eat Balanced Consumer Campaign,WC2B 4PJ,,,136110,,341652319
DE,AHDB,14/03/2025,,Corporate Subscriptions,UK-IDF,UK-IDF/02/25,"£25,000.00",Dairy SSA Activity,WC1V 7EP,,,136123,,NULL
DE,AHDB,07/03/2025,,IS,Unit 4 Business Software Limited,20000020032,"£90,879.21",Technology systems,E14 5HU,,,136122,,358 179 027
DE,AHDB,04/03/2025,,Private Medical Inurance,Vitality Corporate Services Limited T/A Vitality Health,53728579/01,"£246,440.36",Central - Finance,SE1 2AQ,,,136117,,902845823
DE,AHDB,07/03/2025,,Market Research,W&J Linney Limited,728533,"£62,500.00",Livestock & RCI,NG18 4FW,,,136208,,116932276
DE,AHDB,21/03/2025,,Facilities,Warwick District Council,9621997-25/26,"£107,670.00",Rent and Rates,CV32 5RU,,,136119,,NULL
DE,CCW,21/03/2025,Service Charge,Facilities & Procurement,BNP PARIBAS REAL ESTATE ( DEFRA),1/1269,"£33,790.40",Service Charge,B2 2QQ,LARGE,N/A,N/A,Programme,888800181
DE,CCW,21/03/2025,IT Equipment (Non Dep'n Set),ICT Services,PROBRAND LIMITED,OP/I772533,"£44,870.28",IT Equipment (Non Dep'n Set),B1 1TT,LARGE,N/A,N/A,Programme,GB580401565
DE,KEW,05/03/2025,Capital/Equipment,Capital Development Programme,Alternative Heat,7129934,"£279,355.45",Jodrell Decarbonisation Project,WCIR 5SG,UK Supplier,,11665,New works-Pt I-other costs,478271654
DE,KEW,05/03/2025,Payment to 3rd party,P1: Ecosystem Stewardship,Feilden Clegg Bradley Studios,7130039,"£105,997.91",New Herbarium,JE3 5BP,UK Supplier,,11689,Non-Kew Project Costs,
DE,KEW,05/03/2025,Utilities,Estates,Hoare Lea LLP,7130018,"£105,188.90",Lansdown Conservation & Research Nursery (Wakehurst),RH11RX,UK Supplier,,11727,Gas,689638949
DE,KEW,05/03/2025,Utilities,Estates,Waterdrinker Aalsmeer B.V,7130017,"£61,989.67",Orchid Festival,RH11RX,UK Supplier,,60137,Gas,689638949
DE,KEW,05/03/2025,Property Related,P2: Trait Diversity and Function,Diversity Travel,7129960,"£45,982.14",Kew MSc Courses,LE11 5RG,UK Supplier,,60510,Laboratory machinery & equipt,GB 844 2904 24
DE,KEW,05/03/2025,Consultancy & Professional Services,Capital Development Programme,Unit4 Business Software Ltd,7129682,"£44,822.14",IT Operations,W14 8NS,UK Supplier,,60002,Prof Fees - Construction,610 0610 15
DE,KEW,05/03/2025,ICT,Information Technology,CITYAXIS LIMITED,7130069,"£39,416.29",Infrastructure Capital Works,KT22 7TW,UK Supplier,,11732,IT 3rd party Cloud services,GB 823 8182 26
DE,KEW,05/03/2025,Capital/Equipment,Capital Development Programme,World Forest ID Association,7129985,"£38,173.79",Building and Enhancing the Evidence Base for Nature Based Solutions to Climate Change: Soy Traceability,SE27 0DN,UK Supplier,,11638,New works-Pt I-other costs,239207464
DE,KEW,05/03/2025,Payment to 3rd party,P1: Ecosystem Stewardship,Y2K Construction Ltd,7130037,"£32,274.27",Sustainability,E1 6PW,UK Supplier,,60483,Non-Kew Project Costs,907942307
DE,KEW,12/03/2025,Capital/Equipment,Capital Development Programme,Hornbill Service Management Limited,7130309,"£100,000.00",IT Operations,SE1 6NP,UK Supplier,,60002,New works-Pt I-other costs,1998510784
DE,KEW,12/03/2025,Capital/Equipment,Capital Development Programme,Unit4 Business Software Ltd,7130139,"£61,200.00",IT Operations,ME17 3NW,UK Supplier,,60002,New works-Pt I-other costs,271801417
DE,KEW,12/03/2025,Advertising and Publicity,Marketing & Membership,Hugh Broughton Architects Ltd,7130384,"£42,311.35",ICW projects,BN1 4EA,UK Supplier,,11733,Advertising & publicity,275 3687 64
DE,KEW,12/03/2025,ICT,Information Technology,Anything Is Possible Media Limited,7130459,"£40,845.32",Autumn Events,SL6 3UD,UK Supplier,,60136,Hardware Maintenance and Repairs,GB 864 4753 92
DE,KEW,12/03/2025,Capital/Equipment,Capital Development Programme,Neogen Europe Ltd.,7130475,"£36,430.33",Building the Plant & Fungal Tree of Life,RG42 7NY,UK Supplier,,11147,New works-Pt I-other costs,731665924
DE,KEW,12/03/2025,Advertising and Publicity,Marketing & Membership,Anything Is Possible Media Limited,7130390,"£32,124.97",Autumn Festival,BN1 4EA,UK Supplier,,60472,Advertising & publicity,275 3687 64
DE,KEW,12/03/2025,Capital/Equipment,Capital Development Programme,d-fine GmbH,7130389,"£28,724.99",Expansion of NCEA soil monitoring to develop high-resolution mycorrhizal maps and enhance ecosystem metrics,N14 5DJ,UK Supplier,,11711,New works-Pt I-other costs,230699848
DE,KEW,19/03/2025,Utilities,Estates,Max Communication Ltd,7130848,"£214,328.96",Digitisation,PL3 5RG,UK Supplier,,11647,Electricity - Grid,
DE,KEW,19/03/2025,Capital/Equipment,Capital Development Programme,Avanade UK Limited,7130423,"£169,702.41",Visitor Facing Systems,W14 8NS,UK Supplier,,60447,New works-Pt I-other costs,610 0610 15
DE,KEW,19/03/2025,Consultancy & Professional Services,Executive Directorate,Bytes Software  Services,7130584,"£149,925.00",IT Operations,EC4M 6XH,UK Supplier,,60002,Professional Services - IT,GB 788 629 066
DE,KEW,19/03/2025,Capital/Equipment,Capital Development Programme,Avanade UK Limited,7130865,"£129,848.00",IT Operations,W14 8NS,UK Supplier,,60002,New works-Pt I-other costs,610 0610 15
DE,KEW,19/03/2025,Property Related,Estates,Mitie Waste And Environmental Services Ltd,7130755,"£75,349.38",Sustainability,EC2A4LP,UK Supplier,,60483,Office and window cleaning,GB 847176988
DE,KEW,19/03/2025,Consultancy & Professional Services,Information Technology,Unigro Ltd,7130585,"£65,372.00",Infrastructure Capital Works,EC4M 6XH,UK Supplier,,11732,Professional Services - IT,GB 788 629 066
DE,KEW,19/03/2025,Other,P4: Accelerated Taxonomy,Advanced Demand Side Management Ltd,7130617,"£40,960.25",Estates Wakehurst Energy,B60 4DJ,UK Supplier,,60043,Courier/Freight,705233371
DE,KEW,19/03/2025,Capital/Equipment,Estates,Ramboll UK Ltd,7130825,"£36,560.00",ICW projects,HP11 1JU,UK Supplier,,11733,New Works - pt1 - prof fees,GB 492004075
DE,KEW,19/03/2025,Capital/Equipment,Estates,INSCAPES,7130826,"£36,560.00",ICW projects,HP11 1JU,UK Supplier,,11733,New Works - pt1 - prof fees,GB 492004075
DE,KEW,25/03/2025,Capital/Equipment,Capital Development Programme,Bytes Software  Services,7131163,"£275,826.16",IT Operations,WCIR 5SG,UK Supplier,,60002,New works-Pt I-other costs,478271654
DE,KEW,25/03/2025,Consultancy & Professional Services,P3: Digital Revolution,EDF Energy Customers plc,7131006,"£129,166.67",Estates Wakehurst Energy,SE18 6SW,UK Supplier,,60043,Third Party Contracts,739932881
DE,KEW,25/03/2025,Capital/Equipment,Capital Development Programme,Jingo Juice Ltd. t/a Marshmallow Laser Feast,7131183,"£93,052.18",Of An Oak Summer 2025,HU15 2RH,UK Supplier,,60558,New works-Pt I-other costs,GB 779 7452 62
DE,KEW,25/03/2025,Utilities,Estates,Cambridge Glasshouse Ltd,7130772,"£90,681.30",ICW projects,RH11RX,UK Supplier,,11733,Gas,689638949
DE,KEW,25/03/2025,Payment to 3rd party,P2: Trait Diversity and Function,DBR (London) Ltd,7130933,"£66,853.00",Infrastructure Capital Works,EH3  5LR,UK Supplier,,11732,Non-Kew Project Costs,.
DE,KEW,25/03/2025,Advertising and Publicity,Marketing & Membership,"Royal Holloway and Bedford New College (known as Royal Holloway, University of London",7130899,"£60,206.69",Landscape Ecology Programme - Sky sponsorship (year 4),BN1 4EA,UK Supplier,,60532,Advertising & publicity,275 3687 64
DE,KEW,25/03/2025,Utilities,Estates,Bytes Software  Services,7130771,"£50,707.72",IT Operations,RH11RX,UK Supplier,,60002,Gas,689638949
DE,KEW,25/03/2025,Property Related,P0: Science Services & Labs,Hugh Broughton Architects Ltd,7131229,"£41,948.40",Capital Development Programme Central,LE4 1AW,UK Supplier,,11229,Laboratory machinery & equipt,
DE,KEW,25/03/2025,Capital/Equipment,Capital Development Programme,DBR (London) Ltd,7131203,"£38,400.00",ICW projects,W6 9BL,UK Supplier,,11733,New works-Pt I-other costs,830 7239 39
DE,KEW,25/03/2025,ICT,Information Technology,DBR (London) Ltd,7131235,"£36,479.17",ICW projects,KT22 7TW,UK Supplier,,11734,IT 3rd party Cloud services,GB 823 8182 26
DE,KEW,25/03/2025,Property Related,P0: Science Services & Labs,DBR (London) Ltd,7131228,"£31,573.75",ICW projects,RG7 5AH,UK Supplier,,11735,Laboratory machinery & equipt,GB449491609
DE,KEW,25/03/2025,Utilities,Estates,DBR (London) Ltd,7131143,"£25,807.28",ICW projects,SL4 6AF,UK Supplier,,11736,Water rates,GB538091046
DE,NATURAL ENGLAND,03/03/2025,EXP - PURCHASE OF GOODS/SERVICES - OTHER,NUTRIENT MITIGATION SCHEME,NORFOLK WILDLIFE TRUST,3010000018,1117536,FINISHED INVENTORIES - ADDITIONS,NR1 1RY,Trust,,00000000,Expense,
DE,NATURAL ENGLAND,03/03/2025,EXP - PURCHASE OF GOODS/SERVICES - RESEARCH & DEVELOPMENT - OTHER OUTSOURCED,Natural Capital & Ecosystem Assessment - Terrestrial,ICF CONSULTING SERVICES LTD,1010128476,461325.31,Science and Environmental Research-Unclassified,EC2R 8HP,SUPPLIER,"C22928, S-0902",00000000,Expense,927 4872 86
DE,NATURAL ENGLAND,03/03/2025,EXP - PURCHASE OF GOODS/SERVICES - RESEARCH & DEVELOPMENT - OTHER OUTSOURCED,Natural Capital & Ecosystem Assessment - Terrestrial,ICF CONSULTING SERVICES LTD,1010128476,204810.29,Science and Environmental Research-Unclassified,EC2R 8HP,SUPPLIER,"C22928, S-0902",00000000,Expense,927 4872 86
DE,NATURAL ENGLAND,03/03/2025,EXP - CAPITAL GRANTS TO LOCAL GOVERNMENT,Peat Capital Grants,NORTH YORK MOORS NATIONAL PARK,1010128443,101643.91,Local Authorities,YO62 5BP,LOCAL AUTHORITIES,C20531,00000000,Expense,GB686500421
DE,NATURAL ENGLAND,03/03/2025,EXP - CAPITAL GRANTS TO LOCAL GOVERNMENT,Peat Capital Grants,ROYAL SOCIETY FOR THE PROTECTION OF BIRDS,1010128485,77796.52,Local Authorities,SG19 2DL,SUPPLIER,ECM62239,00000000,Expense,GB 365 9695 89
DE,NATURAL ENGLAND,03/03/2025,EXP CAPITAL GRANTS TO PTE SECTOR - PERSONS & NON PROFIT INSTIT'NS SERVING H'HOLD,"SGA LANDSCAPE, PEAT & SPECIES",NATIONAL TRUST,1010128498,59134.27,Grant-Other,SN2 2NA,CUSTOMER,FUNDING20453,NE163980,Expense,GB239503167
DE,NATURAL ENGLAND,03/03/2025,EXP - PURCHASE OF GOODS/SERVICES - RESEARCH & DEVELOPMENT - OTHER OUTSOURCED,AGRI-ENVIRONMENT MONITORING AND EVALUATION,ICF CONSULTING SERVICES LTD,1010128476,39772.34,Science and Environmental Research-Unclassified,EC2R 8HP,SUPPLIER,C22928,00000000,Expense,927 4872 86
DE,NATURAL ENGLAND,03/03/2025,EXP-PURCHASE OF GOODS & SERVICES - DLL POND CREATION,DLL Pond Management,SUFFOLK WILDLIFE TRUST,1010128444,36972,Services,IP6 9JY,SUPPLIER,ECM_63975,NE163819,Expense,
DE,NATURAL ENGLAND,03/03/2025,EXP - CAPITAL GRANTS TO PRIVATE SECTOR - COMPANIES,People Landscape Access Nature,BEACHTIDE LTD,1010128433,29337.12,Capital Grant-Private Corporation,BH23 4HP,CUSTOMER,GIA,00000000,Expense,
DE,NATURAL ENGLAND,03/03/2025,EXP - CAPITAL GRANTS TO LOCAL GOVERNMENT,STATUTORY ACCESS,EXMOOR NATIONAL PARK AUTHORITY,1010128452,27676.52,Local Authorities,TA22 9HL,CUSTOMER,C20692,NE160886,Expense,
DE,NATURAL ENGLAND,03/03/2025,EXP - PURCHASE OF GOODS/SERVICES - RESEARCH & DEVELOPMENT - OTHER OUTSOURCED,SPECIALIST SERVICES,UK CENTRE FOR ECOLOGY & HYDROLOGY,1010128456,31714.84,Research programs (capital R&D outsourced),OX10 8BB,SUPPLIER,Atamis Reference C27270,00000000,Expense,336 940192
DE,NATURAL ENGLAND,03/03/2025,EXP-PURCHASE OF GOODS & SERVICES - DLL POND CREATION,DLL Pond Management,SUFFOLK FWAG,1010128472,30810,Services,IP13 0AA,Public Body,C21151,NE163819,Expense,124466129
DE,NATURAL ENGLAND,04/03/2025,EXP - PURCHASE OF GOODS/SERVICES - RESEARCH & DEVELOPMENT - OTHER OUTSOURCED,"SGA LANDSCAPE, PEAT & SPECIES",UNIVERSITY OF EXETER,1010128559,60000,Research programs (capital R&D outsourced),EX4 4QJ,THIRD PARTY,C26176,NE163925,Expense,GB142047795
DE,NATURAL ENGLAND,04/03/2025,EXP - CAPITAL GRANTS TO LOCAL GOVERNMENT,STATUTORY ACCESS,EAST SUSSEX COUNTY COUNCIL,1010128561,53511.96,Local Authorities,BN7 1UE,SUPPLIER,C24601,NE160886,Expense,191803754
DE,NATURAL ENGLAND,04/03/2025,EXP CAPITAL GRANTS TO PTE SECTOR - PERSONS & NON PROFIT INSTIT'NS SERVING H'HOLD,"SGA LANDSCAPE, PEAT & SPECIES",THE VINCENT WILDLIFE TRUST,1010128526,30522.55,Grant-Other,HR8 1EP,SUPPLIER,FUNDING 20478,NE163980,Expense,
DE,NATURAL ENGLAND,04/03/2025,EXP - PURCHASE OF GOODS/SERVICES - OTHER- SCIENCE & EVIDENCE MONITORING SURVLNCE,CATCHMENT SENSITIVE FARMING,RSK ADAS LIMITED,1010128506,33456,Land and soil preparation and management and protection,WA6 0AR,SUPPLIER(1),C25096,00000000,Expense,GB256435886
DE,NATURAL ENGLAND,05/03/2025,EXP CAPITAL GRANTS TO PTE SECTOR - PERSONS & NON PROFIT INSTIT'NS SERVING H'HOLD,Peat Capital Grants,SOUTH WEST WATER LTD,1010128581,832486.94,Grant-Other,EX2 7HR,CUSTOMER,GIA,00000000,Expense,540465165
DE,NATURAL ENGLAND,05/03/2025,EXP - CURRENT GRANTS TO PRIVATE SECTOR - NON PROFIT INSTITUTIONS SERVING H'HOLD,LANDSCAPE RECOVERY,ROYAL SOCIETY FOR THE PROTECTION OF BIRDS,1010128597,84037.41,Persons and NPISH (Non Profit Institutions Serving Households),SG19 2DL,SUPPLIER,24653,00000000,Expense,GB 365 9695 89
DE,NATURAL ENGLAND,05/03/2025,EXP - PURCHASE OF GOODS/SERVICES - RESEARCH & DEVELOPMENT - OTHER OUTSOURCED,Natural Capital & Ecosystem Assessment - Terrestrial,ICF CONSULTING SERVICES LTD,1010128626,81648,Research-Unclassified,EC2R 8HP,SUPPLIER,C22928 S-1484,00000000,Expense,927 4872 86
DE,NATURAL ENGLAND,05/03/2025,EXP - PURCHASE OF GOODS/SERVICES - RESEARCH & DEVELOPMENT - OTHER OUTSOURCED,"SGA LANDSCAPE, PEAT & SPECIES",THE UK CENTRE FOR ECOLOGY AND HYDROLOGY UKCEH,1010128586,51514.5,Environmental (Land Use & Biodiversity) Services,OX10 8BB,SUPPLIER,Atamis C23767,NE163925,Expense,GB336940192
DE,NATURAL ENGLAND,05/03/2025,EXP - PURCHASE OF GOODS/SERVICES - OTHER - PROGRAMME EXPENDITURE,SPECIALIST SERVICES,AMPHIBIAN AND REPTILE CONSERVATION,1010128608,26952,Operational Goods-Unclassified,BH7 6BZ,3RD SECTOR SUPPLIER,sub-50k,00000000,Expense,
DE,NATURAL ENGLAND,05/03/2025,EXP - PURCHASE OF GOODS/SERVICES - RESEARCH & DEVELOPMENT - OTHER OUTSOURCED,STATUTORY ACCESS,FORESTRY ENGLAND,2010000849,43384,Research programs (capital R&D outsourced),BS16 1EJ,CUSTOMER,SUB-£50K,00000000,Expense,888 83 0561
DE,NATURAL ENGLAND,05/03/2025,EXP - PURCHASE OF GOODS/SERVICES - OTHER - LAND MANAGEMENT AGREEMENTS,NNR SERVICES TEAM,WHITE CLIFFS COUNTRYSIDE PARTNERSHIP,1010128616,25000,NNR Non Operating leases,CT16 3PJ,SUPPLIER(1),SUB-£50K,NE162000,Expense,202 3461 18
DE,NATURAL ENGLAND,05/03/2025,EXP - PURCHASE OF GOODS/SERVICES - OTHER - PROGRAMME EXPENDITURE,"SGA LANDSCAPE, PEAT & SPECIES",RESOURCES FOR CHANGE LTD,1010128577,26747.78,Operational Goods-Unclassified,NP8 1PH,SUPPLIER,C25672,00000000,Expense,996450472
DE,NATURAL ENGLAND,06/03/2025,IA - POA & AUC - COST - ADDITIONS,"SGA LANDSCAPE, PEAT & SPECIES",DEFRA,2010000851,119243.71,Research programs (capital R&D outsourced),YO1 7PX,SUPPLIER,DFP,NE163925,Asset,888800181
DE,NATURAL ENGLAND,06/03/2025,EXP - PURCHASE OF GOODS/SERVICES - END USER SOFTWARE AND HARDWARE,ORGANISATION CHANGE,DEFRA,2010000851,87165.85,ICT-Unclassified,YO1 7PX,SUPPLIER,DFP Defra Family Payments,00000000,Expense,888800181
DE,NATURAL ENGLAND,06/03/2025,EXP - PURCHASE OF GOODS/SERVICES - RESEARCH & DEVELOPMENT - OTHER OUTSOURCED,AGRI-ENVIRONMENT MONITORING AND EVALUATION,ICF CONSULTING SERVICES LTD,1010128689,66501,Science and Environmental Research-Unclassified,EC2R 8HP,SUPPLIER,C22928,00000000,Expense,927 4872 86
DE,NATURAL ENGLAND,07/03/2025,PPE - HERITAGE ASSETS (OWNED) - COST - ADDITIONS,NNR SERVICES TEAM,MICHELMORES LLP,3010000019,313118.4,Legal Services,EX2 5WR,LEGAL,,NE161411,Asset,140992855
DE,NATURAL ENGLAND,07/03/2025,PPE - PLANT & MACHINERY (OWNED) - COST - ADDITIONS,NNR SERVICES TEAM,LOGLOGIC,1010128823,369840,Vehicle Insurance,EX15 1RW,SUPPLIER(1),Atamis Reference: C22229,NE161410,Asset,
DE,NATURAL ENGLAND,07/03/2025,EXP - CURRENT GRANTS TO PRIVATE SECTOR - NON PROFIT INSTITUTIONS SERVING H'HOLD,LANDSCAPE RECOVERY,LANCASHIRE WILDLIFE TRUST LTD,1010128796,82180.77,Persons and NPISH (Non Profit Institutions Serving Households),PR5 6BY,THIRD PARTY,25392,00000000,Expense,265 7548 65
DE,NATURAL ENGLAND,07/03/2025,EXP - CAPITAL GRANTS TO LOCAL GOVERNMENT,Peat Capital Grants,MICROPROPAGATION SERVICES E M LTD,1010128825,54522.5,Local Authorities,LE12 6NZ,SUPPLIER,C17474,00000000,Expense,428529138
DE,NATURAL ENGLAND,07/03/2025,EXP-PURCHASE OF GOODS & SERVICES - DLL POND CREATION,DLL Pond Management,CHESHIRE WILDLIFE TRUST,1010128725,49296,Services,SY14 8EF,SUPPLIER,C20415,NE163788,Expense,GB771662317
DE,NATURAL ENGLAND,07/03/2025,EXP - PURCHASE OF GOODS/SERVICES - OTHER- SCIENCE & EVIDENCE MONITORING SURVLNCE,EVIDENCE TEAM,BRITISH TRUST FOR ORNITHOLOGY,1010128822,39743,Environmental (Land Use & Biodiversity) Services,IP24 2PU,SUPPLIER,C22287 (Sub-£50k),00000000,Expense,196 6210 46
DE,NATURAL ENGLAND,07/03/2025,EXP - PURCHASE OF GOODS/SERVICES - RESEARCH & DEVELOPMENT - OTHER OUTSOURCED,NATURAL CAPITAL ECOSYSTEM ASSESSMENT - MARINE EVIDENCE,INSTITUTE OF FISHERIES MANAGEMENT,1010128791,35000,Research programs (capital R&D outsourced),YO10 4LX,SUPPLIER,SUB-£50k,00000000,Expense,
DE,NATURAL ENGLAND,07/03/2025,EXP CAPITAL GRANTS TO PTE SECTOR - PERSONS & NON PROFIT INSTIT'NS SERVING H'HOLD,"SGA LANDSCAPE, PEAT & SPECIES",WESSEX RIVERS TRUST,1010128829,33212.21,Grant-Other,SP1 3YR,CUSTOMER,FUNDING 20481,NE163980,Expense,
DE,NATURAL ENGLAND,07/03/2025,EXP - PURCHASE OF GOODS/SERVICES - RESEARCH & DEVELOPMENT - OTHER OUTSOURCED,Complex Case Unit,BRITISH TRUST FOR ORNITHOLOGY,1010128822,30323,Science and Environmental Research-Unclassified,IP24 2PU,SUPPLIER,C22287,00000000,Expense,196 6210 46
DE,NATURAL ENGLAND,07/03/2025,EXP - PURCHASE OF GOODS/SERVICES - OTHER - PROGRAMME EXPENDITURE,SPECIALIST SERVICES,BUTTERFLY CONSERVATION,1010128767,57357.5,Operational Goods-Unclassified,BH20 5QP,3RD SECTOR SUPPLIER,Sub-50k,00000000,Expense,GB991277189
DE,NATURAL ENGLAND,07/03/2025,EXP - PURCHASE OF GOODS/SERVICES - RESEARCH & DEVELOPMENT - OTHER OUTSOURCED,Complex Case Unit,UK CENTRE FOR ECOLOGY & HYDROLOGY,1010128726,27357.12,Science and Environmental Research-Unclassified,OX10 8BB,SUPPLIER,SUB-£50k,00000000,Expense,336 940192
DE,NATURAL ENGLAND,10/03/2025,EXP - CAPITAL GRANTS TO LOCAL GOVERNMENT,Peat Capital Grants,PEAK DISTRICT NATIONAL PARK AUTH,1010128856,311994.7,Local Authorities,DE45 1AE,LOCAL AUTHORITIES,C20532,00000000,Expense,313 1215 64
DE,NATURAL ENGLAND,10/03/2025,EXP - PURCHASE OF GOODS/SERVICES - RESEARCH & DEVELOPMENT - OTHER OUTSOURCED,OWEC ReSCUE,APEM LTD,1010128926,185164.2,Research-Unclassified,SK4 3GN,SUPPLIER,C25855,NE162835,Expense,
DE,NATURAL ENGLAND,10/03/2025,EXP - PURCHASE OF GOODS/SERVICES - RESEARCH & DEVELOPMENT - OTHER OUTSOURCED,Natural Capital & Ecosystem Assessment - Terrestrial,ICF CONSULTING SERVICES LTD,1010128890,136720.04,Science and Environmental Research-Unclassified,EC2R 8HP,SUPPLIER,"C22928, S-0902",00000000,Expense,927 4872 86
DE,NATURAL ENGLAND,10/03/2025,EXP - CURRENT GRANTS TO PRIVATE SECTOR - NON PROFIT INSTITUTIONS SERVING H'HOLD,LANDSCAPE RECOVERY,J+C FARMS,1010128933,100359.21,Persons and NPISH (Non Profit Institutions Serving Households),PE32 1PL,SUPPLIER,24648,00000000,Expense,
DE,NATURAL ENGLAND,10/03/2025,EXP - CURRENT GRANTS TO PRIVATE SECTOR - NON PROFIT INSTITUTIONS SERVING H'HOLD,LANDSCAPE RECOVERY,ROYAL SOCIETY FOR THE PROTECTION OF BIRDS,1010128901,66623.15,Persons and NPISH (Non Profit Institutions Serving Households),SG19 2DL,SUPPLIER,14107,00000000,Expense,GB 365 9695 89
DE,NATURAL ENGLAND,10/03/2025,EXP - PURCHASE OF GOODS/SERVICES - RESEARCH & DEVELOPMENT - OTHER OUTSOURCED,"SGA LANDSCAPE, PEAT & SPECIES",BRITISH TRUST FOR ORNITHOLOGY,1010128847,66261,Research programs (capital R&D outsourced),IP24 2PU,SUPPLIER,C22287,NE163979,Expense,196 6210 46
DE,NATURAL ENGLAND,10/03/2025,EXP - PURCHASE OF GOODS/SERVICES - OTHER - PROGRAMME EXPENDITURE,SPECIALIST SERVICES,RSPB,1010128883,46478,Research programs (capital R&D outsourced),SG19 2DL,SUPPLIER,14407 SUB-£50k,00000000,Expense,GB365969589
DE,NATURAL ENGLAND,10/03/2025,EXP - PURCHASE OF GOODS/SERVICES - OTHER - LAND MANAGEMENT WORKS,NNR SERVICES TEAM,CONSERVATION BUILDING SERVICES LTD,1010128895,35011.09,Design and Build,SY10 7AY,SUPPLIER,SUB - £50K,NE163985,Expense,GB821396825
DE,NATURAL ENGLAND,11/03/2025,IA - POA & AUC - COST - ADDITIONS,BNG SERVICES,DEFRA,2010000857,1799125.74,Research-Unclassified,YO1 7PX,SUPPLIER,DFP,00000000,Asset,888800181
DE,NATURAL ENGLAND,11/03/2025,EXP - PURCHASE OF GOODS/SERVICES - OTHER - PROGRAMME EXPENDITURE,BNG SERVICES,DEFRA,2010000857,1466352.36,Operational Goods-Unclassified,YO1 7PX,SUPPLIER,DFP,00000000,Expense,888800181
DE,NATURAL ENGLAND,11/03/2025,EXP - PURCHASE OF GOODS/SERVICES - RESEARCH & DEVELOPMENT - OTHER OUTSOURCED,"SGA LANDSCAPE, PEAT & SPECIES",SWANSEA UNIVERSITY,1010128964,200000,Research programs (capital R&D outsourced),SA2 8PP,SUPPLIER,C20959,NE163979,Expense,123 853477
DE,NATURAL ENGLAND,11/03/2025,EXP - PURCHASE OF GOODS/SERVICES - RESEARCH & DEVELOPMENT - OTHER OUTSOURCED,"SGA LANDSCAPE, PEAT & SPECIES",ICF CONSULTING SERVICES LTD,1010128957,115481.62,Research programs (capital R&D outsourced),EC2R 8HP,SUPPLIER,C22928,NE163925,Expense,927 4872 86
DE,NATURAL ENGLAND,11/03/2025,EXP - PURCHASE OF GOODS/SERVICES - OTHER- SCIENCE & EVIDENCE MONITORING SURVLNCE,CATCHMENT SENSITIVE FARMING,RSK ADAS LIMITED,1010128946,59040,Land and soil preparation and management and protection,WA6 0AR,SUPPLIER(1),C25810,00000000,Expense,GB256435886
DE,NATURAL ENGLAND,11/03/2025,PPE - HERITAGE ASSETS (OWNED) - COST - ADDITIONS,Peat Capital Grants,TREECLEAR UK LTD,1010128934,53709.54,Research programs (capital R&D outsourced),PR3 3ND,SUPPLIER,SUB-£50k,NE164005,Asset,156 3577 45
DE,NATURAL ENGLAND,11/03/2025,EXP - PURCHASE OF GOODS/SERVICES - OTHER - PROGRAMME EXPENDITURE,ANALYTICS TEAM,ESRI (UK) LTD,1010128938,47113.87,ICT-Unclassified,HP21 7QG,SUPPLIER,P-30949,00000000,Expense,787 430791
DE,NATURAL ENGLAND,11/03/2025,EXP - PURCHASE OF GOODS/SERVICES - RESEARCH & DEVELOPMENT - OTHER OUTSOURCED,SPECIALIST SERVICES,UNIVERSITY OF EXETER,1010128935,30000,Research-Unclassified,EX4 4QJ,THIRD PARTY,SUB-£50K,00000000,Expense,GB142047795
DE,NATURAL ENGLAND,11/03/2025,EXP - PURCHASE OF GOODS/SERVICES - RESEARCH & DEVELOPMENT - OTHER OUTSOURCED,SPECIALIST SERVICES,POSEIDON AQUATIC RESOURCE MANAGEMENT LTD,1010128975,35435.4,Research-Unclassified,SO41 5RJ,SUPPLIER,RDE761,00000000,Expense,781402736
DE,NATURAL ENGLAND,11/03/2025,EXP - PURCHASE OF GOODS/SERVICES - OTHER - PROGRAMME EXPENDITURE,LIFE WADER,UNIVERSITY OF NEWCASTLE UPON TYNE,1010128974,27854.83,Contribution-Private Corporation,NE1 7RU,Public Body,ECM_63972 (multiple partners),NE162822,Expense,499672470
DE,NATURAL ENGLAND,11/03/2025,EXP - PURCHASE OF GOODS/SERVICES - MARKETING & MEDIA,CATCHMENT SENSITIVE FARMING,DEFRA,2010000857,28587.85,Public relations programs or services,YO1 7PX,SUPPLIER,IGS,00000000,Expense,888800181
DE,NATURAL ENGLAND,12/03/2025,EXP - CAPITAL GRANTS TO LOCAL GOVERNMENT,STATUTORY ACCESS,LINCOLNSHIRE COUNTY COUNCIL,1010129020,152548.86,Local Authorities,LN1 1YL,SUPPLIER,C25461,NE160885,Expense,GB 129392355
DE,NATURAL ENGLAND,12/03/2025,EXP - CAPITAL GRANTS TO LOCAL GOVERNMENT,Peat Capital Grants,UK CENTRE FOR ECOLOGY & HYDROLOGY,1010129041,98409.42,Local Authorities,OX10 8BB,SUPPLIER,C17476,00000000,Expense,
DE,NATURAL ENGLAND,12/03/2025,EXP - CURRENT GRANTS TO PRIVATE SECTOR - NON PROFIT INSTITUTIONS SERVING H'HOLD,LANDSCAPE RECOVERY,ALBANWISE ENVIRONMENTAL LTD,1010129029,94273.41,Persons and NPISH (Non Profit Institutions Serving Households),PE33 9GF,SUPPLIER,66509,00000000,Expense,GB864427896
DE,NATURAL ENGLAND,12/03/2025,EXP - PURCHASE OF GOODS/SERVICES - RESEARCH & DEVELOPMENT - OTHER OUTSOURCED,"SGA LANDSCAPE, PEAT & SPECIES",ICF CONSULTING SERVICES LTD,1010129060,84000,Research programs (capital R&D outsourced),EC2R 8HP,SUPPLIER,ECM66237,NE163925,Expense,927 4872 86
DE,NATURAL ENGLAND,12/03/2025,EXP - PURCHASE OF GOODS/SERVICES - RESEARCH & DEVELOPMENT - OTHER OUTSOURCED,Peat Capital Grants,ICF CONSULTING SERVICES LTD,1010129060,72000,Research programs (capital R&D outsourced),EC2R 8HP,SUPPLIER,C23103,00000000,Expense,927 4872 86
DE,NATURAL ENGLAND,12/03/2025,EXP - CURRENT GRANTS TO PRIVATE SECTOR - NON PROFIT INSTITUTIONS SERVING H'HOLD,LANDSCAPE RECOVERY,NATIONAL TRUST,1010129097,48107.09,Persons and NPISH (Non Profit Institutions Serving Households),SN2 2NA,CUSTOMER,24435,00000000,Expense,GB239503167
DE,NATURAL ENGLAND,12/03/2025,EXP - CURRENT GRANTS TO PRIVATE SECTOR - NON PROFIT INSTITUTIONS SERVING H'HOLD,LANDSCAPE RECOVERY,DENTON RESERVE (LAND) LTD,1010129069,47821.83,Persons and NPISH (Non Profit Institutions Serving Households),LS18 4UR,SUPPLIER,25391,00000000,Expense,
DE,NATURAL ENGLAND,12/03/2025,EXP CAPITAL GRANTS TO PTE SECTOR - PERSONS & NON PROFIT INSTIT'NS SERVING H'HOLD,"SGA LANDSCAPE, PEAT & SPECIES",TYNE RIVERS TRUST,1010129053,47268.39,Grant-Other,NE45 5PE,SUPPLIER,FUNDING 20476,NE163980,Expense,
DE,NATURAL ENGLAND,12/03/2025,EXP - PURCHASE OF GOODS/SERVICES - RESEARCH & DEVELOPMENT - OTHER OUTSOURCED,"SGA LANDSCAPE, PEAT & SPECIES",BRITISH TRUST FOR ORNITHOLOGY,1010129019,46194,Research-Unclassified,IP24 2PU,SUPPLIER,C22287,NE163925,Expense,196 6210 46
DE,NATURAL ENGLAND,12/03/2025,EXP - CURRENT GRANTS TO PRIVATE SECTOR - NON PROFIT INSTITUTIONS SERVING H'HOLD,LANDSCAPE RECOVERY,NORTH YORK MOORS NATIONAL PARK,1010129024,39526.11,Persons and NPISH (Non Profit Institutions Serving Households),YO62 5BP,LOCAL AUTHORITIES,24652,00000000,Expense,GB686500421
DE,NATURAL ENGLAND,12/03/2025,EXP CAPITAL GRANTS TO PTE SECTOR - PERSONS & NON PROFIT INSTIT'NS SERVING H'HOLD,"SGA LANDSCAPE, PEAT & SPECIES","THE WILDLIFE TRUST FOR BEDFORDSHIRE, CAMBRIDGESHIRE & NORTHAMPTONSHIRE LTD",1010129054,32317.61,Grant-Other,CB23 6DH,SUPPLIER,FUNDING20475,NE163980,Expense,GB287907546
DE,NATURAL ENGLAND,12/03/2025,EXP CAPITAL GRANTS TO PTE SECTOR - PERSONS & NON PROFIT INSTIT'NS SERVING H'HOLD,"SGA LANDSCAPE, PEAT & SPECIES",SHROPSHIRE WILDLIFE TRUST LTD,1010129028,32010,Grant-Other,SY2 6AH,Trust,GIA,NE163925,Expense,
DE,NATURAL ENGLAND,12/03/2025,PPE - POA & AUC (OWNED) - COST - ADDITIONS - BUILDINGS,NNR SERVICES TEAM,DEFRA,2010000859,38041.15,Design and Build,YO1 7PX,SUPPLIER,Exemption Code: IGS,00000000,Asset,888800181
DE,NATURAL ENGLAND,12/03/2025,PPE - PLANT & MACHINERY (OWNED) - COST - ADDITIONS,NNR SERVICES TEAM,ELECTRIC WHEELS LTD,1010129044,35434,Vehicle Insurance,IP25 6JB,SUPPLIER,Sub - £50k,00000000,Asset,GB311376727
DE,NATURAL ENGLAND,12/03/2025,EXP - PURCHASE OF GOODS/SERVICES - RESEARCH & DEVELOPMENT - OTHER OUTSOURCED,NATURAL CAPITAL ECOSYSTEM ASSESSMENT - MARINE EVIDENCE,BAYS CONSULTING LTD,1010129089,30000,Research-Unclassified,GU14AR,SUPPLIER,N/A - See note to buyer.,00000000,Expense,978 6752 45
DE,NATURAL ENGLAND,12/03/2025,EXP - PURCHASE OF GOODS/SERVICES - RESEARCH & DEVELOPMENT - OTHER OUTSOURCED,NATURAL CAPITAL ECOSYSTEM ASSESSMENT - MARINE EVIDENCE,INTERNATIONAL ESTUARINE & COASTAL SPECIALISTS LTD,1010129098,25080,Research-Unclassified,HU17 5LQ,SUPPLIER,N/A - See note to buyer,00000000,Expense,GB404690017
DE,NATURAL ENGLAND,13/03/2025,EXP - CURRENT GRANTS TO PRIVATE SECTOR - NON PROFIT INSTITUTIONS SERVING H'HOLD,LANDSCAPE RECOVERY,CORNWALL WILDLIFE TRUST,1010129182,71764.06,Persons and NPISH (Non Profit Institutions Serving Households),TR4 9DJ,Access to Work,25437,00000000,Expense,GB213268726
DE,NATURAL ENGLAND,13/03/2025,EXP - PURCHASE OF GOODS/SERVICES - RESEARCH & DEVELOPMENT - OTHER OUTSOURCED,NATURAL CAPITAL ECOSYSTEM ASSESSMENT - MARINE EVIDENCE,ICF CONSULTING SERVICES LTD,1010129138,62551.75,Research programs (capital R&D outsourced),EC2R 8HP,SUPPLIER,C22928,00000000,Expense,927 4872 86
DE,NATURAL ENGLAND,13/03/2025,EXP - PURCHASE OF GOODS/SERVICES - RESEARCH & DEVELOPMENT - OTHER OUTSOURCED,Natural Capital & Ecosystem Assessment - Terrestrial,ICF CONSULTING SERVICES LTD,1010129138,58500,Science and Environmental Research-Unclassified,EC2R 8HP,SUPPLIER,C22928 - S-0509,00000000,Expense,927 4872 86
DE,NATURAL ENGLAND,13/03/2025,PPE - POA & AUC (OWNED) - COST - ADDITIONS - BUILDINGS,NNR SERVICES TEAM,DEFRA,2010000862,114556.12,Design and Build,YO1 7PX,SUPPLIER,Exemption Code: IGS,00000000,Asset,888800181
DE,NATURAL ENGLAND,13/03/2025,EXP CAPITAL GRANTS TO PTE SECTOR - PERSONS & NON PROFIT INSTIT'NS SERVING H'HOLD,NATURE RETURNS (SOF-NBS),DERBYSHIRE WILDLIFE TRUST (G),1010129195,37404.75,Grant-Other,DE4 4LR,SUPPLIER,16839,00000000,Expense,
DE,NATURAL ENGLAND,13/03/2025,EXP CAPITAL GRANTS TO PTE SECTOR - PERSONS & NON PROFIT INSTIT'NS SERVING H'HOLD,NATURE RETURNS (SOF-NBS),DERBYSHIRE WILDLIFE TRUST (G),1010129195,29399.78,Grant-Other,DE4 4LR,SUPPLIER,16839,00000000,Expense,
DE,NATURAL ENGLAND,13/03/2025,EXP - PURCHASE OF GOODS/SERVICES - RESEARCH & DEVELOPMENT - OTHER OUTSOURCED,"SGA LANDSCAPE, PEAT & SPECIES",BAT CONSERVATION TRUST,1010129156,26071.5,Research programs (capital R&D outsourced),SW8 4BG,CUSTOMER,C21713,NE163979,Expense,877 1587 73
DE,NATURAL ENGLAND,13/03/2025,PPE - POA & AUC (OWNED) - COST - ADDITIONS - BUILDINGS,NNR SERVICES TEAM,DEFRA,2010000862,44052.55,Design and Build,YO1 7PX,SUPPLIER,Exemption Code: IGS,00000000,Asset,888800181
DE,NATURAL ENGLAND,14/03/2025,EXP - PURCHASE OF GOODS/SERVICES - RESEARCH & DEVELOPMENT - OTHER OUTSOURCED,SPECIALIST SERVICES,ZOOLOGICAL SOCIETY OF LONDON,1010129202,83000,Research programs (capital R&D outsourced),NW1 4RY,SUPPLIER,C14385,NE163958,Expense,GB 440 3679 56
DE,NATURAL ENGLAND,14/03/2025,EXP-PURCHASE OF GOODS & SERVICES - DLL POND CREATION,DLL Pond Management,WILDSCAPES CIC,1010129260,49296,Services,S2 2SF,Company,C5249,NE163817,Expense,907878967
DE,NATURAL ENGLAND,14/03/2025,EXP - PURCHASE OF GOODS/SERVICES - RESEARCH & DEVELOPMENT - OTHER OUTSOURCED,People Landscape Access Nature,UNIVERSITY OF LIVERPOOL,1010129257,49200,Science and Environmental Research-Unclassified,L69 7ZX,SUPPLIER,Sub-£50k,00000000,Expense,673 5988 75
DE,NATURAL ENGLAND,14/03/2025,EXP - PURCHASE OF GOODS/SERVICES - RESEARCH & DEVELOPMENT - OTHER OUTSOURCED,SPECIALIST SERVICES,BRITISH TRUST FOR ORNITHOLOGY,1010129200,30769,Research programs (capital R&D outsourced),IP24 2PU,SUPPLIER,C22287,00000000,Expense,196 6210 46
DE,NATURAL ENGLAND,14/03/2025,EXP - CURRENT GRANTS TO LOCAL GOVERNMENT,STATUTORY ACCESS,NORTHUMBERLAND NAT PARK AUTHORITY,1010129203,27318.25,Grant-Scheme Grant-Local Authorities,NE46 1BS,LOCAL AUTHORITIES,C17570/v-02443,NE160560,Expense,
DE,NATURAL ENGLAND,14/03/2025,EXP - PURCHASE OF GOODS/SERVICES - ICT OUTSOURCING & MAINT/SUPPORT,SECURITY & INFORMATION,DEFRA,2010000864,27000,IT Managed / Outsourced Services,YO1 7PX,SUPPLIER,DFP,00000000,Expense,888800181
DE,NATURAL ENGLAND,17/03/2025,EXP - CURRENT GRANTS TO PRIVATE SECTOR - NON PROFIT INSTITUTIONS SERVING H'HOLD,LANDSCAPE RECOVERY,BRECKLAND FARMERS WILDLIFE NETWORK LTD,1010129391,194857.44,Persons and NPISH (Non Profit Institutions Serving Households),NR16 2SD,SUPPLIER(1),16682,00000000,Expense,
DE,NATURAL ENGLAND,17/03/2025,EXP - PURCHASE OF GOODS/SERVICES - RESEARCH & DEVELOPMENT - OTHER OUTSOURCED,"SGA LANDSCAPE, PEAT & SPECIES",UNIVERSITY OF EXETER,1010129411,198249.05,Research programs (capital R&D outsourced),EX4 4QJ,THIRD PARTY,ECM_ 67008,NE163925,Expense,GB142047795
DE,NATURAL ENGLAND,17/03/2025,EXP - CURRENT GRANTS TO PRIVATE SECTOR - NON PROFIT INSTITUTIONS SERVING H'HOLD,LANDSCAPE RECOVERY,PEAK DISTRICT NATIONAL PARK AUTH,1010129421,68317.53,Persons and NPISH (Non Profit Institutions Serving Households),DE45 1AE,LOCAL AUTHORITIES,25317,00000000,Expense,313 1215 64
DE,NATURAL ENGLAND,17/03/2025,EXP - PURCHASE OF GOODS/SERVICES - RESEARCH & DEVELOPMENT - OTHER OUTSOURCED,SPECIALIST SERVICES,ABERYSTWYTH UNIVERSITY,1010129405,46500,Research programs (capital R&D outsourced),SY23 3AH,SUPPLIER,SUB-£50k,00000000,Expense,GB123763380
DE,NATURAL ENGLAND,17/03/2025,EXP - PURCHASE OF GOODS/SERVICES - OTHER,ORGANISATION CHANGE,DEFRA,2010000866,54398.98,Operational Goods-Unclassified,YO1 7PX,SUPPLIER,DFP,00000000,Expense,888800181
DE,NATURAL ENGLAND,17/03/2025,EXP - PURCHASE OF GOODS/SERVICES - RESEARCH & DEVELOPMENT - OTHER OUTSOURCED,Natural Capital & Ecosystem Assessment - Terrestrial,BRISTOL NATURAL HISTORY CONSORTIUM,1010129321,51782.88,Environmental (Land Use & Biodiversity) Services,BS1 6NL,SUPPLIER,C21632,00000000,Expense,935 1572 21
DE,NATURAL ENGLAND,17/03/2025,EXP - PURCHASE OF GOODS/SERVICES - OTHER - PROGRAMME EXPENDITURE,LIFE WADER,ENVIRONMENT AGENCY,2010000868,30132.26,Other Government Department,BS1 5AH,SUPPLIER,ECM_63972 (multiple partners),NE162822,Expense,662 4901 34
DE,NATURAL ENGLAND,17/03/2025,PPE - POA & AUC (OWNED) - COST - ADDITIONS - BUILDINGS,NNR SERVICES TEAM,DEFRA,2010000866,35568.84,Design and Build,YO1 7PX,SUPPLIER,Exemption Code: IGS,00000000,Asset,888800181
DE,NATURAL ENGLAND,17/03/2025,IA - POA & AUC - COST - SYSTEM COST,Nature Recovery Network,DEFRA,2010000866,25110,Research-Unclassified,YO1 7PX,SUPPLIER,DFP,00000000,Asset,888800181
DE,NATURAL ENGLAND,18/03/2025,EXP - CAPITAL GRANTS TO LOCAL GOVERNMENT,Peat Capital Grants,DORSET WILDLIFE TRUST,1010129452,311043.72,Local Authorities,DT2 7AA,CUSTOMER,C20521,00000000,Expense,GB785712496
DE,NATURAL ENGLAND,18/03/2025,EXP - CAPITAL GRANTS TO PRIVATE SECTOR - COMPANIES,People Landscape Access Nature,FORESTRY ENGLAND,1010129430,242372.4,Capital Grant-Private Corporation,BS16 1EJ,CUSTOMER,GIA,00000000,Expense,888 83 0561
DE,NATURAL ENGLAND,18/03/2025,EXP CAPITAL GRANTS TO PTE SECTOR - PERSONS & NON PROFIT INSTIT'NS SERVING H'HOLD,"SGA LANDSCAPE, PEAT & SPECIES",RSPB,1010129466,156267.42,Grant-Other,SG19 2DL,SUPPLIER,FUNDING 20467,NE163980,Expense,GB365969589
DE,NATURAL ENGLAND,18/03/2025,EXP - CAPITAL GRANTS TO LOCAL GOVERNMENT,Peat Capital Grants,LANCASHIRE WILDLIFE TRUST LTD,1010129431,137288.42,Local Authorities,PR5 6BY,THIRD PARTY,C20527,00000000,Expense,265 7548 65
DE,NATURAL ENGLAND,18/03/2025,CA - OTHER RECEIVABLES - TRAVEL PROVIDER CONTROL ACCOUNT,CORPORATE CONTRACTS,CORPORATE TRAVEL MANAGEMENT NORTH LTD,1010129461,130635.32,Business Travel Accommodation-Hotels,BD1 5HQ,SUPPLIER,,00000000,Asset,GB 708374122
DE,NATURAL ENGLAND,18/03/2025,EXP - PURCHASE OF GOODS/SERVICES - OTHER - PROGRAMME EXPENDITURE,EVIDENCE TEAM,ENVIRONMENT AGENCY,2010000871,134709.31,Operational Goods-Unclassified,FY1 9JN,SUPPLIER,Atamis contract C16197,00000000,Expense,662 4901 34
DE,NATURAL ENGLAND,18/03/2025,EXP - PURCHASE OF GOODS/SERVICES - RESEARCH & DEVELOPMENT - OTHER OUTSOURCED,"SGA LANDSCAPE, PEAT & SPECIES",PENSTHORPE CONSERVATION TRUST,1010129498,87000,Research programs (capital R&D outsourced),NR21 0LN,SUPPLIER,MOA C23710 & CCN01,NE163979,Expense,945999837
DE,NATURAL ENGLAND,18/03/2025,EXP - PURCHASE OF GOODS/SERVICES - RESEARCH & DEVELOPMENT - OTHER OUTSOURCED,"SGA LANDSCAPE, PEAT & SPECIES",PENSTHORPE CONSERVATION TRUST,1010129498,75850,Research programs (capital R&D outsourced),NR21 0LN,SUPPLIER,C23710  & CCN01,NE163979,Expense,945999837
DE,NATURAL ENGLAND,18/03/2025,EXP - PURCHASE OF GOODS/SERVICES - RESEARCH & DEVELOPMENT - OTHER OUTSOURCED,AGRI-ENVIRONMENT MONITORING AND EVALUATION,ICF CONSULTING SERVICES LTD,1010129490,74147.2,Science and Environmental Research-Unclassified,EC2R 8HP,SUPPLIER,C22928,00000000,Expense,927 4872 86
DE,NATURAL ENGLAND,18/03/2025,EXP - CURRENT GRANTS TO PRIVATE SECTOR - NON PROFIT INSTITUTIONS SERVING H'HOLD,LANDSCAPE RECOVERY,EXMOOR NATIONAL PARK AUTHORITY,1010129442,53523.94,Persons and NPISH (Non Profit Institutions Serving Households),TA22 9HL,CUSTOMER,24650,00000000,Expense,
DE,NATURAL ENGLAND,18/03/2025,EXP - PURCHASE OF GOODS/SERVICES - RESEARCH & DEVELOPMENT - OTHER OUTSOURCED,SCIENCE AND EVIDENCE PROJECTS,ICF CONSULTING SERVICES LTD,1010129490,29820.37,Research programs (capital R&D outsourced),EC2R 8HP,SUPPLIER,C22928,00000000,Expense,927 4872 86
DE,NATURAL ENGLAND,18/03/2025,EXP - PURCHASE OF GOODS/SERVICES - RESEARCH & DEVELOPMENT - OTHER OUTSOURCED,NRN LOCAL DELIVERY,GAME & WILDLIFE CONSERVATION TRUST,1010129460,26220,Science and Environmental Research-Unclassified,SP6 1EF,3RD SECTOR SUPPLIER,SUB-£50k,00000000,Expense,GB580155450
DE,NATURAL ENGLAND,19/03/2025,EXP - CAPITAL GRANTS TO LOCAL GOVERNMENT,Peat Capital Grants,SOUTH WEST WATER LTD,1010129568,186551.23,Local Authorities,EX2 7HR,CUSTOMER,ECM62240,00000000,Expense,540465165
DE,NATURAL ENGLAND,19/03/2025,EXP - CAPITAL GRANTS TO PRIVATE SECTOR - COMPANIES,People Landscape Access Nature,CANTERBURY AND DISTRICT ANGLING ASSOCIATION,1010129532,77460,Capital Grant-Private Corporation,CT20AF,CUSTOMER,GIA,00000000,Expense,
DE,NATURAL ENGLAND,19/03/2025,EXP - PURCHASE OF GOODS/SERVICES - OTHER- SCIENCE & EVIDENCE MONITORING SURVLNCE,People Landscape Access Nature,ICF CONSULTING SERVICES LTD,1010129566,57994.8,Environmental (Land Use & Biodiversity) Services,EC2R 8HP,SUPPLIER,FWK C20744 DEF,NE164001,Expense,927 4872 86
DE,NATURAL ENGLAND,19/03/2025,EXP - CURRENT GRANTS TO PRIVATE SECTOR - NON PROFIT INSTITUTIONS SERVING H'HOLD,LANDSCAPE RECOVERY,ROYAL SOCIETY FOR THE PROTECTION OF BIRDS,1010129582,41019.67,Persons and NPISH (Non Profit Institutions Serving Households),SG19 2DL,SUPPLIER,66508,00000000,Expense,GB 365 9695 89
DE,NATURAL ENGLAND,19/03/2025,EXP - PURCHASE OF GOODS/SERVICES - OTHER PROFESSIONAL SERVICES,BOARD SERVICES,KPMG LLP,1010129518,36000,Accounting Services,WD17 1DE,SUPPLIER,C13076,00000000,Expense,791788859
DE,NATURAL ENGLAND,19/03/2025,EXP CAPITAL GRANTS TO PTE SECTOR - PERSONS & NON PROFIT INSTIT'NS SERVING H'HOLD,"SGA LANDSCAPE, PEAT & SPECIES",DERBYSHIRE WILDLIFE TRUST LTD,1010129594,25869.58,Grant-Other,DE4 4LR,Public Body,GIA,NE163925,Expense,509482532
DE,NATURAL ENGLAND,19/03/2025,EXP - PURCHASE OF GOODS/SERVICES - RESEARCH & DEVELOPMENT - OTHER OUTSOURCED,NRN LOCAL DELIVERY,TU ENTERPRISE AND INNOVATION LTD,1010129533,30000,Science and Environmental Research-Unclassified,TS1 3BX,SUPPLIER,SUB- £50k,00000000,Expense,GB686480981
DE,NATURAL ENGLAND,19/03/2025,EXP - PURCHASE OF GOODS/SERVICES - RESEARCH & DEVELOPMENT - OTHER OUTSOURCED,NRN LOCAL DELIVERY,RSPB,1010129560,25000,Science and Environmental Research-Unclassified,SG19 2DL,SUPPLIER,SUB-£50k,00000000,Expense,GB365969589
DE,NATURAL ENGLAND,20/03/2025,EXP - CAPITAL GRANTS TO LOCAL GOVERNMENT,STATUTORY ACCESS,LINCOLNSHIRE COUNTY COUNCIL,1010129701,121845.19,Local Authorities,LN1 1YL,SUPPLIER,C25478,NE160886,Expense,GB 129392355
DE,NATURAL ENGLAND,20/03/2025,EXP CAPITAL GRANTS TO PTE SECTOR - PERSONS & NON PROFIT INSTIT'NS SERVING H'HOLD,NATURE RETURNS (SOF-NBS),GROUNDWORK NORTH EAST (G),1010129673,85905.6,Grant-Other,DL5 6ZE,SUPPLIER,16837,00000000,Expense,
DE,NATURAL ENGLAND,20/03/2025,EXP - PURCHASE OF GOODS/SERVICES - RESEARCH & DEVELOPMENT - OTHER OUTSOURCED,"SGA LANDSCAPE, PEAT & SPECIES",BUGLIFE SERVICES LTD,1010129608,46580.4,Research programs (capital R&D outsourced),PE2 8AN,SUPPLIER,Sub £50k,NE163979,Expense,20 34 91 046
DE,NATURAL ENGLAND,20/03/2025,EXP - CAPITAL GRANTS TO PRIVATE SECTOR - COMPANIES,People Landscape Access Nature,FORESTRY ENGLAND,2010000876,38472,Capital Grant-Private Corporation,BS16 1EJ,CUSTOMER,GIA,00000000,Expense,888 83 0561
DE,NATURAL ENGLAND,20/03/2025,EXP - PURCHASE OF GOODS/SERVICES - OTHER - PROGRAMME EXPENDITURE,ANALYTICS TEAM,TELESPAZIO UK LIMITED,1010129678,42208.27,Operational Goods-Unclassified,LU1 3LU,SUPPLIER,15501,00000000,Expense,GB101638353
DE,NATURAL ENGLAND,20/03/2025,EXP - PURCHASE OF GOODS/SERVICES - OTHER - PROGRAMME EXPENDITURE,"SGA LANDSCAPE, PEAT & SPECIES",GILLESPIES LLP,1010129601,41165.59,Operational Goods-Unclassified,OX1 5BS,SUPPLIER,C17601,00000000,Expense,260 0378 87
DE,NATURAL ENGLAND,20/03/2025,EXP - PURCHASE OF GOODS/SERVICES - RESEARCH & DEVELOPMENT - OTHER OUTSOURCED,11 WESSEX,EXMOOR NATIONAL PARK AUTHORITY,1010129709,40000,Social and Economic Research-Unclassified,TA22 9HL,CUSTOMER,NE SUB-£50K,NE163925,Expense,
DE,NATURAL ENGLAND,20/03/2025,EXP - PURCHASE OF GOODS/SERVICES - RESEARCH & DEVELOPMENT - OTHER OUTSOURCED,NATURAL CAPITAL ECOSYSTEM ASSESSMENT - MARINE EVIDENCE,ICF CONSULTING SERVICES LTD,1010129627,37884.86,Research-Unclassified,EC2R 8HP,SUPPLIER,C22928,00000000,Expense,927 4872 86
DE,NATURAL ENGLAND,20/03/2025,EXP-PURCHASE OF GOODS & SERVICES - DLL POND CREATION,DLL Pond Management,TAMESIDE METROPOLITAN BOROUGH,1010129710,30810,Services,OL6 6DL,SUPPLIER,C5138,NE162812,Expense,GB 1491 93544
DE,NATURAL ENGLAND,20/03/2025,EXP - PURCHASE OF GOODS/SERVICES - RESEARCH & DEVELOPMENT - OTHER OUTSOURCED,NRN LOCAL DELIVERY,CHESHIRE WILDLIFE TRUST,1010129596,30000,Research programs (capital R&D outsourced),SY14 8EF,SUPPLIER,Sub-£50k,00000000,Expense,GB771662317
DE,NATURAL ENGLAND,20/03/2025,EXP - PURCHASE OF GOODS/SERVICES - RESEARCH & DEVELOPMENT - OTHER OUTSOURCED,AGRI-ENVIRONMENT MONITORING AND EVALUATION,UNIVERSITY OF GLOUCESTERSHIRE,1010129635,27000,Research programs (capital R&D outsourced),GL50 4AZ,SUPPLIER,C23432,00000000,Expense,393908356
DE,NATURAL ENGLAND,21/03/2025,IA - POA & AUC - COST - ADDITIONS,NUTRIENT MITIGATION SCHEME,DEFRA,2010000877,718860.43,Research programs (capital R&D outsourced),YO1 7PX,SUPPLIER,DFP,00000000,Asset,888800181
DE,NATURAL ENGLAND,21/03/2025,PPE - HERITAGE ASSETS (OWNED) - COST - ADDITIONS,NNR SERVICES TEAM,MICHELMORES LLP,3010000020,420560,Legal Services,EX2 5WR,LEGAL,,NE161411,Asset,140992855
DE,NATURAL ENGLAND,21/03/2025,EXP - CURRENT GRANTS TO PRIVATE SECTOR - NON PROFIT INSTITUTIONS SERVING H'HOLD,LANDSCAPE RECOVERY,NORFOLK COUNTY COUNCIL,1010129722,135660.37,Persons and NPISH (Non Profit Institutions Serving Households),NR1 2DH,SUPPLIER,14111,00000000,Expense,106 995 152
DE,NATURAL ENGLAND,21/03/2025,EXP-PURCHASE OF GOODS & SERVICES - DLL POND CREATION,DLL Pond Management,TELFORD & WREKIN COUNCIL,1010129798,67299,Services,TF2 2FH,LOCAL AUTHORITIES,IGS,NE163812,Expense,162332100
DE,NATURAL ENGLAND,21/03/2025,EXP - PURCHASE OF GOODS/SERVICES - OTHER - PROGRAMME EXPENDITURE,"SGA LANDSCAPE, PEAT & SPECIES",IMPROVEMENT & DEVELOPMENT AGENCY FOR LOCAL GOVERNMENT,1010129730,48000,Operational Goods-Unclassified,SW1P 3HZ,SUPPLIER(1),Sub-£50k,NE163925,Expense,GB540385554
DE,NATURAL ENGLAND,21/03/2025,EXP - PURCHASE OF GOODS/SERVICES - OTHER - PROGRAMME EXPENDITURE,"SGA LANDSCAPE, PEAT & SPECIES",IMPROVEMENT & DEVELOPMENT AGENCY FOR LOCAL GOVERNMENT,1010129730,37515.78,Operational Goods-Unclassified,SW1P 3HZ,SUPPLIER(1),SUB-£50K,NE163925,Expense,GB540385554
DE,NATURAL ENGLAND,21/03/2025,EXP - CAPITAL GRANTS TO LOCAL GOVERNMENT,STATUTORY ACCESS,YORKSHIRE DALES NATIONAL AUTHORITY,1010129725,33940.68,Local Authorities,BD23 5LB,LOCAL AUTHORITIES,C17587/v-02446,NE160560,Expense,
DE,NATURAL ENGLAND,21/03/2025,EXP - CURRENT GRANTS TO PRIVATE SECTOR - NON PROFIT INSTITUTIONS SERVING H'HOLD,People Landscape Access Nature,CUMBRIA WILDLIFE TRUST LTD,1010129799,32735.03,Persons and NPISH (Non Profit Institutions Serving Households),LA8 8LX,SUPPLIER,GIA,00000000,Expense,852 2540 41
DE,NATURAL ENGLAND,21/03/2025,PPE - PLANT & MACHINERY (OWNED) - COST - ADDITIONS,NNR SERVICES TEAM,DALTONS ATV LTD,1010129768,39000,Agriculture and Construction Plant and Vehicle Purchase,SA48 8QB,SUPPLIER,SUB-50K,NE161410,Asset,GB741615055
DE,NATURAL ENGLAND,21/03/2025,EXP - CAPITAL GRANTS TO LOCAL GOVERNMENT,STATUTORY ACCESS,EAST SUSSEX COUNTY COUNCIL,1010129737,31868.35,Local Authorities,BN7 1UE,SUPPLIER,C23365,NE160886,Expense,191803754
DE,NATURAL ENGLAND,21/03/2025,PPE - PLANT & MACHINERY (OWNED) - COST - ADDITIONS,NNR SERVICES TEAM,GENQUIP LTD,1010129765,32184,Environmental Goods-Unclassified,SA127DJ,SUPPLIER,SUB-50k,NE161410,Asset,
DE,NATURAL ENGLAND,21/03/2025,EXP - PURCHASE OF GOODS/SERVICES - RESEARCH & DEVELOPMENT - OTHER OUTSOURCED,NRN LOCAL DELIVERY,RSPB,1010129787,25000,Science and Environmental Research-Unclassified,SG19 2DL,SUPPLIER,SUB-£50k,00000000,Expense,GB365969589
DE,NATURAL ENGLAND,21/03/2025,PPE - POA & AUC (OWNED) - COST - ADDITIONS - BUILDINGS,NNR SERVICES TEAM,KIER CONSTRUCTION LTD,1010129821,25069.7,Design and Build,M503XP,CIS SUPPLIER,,00000000,Asset,476073824
DE,NATURAL ENGLAND,24/03/2025,EXP - CAPITAL GRANTS TO LOCAL GOVERNMENT,Peat Capital Grants,FORESTRY ENGLAND,2010000879,76865.17,Local Authorities,BS16 1EJ,CUSTOMER,ECM62302,00000000,Expense,888 83 0561
DE,NATURAL ENGLAND,24/03/2025,EXP - PURCHASE OF GOODS/SERVICES - RESEARCH & DEVELOPMENT - OTHER OUTSOURCED,"SGA LANDSCAPE, PEAT & SPECIES",PLANTLIFE INTERNATIONAL,1010129912,65050,Research programs (capital R&D outsourced),SP1 2AP,SUPPLIER,C17405,NE163979,Expense,773869763
DE,NATURAL ENGLAND,24/03/2025,EXP - PURCHASE OF GOODS/SERVICES - TRAINING & DEVELOPMENT,PEOPLE TEAM,INTERACTION LEARNING & DEVELOPMENT,1010129900,69348,Education & Training Services,BS1 2AW,SUPPLIER,C25488,NE160905,Expense,GB 664426818
DE,NATURAL ENGLAND,24/03/2025,EXP - PURCHASE OF GOODS/SERVICES - RESEARCH & DEVELOPMENT - OTHER OUTSOURCED,"SGA LANDSCAPE, PEAT & SPECIES",UNIVERSITY OF HULL,1010129877,65040.48,Science and Environmental Research-Unclassified,HU6 7RX,Other Education,C19979,NE163925,Expense,GB290316807
DE,NATURAL ENGLAND,24/03/2025,EXP - PURCHASE OF GOODS/SERVICES - RESEARCH & DEVELOPMENT - OTHER OUTSOURCED,"SGA LANDSCAPE, PEAT & SPECIES",THE UK CENTRE FOR ECOLOGY AND HYDROLOGY UKCEH,1010129882,51514.5,Environmental (Land Use & Biodiversity) Services,OX10 8BB,SUPPLIER,Atamis C23767,NE163925,Expense,GB336940192
DE,NATURAL ENGLAND,24/03/2025,EXP-PURCHASE OF GOODS & SERVICES - DLL POND CREATION,DLL Pond Management,TEES VALLEY WILDLIFE TRUST,1010129855,35945,Services,TS12 3BZ,SUPPLIER,C23819,NE162811,Expense,
DE,NATURAL ENGLAND,24/03/2025,EXP - PURCHASE OF GOODS/SERVICES - OTHER - PROGRAMME EXPENDITURE,Sustainable Development,ICF CONSULTING SERVICES LTD,1010129909,42736.81,Operational Goods-Unclassified,EC2R 8HP,SUPPLIER,22928,NE163925,Expense,927 4872 86
DE,NATURAL ENGLAND,24/03/2025,EXP - PURCHASE OF GOODS/SERVICES - RESEARCH & DEVELOPMENT - OTHER OUTSOURCED,NATURAL CAPITAL ECOSYSTEM ASSESSMENT - MARINE EVIDENCE,CORNWALL COUNCIL,1010129861,38715.6,Research programs (capital R&D outsourced),TR4 9LD,THIRD PARTY,SUB-£50k,00000000,Expense,132746770
DE,NATURAL ENGLAND,24/03/2025,EXP - PURCHASE OF GOODS/SERVICES - RESEARCH & DEVELOPMENT - OTHER OUTSOURCED,NATURAL CAPITAL ECOSYSTEM ASSESSMENT - MARINE EVIDENCE,BOURNEMOUTH UNIVERSITY,1010129831,36570,Research-Unclassified,BH13NA,SUPPLIER,SUB-£50k,00000000,Expense,GB332207541
DE,NATURAL ENGLAND,24/03/2025,PPE - POA & AUC (OWNED) - COST - ADDITIONS - BUILDINGS,NNR SERVICES TEAM,DEFRA,2010000878,36145.74,Design and Build,YO1 7PX,SUPPLIER,Exemption Code: IGS,00000000,Asset,888800181
DE,NATURAL ENGLAND,24/03/2025,EXP - PURCHASE OF GOODS/SERVICES - RESEARCH & DEVELOPMENT - OTHER OUTSOURCED,"SGA LANDSCAPE, PEAT & SPECIES",ROYAL ENTOMOLOGICAL SOCIETY OF LONDON,1010129902,29693,Research programs (capital R&D outsourced),AL2 3NS,SUPPLIER,ECM_65886,NE163979,Expense,GB240027612
DE,NATURAL ENGLAND,24/03/2025,EXP - PURCHASE OF GOODS/SERVICES - RESEARCH & DEVELOPMENT - OTHER OUTSOURCED,Natural Capital & Ecosystem Assessment - Terrestrial,ICF CONSULTING SERVICES LTD,1010129909,27570.31,Research-Unclassified,EC2R 8HP,SUPPLIER,RDE619,00000000,Expense,927 4872 86
DE,NATURAL ENGLAND,25/03/2025,EXP-PURCHASE OF GOODS & SERVICES - DLL POND CREATION,DLL Pond Management,NORFOLK COUNTY COUNCIL,1010130017,95670,Services,NR1 2DW,SUPPLIER,C20746,NE163810,Expense,106 995 152
DE,NATURAL ENGLAND,25/03/2025,EXP - PURCHASE OF GOODS/SERVICES - RESEARCH & DEVELOPMENT - OTHER OUTSOURCED,NATURAL CAPITAL ECOSYSTEM ASSESSMENT - MARINE EVIDENCE,OCEAN MIND LTD,1010129973,82799.28,Environmental (Land Use & Biodiversity) Services,OX11 0QG,SUPPLIER,C27132,00000000,Expense,GB298805544
DE,NATURAL ENGLAND,25/03/2025,PPE - PLANT & MACHINERY (OWNED) - COST - ADDITIONS,NNR SERVICES TEAM,FARMSTAR LTD,1010130010,59998.8,Agriculture and Construction Plant and Vehicle Purchase,DN5 7AU,SUPPLIER,SUB-£50k,NE162080,Asset,511325202
DE,NATURAL ENGLAND,25/03/2025,EXP - PURCHASE OF GOODS/SERVICES - RESEARCH & DEVELOPMENT - OTHER OUTSOURCED,People Landscape Access Nature,HUMMINGBIRD,1010129946,50568,Research programs (capital R&D outsourced),NR13 6QA,SUPPLIER(1),"SUB-£50k (£10,000-£49,999)",00000000,Expense,720188455
DE,NATURAL ENGLAND,25/03/2025,EXP - PURCHASE OF GOODS/SERVICES - RESEARCH & DEVELOPMENT - OTHER OUTSOURCED,SPECIALIST SERVICES,BRITISH TRUST FOR ORNITHOLOGY,1010130016,39399,Research programs (capital R&D outsourced),IP24 2PU,SUPPLIER,C22287 / CCN003,00000000,Expense,196 6210 46
DE,NATURAL ENGLAND,25/03/2025,EXP - CAPITAL GRANTS TO PRIVATE SECTOR - COMPANIES,NRN LOCAL DELIVERY,CAMBRIDGE PAST PRESENT & FUTURE,1010130008,36681.91,Capital Grant-Private Corporation,CB22 3AE,CUSTOMER,GIA,NE163975,Expense,
DE,NATURAL ENGLAND,25/03/2025,EXP CAPITAL GRANTS TO PTE SECTOR - PERSONS & NON PROFIT INSTIT'NS SERVING H'HOLD,"SGA LANDSCAPE, PEAT & SPECIES",ROYAL SOCIETY FOR THE PROTECTION OF BIRDS,1010129979,35100,Grant-Other,SG19 2DL,SUPPLIER,GIA,NE163925,Expense,GB 365 9695 89
DE,NATURAL ENGLAND,25/03/2025,EXP - PURCHASE OF GOODS/SERVICES - RESEARCH & DEVELOPMENT - OTHER OUTSOURCED,NATURE RETURNS (SOF-NBS),ICF CONSULTING SERVICES LTD,1010129966,42000,"Purchase of Monitoring, Evaluation and Learning Services",EC2R 8HP,SUPPLIER,ATAMIS CODE C16473,00000000,Expense,927 4872 86
DE,NATURAL ENGLAND,25/03/2025,EXP - PURCHASE OF GOODS/SERVICES - RESEARCH & DEVELOPMENT - OTHER OUTSOURCED,People Landscape Access Nature,O H E S ENVIRONMENTAL LTD,1010129969,41329.8,Research programs (capital R&D outsourced),RG41 2FD,SUPPLIER(1),"SUB-£50k (£10,000-£49,999)",00000000,Expense,GB232247490
DE,NATURAL ENGLAND,25/03/2025,EXP - PURCHASE OF GOODS/SERVICES - OTHER- SCIENCE & EVIDENCE MONITORING SURVLNCE,14 SUSSEX AND KENT,MIKE WEST FENCING,1010130009,40128.6,Land and soil preparation and management and protection,TN25 5HU,SUPPLIER,Sub-£50K,NE162000,Expense,GB119730415
DE,NATURAL ENGLAND,25/03/2025,EXP - PURCHASE OF GOODS/SERVICES - RESEARCH & DEVELOPMENT - OTHER OUTSOURCED,NATURAL CAPITAL ECOSYSTEM ASSESSMENT - MARINE EVIDENCE,KWT CONSULTANCY SERVICES LTD,1010129978,36000,Research programs (capital R&D outsourced),ME14 3BD,SUPPLIER,SUB-£50k,00000000,Expense,GB 974842378
DE,NATURAL ENGLAND,25/03/2025,PPE - PLANT & MACHINERY (OWNED) - COST - ADDITIONS,NNR SERVICES TEAM,RYETEC INDUSTRIAL EQUIPMENT LTD,1010129986,28002,Land and soil preparation and management and protection,YO17 8JA,SUPPLIER,sub £50k,NE161411,Asset,GB598879143
DE,NATURAL ENGLAND,25/03/2025,EXP - PURCHASE OF GOODS/SERVICES - RESEARCH & DEVELOPMENT - OTHER OUTSOURCED,"SGA STRATEGY, FUNDING & PEOPLE FOR NATURE",ICF CONSULTING SERVICES LTD,1010129966,25364.63,Operational Goods-Unclassified,EC2R 8HP,SUPPLIER,C22928,00000000,Expense,927 4872 86
DE,NATURAL ENGLAND,26/03/2025,PPE - HERITAGE ASSETS (OWNED) - COST - ADDITIONS,NNR SERVICES TEAM,MICHELMORES LLP,3010000021,414908.4,Legal Services,EX2 5WR,LEGAL,,NE161411,Asset,140992855
DE,NATURAL ENGLAND,26/03/2025,EXP - PURCHASE OF GOODS/SERVICES - RESEARCH & DEVELOPMENT - OTHER OUTSOURCED,Natural Capital & Ecosystem Assessment - Terrestrial,ICF CONSULTING SERVICES LTD,1010130061,226862.69,Science and Environmental Research-Unclassified,EC2R 8HP,SUPPLIER,"C22928, S-0902",00000000,Expense,927 4872 86
DE,NATURAL ENGLAND,26/03/2025,EXP - PURCHASE OF GOODS/SERVICES - RESEARCH & DEVELOPMENT - OTHER OUTSOURCED,NATURAL CAPITAL ECOSYSTEM ASSESSMENT - MARINE EVIDENCE,ICF CONSULTING SERVICES LTD,1010130061,159268.07,Research programs (capital R&D outsourced),EC2R 8HP,SUPPLIER,C22928,00000000,Expense,927 4872 86
DE,NATURAL ENGLAND,26/03/2025,EXP - PURCHASE OF GOODS/SERVICES - RESEARCH & DEVELOPMENT - OTHER OUTSOURCED,NATURAL CAPITAL ECOSYSTEM ASSESSMENT - MARINE EVIDENCE,ICF CONSULTING SERVICES LTD,1010130061,87426,Research-Unclassified,EC2R 8HP,SUPPLIER,S-O5956,00000000,Expense,927 4872 86
DE,NATURAL ENGLAND,26/03/2025,EXP - CURRENT GRANTS TO PRIVATE SECTOR - NON PROFIT INSTITUTIONS SERVING H'HOLD,LANDSCAPE RECOVERY,DEVON WILDLIFE TRUST,1010130022,67238.95,Persons and NPISH (Non Profit Institutions Serving Households),EX2 4AB,SUPPLIER,17045,00000000,Expense,585473501
DE,NATURAL ENGLAND,26/03/2025,PPE - HERITAGE ASSETS (OWNED) - COST - ADDITIONS,NNR SERVICES TEAM,MICHELMORES LLP,4010000269,56672.4,Legal Services,EX2 5WR,LEGAL,,NE161411,Asset,140992855
DE,NATURAL ENGLAND,26/03/2025,EXP - PURCHASE OF GOODS/SERVICES - RESEARCH & DEVELOPMENT - OTHER OUTSOURCED,"SGA LANDSCAPE, PEAT & SPECIES",BRITISH TRUST FOR ORNITHOLOGY,1010130107,49797,Research-Unclassified,IP24 2PU,SUPPLIER,C22287,NE163925,Expense,196 6210 46
DE,NATURAL ENGLAND,26/03/2025,EXP - PURCHASE OF GOODS/SERVICES - RESEARCH & DEVELOPMENT - OTHER OUTSOURCED,"SGA LANDSCAPE, PEAT & SPECIES",PEOPLES TRUST FOR ENDANGERED SPECIES,1010130109,62470,Research programs (capital R&D outsourced),SW8 4BG,SUPPLIER,C21098,NE163979,Expense,
DE,NATURAL ENGLAND,26/03/2025,EXP - PURCHASE OF GOODS/SERVICES - RESEARCH & DEVELOPMENT - OTHER OUTSOURCED,SPECIALIST SERVICES,UK CENTRE FOR ECOLOGY & HYDROLOGY,1010130023,52858.06,Research programs (capital R&D outsourced),OX10 8BB,SUPPLIER,Atamis Reference C27270,00000000,Expense,336 940192
DE,NATURAL ENGLAND,26/03/2025,EXP - PURCHASE OF GOODS/SERVICES - RESEARCH & DEVELOPMENT - OTHER OUTSOURCED,Natural Capital & Ecosystem Assessment - Terrestrial,WILDSCAPES CIC,1010130066,47642.57,Research-Unclassified,S2 2SF,Company,SUB-£50k,00000000,Expense,907878967
DE,NATURAL ENGLAND,26/03/2025,EXP - PURCHASE OF GOODS/SERVICES - RESEARCH & DEVELOPMENT - OTHER OUTSOURCED,"SGA LANDSCAPE, PEAT & SPECIES",NOVASCAPE LTD,1010130113,37817.66,Social and Economic Research-Unclassified,CH66 1NT,SUPPLIER,C25087,NE163925,Expense,GB233732129
DE,NATURAL ENGLAND,26/03/2025,EXP - PURCHASE OF GOODS/SERVICES - RESEARCH & DEVELOPMENT - OTHER OUTSOURCED,Nature Recovery Network,UNIVERSITY OF LIVERPOOL,1010130058,29878.34,Science and Environmental Research-Unclassified,L69 7ZX,SUPPLIER,SUB-£50k,00000000,Expense,673 5988 75
DE,NATURAL ENGLAND,26/03/2025,PPE - POA & AUC (OWNED) - COST - ADDITIONS - BUILDINGS,NNR SERVICES TEAM,ANNED LTD,1010130026,28666.15,Design and Build,TR27 5JR,SUPPLIER,Sub - £50k,00000000,Asset,GB372330321
DE,NATURAL ENGLAND,26/03/2025,Exp - Purchase Of Goods/Services - Consultancy,ANALYTICS TEAM,ESRI (UK) LTD,1010130021,28591.2,Consultancy-Unclassified,HP21 7QG,SUPPLIER,P_30949,00000000,Expense,787 430791
DE,NATURAL ENGLAND,26/03/2025,EXP - PURCHASE OF GOODS/SERVICES - RESEARCH & DEVELOPMENT - OTHER OUTSOURCED,Nature Recovery Network,BUGLIFE SERVICES LTD,1010130039,28308,Science and Environmental Research-Unclassified,PE2 8AN,SUPPLIER,P-32589,00000000,Expense,20 34 91 046
DE,NATURAL ENGLAND,26/03/2025,PPE - POA & AUC (OWNED) - COST - ADDITIONS - BUILDINGS,NNR SERVICES TEAM,LLOYD TURNER LTD,1010130076,26640,Design and Build,TR12 7AZ,SUPPLIER,Sub - £50k,00000000,Asset,727454128
DE,NATURAL ENGLAND,26/03/2025,EXP - PURCHASE OF GOODS/SERVICES - RESEARCH & DEVELOPMENT - OTHER OUTSOURCED,NATURAL CAPITAL ECOSYSTEM ASSESSMENT - MARINE EVIDENCE,ICF CONSULTING SERVICES LTD,1010130061,25702.6,Research programs (capital R&D outsourced),EC2R 8HP,SUPPLIER,C22928,00000000,Expense,927 4872 86
DE,NATURAL ENGLAND,27/03/2025,EXP - PURCHASE OF GOODS/SERVICES - OTHER - PROGRAMME EXPENDITURE,"SGA STRATEGY, FUNDING & PEOPLE FOR NATURE",NATIONAL TRUST,1010130199,86352,Operational Goods-Unclassified,BA14 0XF,CUSTOMER,Atamis contract number C21696,00000000,Expense,GB239503167
DE,NATURAL ENGLAND,27/03/2025,EXP - PURCHASE OF GOODS/SERVICES - OTHER PROFESSIONAL SERVICES,NRN LOCAL DELIVERY,OVE ARUP & PARTNERS LTD,1010130238,77360.98,Hydrological (Water) Surveying and monitoring,W1T 4BJ,SUPPLIER,C26219,00000000,Expense,GB524461265
DE,NATURAL ENGLAND,27/03/2025,EXP - PURCHASE OF GOODS/SERVICES - OTHER - PROGRAMME EXPENDITURE,"SGA STRATEGY, FUNDING & PEOPLE FOR NATURE",NATIONAL TRUST,1010130192,55575,Operational Goods-Unclassified,BA14 0ZT,CUSTOMER,Atamis contract number C21696,00000000,Expense,GB239503167
DE,NATURAL ENGLAND,27/03/2025,EXP CAPITAL GRANTS TO PTE SECTOR - PERSONS & NON PROFIT INSTIT'NS SERVING H'HOLD,NATURE RETURNS (SOF-NBS),GLOUCESTERSHIRE WILDLIFE TRUST (G),1010130243,36172.27,Grant-Other,GL4 6SX,SUPPLIER,16841,00000000,Expense,
DE,NATURAL ENGLAND,27/03/2025,EXP - PURCHASE OF GOODS/SERVICES - RESEARCH & DEVELOPMENT - OTHER OUTSOURCED,Natural Capital & Ecosystem Assessment - Terrestrial,ICF CONSULTING SERVICES LTD,1010130191,41770.4,Research-Unclassified,EC2R 8HP,SUPPLIER,C22928 S-0508,00000000,Expense,927 4872 86
DE,NATURAL ENGLAND,27/03/2025,EXP - PURCHASE OF GOODS/SERVICES - RESEARCH & DEVELOPMENT - OTHER OUTSOURCED,"SGA LANDSCAPE, PEAT & SPECIES",STEPHEN LANE,1010130141,33800,Research programs (capital R&D outsourced),PE32 1NY,CUSTOMER,"SUB-£50k (for PO values £10,00",NE163979,Expense,
DE,NATURAL ENGLAND,27/03/2025,EXP - PURCHASE OF GOODS/SERVICES - RESEARCH & DEVELOPMENT - OTHER OUTSOURCED,EVIDENCE TEAM,NATIONAL CENTRE FOR SOCIAL RESEARCH (NATCEN),1010130147,29999.4,Research programs (capital R&D outsourced),EC1V 0AX,SUPPLIER,FWKC26631NE,00000000,Expense,GB653363241
DE,NATURAL ENGLAND,27/03/2025,PPE - POA & AUC (OWNED) - COST - ADDITIONS - BUILDINGS,NNR SERVICES TEAM,AECOM LTD,1010130140,29371.61,Design and Build,WA15 8FH,SUPPLIER,Sub - £50k,00000000,Asset,611853162
DE,NATURAL ENGLAND,27/03/2025,EXP - PURCHASE OF GOODS/SERVICES - RESEARCH & DEVELOPMENT - OTHER OUTSOURCED,Natural Capital & Ecosystem Assessment - Terrestrial,NATURAL HISTORY MUSEUM TRADING CO,1010130120,28893.3,Research programs (capital R&D outsourced),SW7 5BD,OGD,C19853,00000000,Expense,645424538
DE,NATURAL ENGLAND,28/03/2025,EXP - PURCHASE OF GOODS/SERVICES - OTHER,"SGA WATER, LAND AND SEAS",ALBANWISE LTD,3010000022,2495640,FINISHED INVENTORIES - ADDITIONS,NR257JX,SUPPLIER,,00000000,Expense,
DE,NATURAL ENGLAND,28/03/2025,EXP - CAPITAL GRANTS TO LOCAL GOVERNMENT,STATUTORY ACCESS,YORKSHIRE DALES NATIONAL AUTHORITY,1010130311,483967.75,Local Authorities,BD23 5LB,LOCAL AUTHORITIES,C15867 V-02631,00000000,Expense,
DE,NATURAL ENGLAND,28/03/2025,PPE - POA & AUC (OWNED) - COST - ADDITIONS - BUILDINGS,NNR SERVICES TEAM,BRITCON UK LTD,1010130367,219010.01,Design and Build,DN16 1DQ,SUPPLIER,Atamis Reference: C27086,00000000,Asset,GB745588586
DE,NATURAL ENGLAND,28/03/2025,EXP - PURCHASE OF GOODS/SERVICES - RESEARCH & DEVELOPMENT - OTHER OUTSOURCED,SPECIALIST SERVICES,NIAB TRADING LTD,1010130320,76777.75,Science and Environmental Research-Unclassified,CB3 0LE,SUPPLIER,C25010,00000000,Expense,GB100 1322 07
DE,NATURAL ENGLAND,28/03/2025,EXP CAPITAL GRANTS TO PTE SECTOR - PERSONS & NON PROFIT INSTIT'NS SERVING H'HOLD,"SGA LANDSCAPE, PEAT & SPECIES",THE VINCENT WILDLIFE TRUST,1010130278,52949.02,Grant-Other,HR8 1EP,SUPPLIER,FUNDING 20478,NE163980,Expense,
DE,NATURAL ENGLAND,28/03/2025,EXP - PURCHASE OF GOODS/SERVICES - RESEARCH & DEVELOPMENT - OTHER OUTSOURCED,Natural Capital & Ecosystem Assessment - Terrestrial,DIGVENTURES,1010130288,59493.19,Environmental (Land Use & Biodiversity) Services,DL128JB,SUPPLIER,C21642,00000000,Expense,200335767
DE,NATURAL ENGLAND,28/03/2025,EXP - PURCHASE OF GOODS/SERVICES - RESEARCH & DEVELOPMENT - OTHER OUTSOURCED,"SGA LANDSCAPE, PEAT & SPECIES",PEAK DISTRICT NATIONAL PARK AUTH,1010130283,49500,Research programs (capital R&D outsourced),DE45 1AE,LOCAL AUTHORITIES,SUB-50K,NE163925,Expense,313 1215 64
DE,NATURAL ENGLAND,28/03/2025,PPE - POA & AUC (OWNED) - COST - ADDITIONS - BUILDINGS,NNR SERVICES TEAM,BEDFORDSHIRE WILDLIFE TRUST,1010130310,49500,Design and Build,MK41 9SH,Trust,Sub - £50k,00000000,Asset,
DE,NATURAL ENGLAND,28/03/2025,EXP - PURCHASE OF GOODS/SERVICES - OTHER,02 CUMBRIA,OVE ARUP & PARTNERS LTD,1010130362,49991,Environmental Goods-Unclassified,W1T 4BJ,SUPPLIER,FWK C27468 NE,00000000,Expense,GB524461265
DE,NATURAL ENGLAND,28/03/2025,PPE - PLANT & MACHINERY (OWNED) - COST - ADDITIONS,NNR SERVICES TEAM,RICKERBY LTD,1010130251,48600,Land and soil preparation and management and protection,DH6 5AD,SUPPLIER,sub £50k,NE161411,Asset,
DE,NATURAL ENGLAND,28/03/2025,EXP - PURCHASE OF GOODS/SERVICES - RESEARCH & DEVELOPMENT - OTHER OUTSOURCED,SPECIALIST SERVICES,HARPER ADAMS UNIVERSIRTY,1010130270,42650.64,Science and Environmental Research-Unclassified,TF10 8NB,SUPPLIER,C28396,00000000,Expense,159 1448 48
DE,NATURAL ENGLAND,28/03/2025,EXP - PURCHASE OF GOODS/SERVICES - RESEARCH & DEVELOPMENT - OTHER OUTSOURCED,SCIENCE AND EVIDENCE PROJECTS,JAMES HUTTON LTD,1010130276,39404.52,Environmental (Land Use & Biodiversity) Services,AB15 8QH,SUPPLIER,Sub-£50K (Contracts Finder),00000000,Expense,108269520
DE,NATURAL ENGLAND,28/03/2025,EXP - CAPITAL GRANTS TO PRIVATE SECTOR - COMPANIES,NRN LOCAL DELIVERY,PARRETT INTERNAL DRAINAGE BOARD,1010130388,31152,Capital Grant-Private Corporation,TA9 3BW,CUSTOMER,GIA,NE163975,Expense,783 6494 80
DE,NATURAL ENGLAND,28/03/2025,Exp - Purchase Of Goods/Services - Consultancy,DIGITAL AND DATA,ESRI (UK) LTD,1010130371,37153.2,Consultancy-Unclassified,HP21 7QG,SUPPLIER,C20152 Framework contract,00000000,Expense,787 430791
DE,NATURAL ENGLAND,28/03/2025,EXP-PURCHASE OF GOODS & SERVICES - DLL POND CREATION,DLL Pond Management,EMEC ECOLOGICAL CONSULTANTS,1010130312,36846,Services,NG1 1EA,SUPPLIER(1),C20329,NE163809,Expense,
DE,NATURAL ENGLAND,28/03/2025,EXP - PURCHASE OF GOODS/SERVICES - RESEARCH & DEVELOPMENT - OTHER OUTSOURCED,"SGA LANDSCAPE, PEAT & SPECIES",PLANTLIFE INTERNATIONAL THE WILD PLANT CONSERVATION CHARITY,1010130289,34789.2,Research programs (capital R&D outsourced),SP1 2AP,CUSTOMER,Sub-£50k,NE163979,Expense,GB773869763
DE,NATURAL ENGLAND,28/03/2025,EXP - PURCHASE OF GOODS/SERVICES - RESEARCH & DEVELOPMENT - OTHER OUTSOURCED,"SGA LANDSCAPE, PEAT & SPECIES",SHROPSHIRE HILLS AONB SHROPSHIRE COUNCIL,1010130300,25334.25,Environmental Services-Land surveying and monitoring,SY7 9BZ,SUPPLIER,C16274,NE163925,Expense,GB 16234 7472
DE,NATURAL ENGLAND,28/03/2025,PPE - PLANT & MACHINERY (OWNED) - COST - ADDITIONS,NNR SERVICES TEAM,ACE ATV LTD,1010130273,28764,Agriculture and Construction Plant and Vehicle Purchase,B604HB,SUPPLIER,SUB-£50k,NE161410,Asset,
DE,EA,19/03/2025,EXP - CAPITAL GRANTS TO LOCAL GOVERNMENT - FCRIP GRANTS,EA FCRM Dir-SNA-Mgt,SLOUGH BOROUGH COUNCIL,119895,756267,GRANTS - PROJECTS,SL1 3UF,SUPPLIER,,ENV0004340C,Expense,GB 209 222 982
DE,EA,13/03/2025,EXP EU CAPITAL GRANTS TO PTE SECTOR - PERS & NON PROFIT INSTIT'NS SERVING H'HOLD - CWEIY,EA E and B-CS-Research,RESISTOMAP,151541,25860,EU Capital Grants,00510,SUPPLIER,,ENV0005529C,Expense,
DE,EA,24/03/2025,PPE - POA & AUC (OWNED) - COST - O/BAL,EA Ops-RMC-Monitoring-Survey-AirContracts,AERODYNE RESEARCH INC,151549,184743.56,TANGIBLE NBV,MA 01821,SUPPLIER,,ENV0000635C,Asset,
DE,EA,25/03/2025,EXP - PURCHASE OF GOODS/SERVICES - CONSULTANCY - TECHNICAL,EA Ops-IM&R-DigiS-Situation Awareness,DELTARES,151551,44140,FEES AND COMMISSIONS,.,SUPPLIER,,,Expense,NL800097476B01
DE,EA,25/03/2025,EXP - PURCHASE OF GOODS/SERVICES - ICT OUTSOURCING & MAINT/SUPPORT,EA Ops-IM&R-DigiS-Integrated Services,DELTARES,151552,27106.58,FEES AND COMMISSIONS,.,SUPPLIER,,ENV0004280R,Expense,NL800097476B01
DE,EA,03/03/2025,EXP EU CAPITAL GRANTS TO PTE SECTOR - PERS & NON PROFIT INSTIT'NS SERVING H'HOLD - CWEIY,EA Ops-WMD-Mgt,COVENTRY CITY COUNCIL,1001592375,50000,EU Capital Grants,CV1 5RQ,THIRD PARTY,,ENV0004283C,Expense,273 4227 63
DE,EA,03/03/2025,EXP EU CAPITAL GRANTS TO PTE SECTOR - PERS & NON PROFIT INSTIT'NS SERVING H'HOLD - CWEIY,EA FCRM Dir-MPPD-CAFM-Centre of Excellence,JACOBS UK LTD,1001592377,84888.49,EU Capital Grants,SE1 2QG,CIS SUPPLIER,,ENV0003664C,Expense,GB624298920
DE,EA,03/03/2025,EXP EU CAPITAL GRANTS TO PTE SECTOR - PERS & NON PROFIT INSTIT'NS SERVING H'HOLD - CWEIY,EA Ops-LNA-Mgt,OVE ARUP & PARTNERS LTD,1001592378,159937.15,EU Capital Grants,NE1 3PL,SUPPLIER,,ENV0002630C,Expense,GB524461265
DE,EA,03/03/2025,EXP EU CAPITAL GRANTS TO PTE SECTOR - PERS & NON PROFIT INSTIT'NS SERVING H'HOLD - CWEIY,EA Ops-EMD-Mgt,NOTTINGHAMSHIRE WILDLIFE TRUST,1001592382,76620,EU Capital Grants,NG1 1EA,SUPPLIER,,ENVIMMI000642,Expense,237170125
DE,EA,03/03/2025,EXP - PURCHASE OF GOODS/SERVICES - CONSULTANCY - TECHNICAL,EA Ops-IM&R-DigiS-Integrated Services,CACI LTD,1001592392,33154.03,FEES AND COMMISSIONS,BS1 6PL,SUPPLIER,,ENVFCPIM000972B00R,Expense,38 060 9841
DE,EA,03/03/2025,PPE - POA & AUC (OWNED) - COST - O/BAL,EA Ops-RMC-Monitoring-Labs-Mgt,LECO INSTRUMENTS UK LTD,1001592412,29999.99,TANGIBLE NBV,SK7 5ER,SUPPLIER,,ENVWLB00471C,Asset,
DE,EA,03/03/2025,PPE - POA & AUC (OWNED) - COST - O/BAL,EA Ops-HNL-Mgt,LONDON BOROUGH OF RICHMOND UPON THAMES,1001592420,75000,TANGIBLE NBV,TW1 3BZ,THIRD PARTY,,ENV0006220C,Asset,222806976
DE,EA,03/03/2025,EXP EU CAPITAL GRANTS TO PTE SECTOR - PERS & NON PROFIT INSTIT'NS SERVING H'HOLD - CWEIY,EA Ops-GMC-Mgt,AECOM INFRASTRUCTURE & ENVIRONMENT UK LTD,1001592435,30585.58,EU Capital Grants,SW19 4DR,SUPPLIER,,ENV0004518C,Expense,611 853162
DE,EA,03/03/2025,EXP EU CAPITAL GRANTS TO PTE SECTOR - PERS & NON PROFIT INSTIT'NS SERVING H'HOLD - CWEIY,EA Ops-LNA-Mgt,EAST MERCIA RIVERS TRUST,1001592488,44000,EU Capital Grants,LE79XE,SUPPLIER,,ENV0006163C,Expense,
DE,EA,03/03/2025,PPE - POA & AUC (OWNED) - COST - O/BAL,EA Ops-WMD-Mgt,RAB CONSULTANTS LTD.,1001592502,27200.7,TANGIBLE NBV,WS13 7AA,SUPPLIER,,ENV0006004C,Asset,
DE,EA,03/03/2025,Exp - Purchase Of Goods/Services - Consultancy,EA FCRM Dir-MPPD-CAFM-Commercial Services,ARCADIS CONSULTING UK LTD,1001592505,37151.06,FEES AND COMMISSIONS,EC3M 4BY,SUPPLIER,,,Expense,GB 8727 99950
DE,EA,03/03/2025,PPE - POA & AUC (OWNED) - COST - O/BAL,EA FCRM Dir-PMA-Improvements Digital & Skills,DXB PUMP & POWER LTD,1001592576,366731.46,TANGIBLE NBV,IP30 9HR,SUPPLIER,,ENVFCPAM00388B00C,Asset,GB256338980
DE,EA,03/03/2025,EXP EU CAPITAL GRANTS TO PTE SECTOR - PERS & NON PROFIT INSTIT'NS SERVING H'HOLD - CWEIY,EA Ops-CLA-Mgt,DERWENT OWNERS ASSOCIATION,1001592586,34965.24,EU Capital Grants,CA13 0GW,SUPPLIER,,ENV0003860C,Expense,
DE,EA,03/03/2025,EXP - PURCHASE OF GOODS/SERVICES - CONSULTANCY - TECHNICAL,EA Ops-KSL-Mgt,ARCADIS CONSULTING UK LTD,1001592588,62996.92,FEES AND COMMISSIONS,M60 3NT,SUPPLIER,,ENV7005105R,Expense,GB 8727 99950
DE,EA,03/03/2025,Exp - Purchase Of Goods/Services - Contractors,EA Ops-THM-Waterways-Mgt,RED7 INSHORE LTD,1001592589,45003,FEES AND COMMISSIONS,NR20 3DU,SUPPLIER,,ENVRESE000423,Expense,
DE,EA,03/03/2025,PPE - POA & AUC (OWNED) - COST - O/BAL,EA E and B-CS-EAE-Mgt,WSP UK LTD,1001592604,28715.45,TANGIBLE NBV,WC2A 1AF,CIS SUPPLIER,C26324,ENV0005015C,Asset,GB 905 0549 42
DE,EA,03/03/2025,Exp - Purchase Of Goods/Services - Consultancy,EA FCRM Dir-MPPD-PCM-East,AECOM LTD,1001592629,176652.25,FEES AND COMMISSIONS,E1 8FA,SUPPLIER,,,Expense,611853162
DE,EA,03/03/2025,Exp - Purchase Of Goods/Services - Consultancy,EA FCRM Dir-MPPD-CAFM-Commercial Services,MOTT MACDONALD LTD,1001592632,139593.94,FEES AND COMMISSIONS,CR0 2EE,SUPPLIER,,,Expense,GB 523765636
DE,EA,03/03/2025,Exp - Purchase Of Goods/Services - Consultancy,EA FCRM Dir-MPPD-PCM-East,TURNER & TOWNSEND PROJECT MANAGEMENT LTD,1001592633,323494.88,FEES AND COMMISSIONS,LS18 4GH,SUPPLIER,,,Expense,764244132
DE,EA,03/03/2025,Exp - Purchase Of Goods/Services - Consultancy,EA FCRM Dir-MPPD-PCM-NE,WSP UK LTD,1001592652,90064.86,FEES AND COMMISSIONS,WC2A 1AF,CIS SUPPLIER,,,Expense,GB 905 0549 42
DE,EA,03/03/2025,EXP - PURCHASE OF GOODS/SERVICES - CONSULTANCY - ADVISORY,EA Ops-COO-SFSO-Innovation Funding and Investment,ICF CONSULTING SERVICES LTD,1001592659,26848.85,FEES AND COMMISSIONS,EC4R 1BE,SUPPLIER,,ENV6005585R,Expense,927 4872 86
DE,EA,03/03/2025,Exp - Purchase Of Goods/Services - Contractors,EA Ops-EAN-FCRM OPS East-Asset Perf,BREHENY CIVIL ENGINEERING LTD,1001592675,163723.6,FEES AND COMMISSIONS,IP6 8NH,CIS SUPPLIER,,ENV7005860R,Expense,GB 787425388
DE,EA,03/03/2025,Exp - Purchase Of Goods/Services - Contractors,EA Ops-YOR-FCRM OPS WY-Field Lower Aire,LOWTHER FORESTRY GROUP LTD,1001592678,146898.49,FEES AND COMMISSIONS,CA10 2HH,CIS SUPPLIER,,ENV6007262R,Expense,GB698065485
DE,EA,03/03/2025,EXP EU CAPITAL GRANTS TO PTE SECTOR - PERS & NON PROFIT INSTIT'NS SERVING H'HOLD - CWEIY,EA Ops-SSD-Mgt,VOLKERSTEVIN INFRASTRUCTURE LTD,1001592682,387196.52,EU Capital Grants,EN11 9BX,CIS SUPPLIER,,ENV0002418C,Expense,GB424894330
DE,EA,03/03/2025,EXP EU CAPITAL GRANTS TO PTE SECTOR - PERS & NON PROFIT INSTIT'NS SERVING H'HOLD - CWEIY,EA Ops-LNA-Mgt,JACKSON CIVIL ENGINEERING GROUP LTD.,1001592684,348878.2,EU Capital Grants,IP1 5LT,CIS SUPPLIER,,ENVIMAN001295,Expense,GB 904443249
DE,EA,03/03/2025,EXP EU CAPITAL GRANTS TO PTE SECTOR - PERS & NON PROFIT INSTIT'NS SERVING H'HOLD - CWEIY,EA Ops-YOR-Mgt,RSPB,1001592691,33000,EU Capital Grants,SG19 2DL,SUPPLIER,,ENVIMNE790551,Expense,GB365969589
DE,EA,03/03/2025,EXP - PURCHASE OF GOODS/SERVICES - CONSULTANCY - TECHNICAL,EA Ops-KSL-FCRM OPS East Kent-Mgt,VAN OORD UK LTD,1001592694,28920.22,FEES AND COMMISSIONS,BN5 9XQ,CIS SUPPLIER,,ENV6004785R,Expense,426932245
DE,EA,03/03/2025,Exp - Purchase Of Goods/Services - Contractors,EA Ops-KSL-FCRM-Mgt,DELOITTE LLP,1001592695,119580,FEES AND COMMISSIONS,MK9 2HG,SUPPLIER,,ENV7003111R,Expense,GB809707706
DE,EA,03/03/2025,EXP EU CAPITAL GRANTS TO PTE SECTOR - PERS & NON PROFIT INSTIT'NS SERVING H'HOLD - CWEIY,EA Ops-WSX-Mgt,ARCADIS LLP,1001592700,31829.52,EU Capital Grants,N1 9AD,SUPPLIER,,ENVIMSW002194,Expense,872799950
DE,EA,04/03/2025,EXP EU CAPITAL GRANTS TO PTE SECTOR - PERS & NON PROFIT INSTIT'NS SERVING H'HOLD - CWEIY,EA Ops-CLA-Mgt,JACOBS UK LTD,1001592710,348822.93,EU Capital Grants,SE1 2QG,CIS SUPPLIER,,ENV0000489C,Expense,GB624298920
DE,EA,04/03/2025,PPE - POA & AUC (OWNED) - COST - O/BAL,EA Ops-LNA-Mgt,OVE ARUP & PARTNERS LTD,1001592711,125445.12,TANGIBLE NBV,NE1 3PL,SUPPLIER,,ENV0002694C,Asset,GB524461265
DE,EA,04/03/2025,EXP - PURCHASE OF GOODS/SERVICES - CONSULTANCY - NON ADVISORY,EA Ops-HNL-EPE-Environment Programme,LONDON BOROUGH OF ENFIELD,1001592720,63093,FEES AND COMMISSIONS,EN1 3XY,SUPPLIER,,ENV6007268R,Expense,
DE,EA,04/03/2025,PPE - POA & AUC (OWNED) - COST - O/BAL,EA Ops-WMD-Mgt,JACKSON CIVIL ENGINEERING GROUP LTD.,1001592737,145227.64,TANGIBLE NBV,IP1 5LT,CIS SUPPLIER,,ENV0003384C,Asset,GB 904443249
DE,EA,04/03/2025,EXP - PURCHASE OF GOODS/SERVICES - CONSULTANCY - TECHNICAL,EA Ops-KSL-FCRM-Mgt,JEREMY BENN ASSOCIATES LTD,1001592738,122853.07,FEES AND COMMISSIONS,BD23 3AE,SUPPLIER,,ENV6004202R,Expense,665 3009 41
DE,EA,04/03/2025,EXP - PURCHASE OF GOODS/SERVICES - OTHER - CONSUMABLES (LABS ONLY),EA Ops-RMC-Monitoring-Instruments&Systems-Comm,XYLEM WATER SOLUTIONS UK LTD,1001592739,97668,OTHER COSTS,NG4 2AN,SUPPLIER,,,Expense,GB116758064
DE,EA,04/03/2025,Exp - Purchase Of Goods/Services - Contractors,EA Ops-KSL-FCRM OPS SLN & WK-Field Mole,ECS ENGINEERING SERVICES LTD,1001592748,41058,FEES AND COMMISSIONS,NG17 2JW,CIS SUPPLIER,,ENV6004363R,Expense,646710631
DE,EA,04/03/2025,EXP - PURCHASE OF GOODS/SERVICES - OTHER - GRANTS AND CONTRIBUTIONS,EA FCRM Dir-PMA-Portfolio Management Office,WYRE RIVERS TRUST,1001592762,109282.28,OTHER COSTS,PR9 9NL,CHARITY,,ENV6005726R,Expense,
DE,EA,04/03/2025,EXP EU CAPITAL GRANTS TO PTE SECTOR - PERS & NON PROFIT INSTIT'NS SERVING H'HOLD - CWEIY,EA Ops-THM-Mgt,BAM NUTTALL LTD,1001592764,83056.9,EU Capital Grants,GU15 3XW,CIS SUPPLIER,,ENV0004168C,Expense,GB340316204
DE,EA,04/03/2025,EXP EU CAPITAL GRANTS TO PTE SECTOR - PERS & NON PROFIT INSTIT'NS SERVING H'HOLD - CWEIY,EA Ops-COO-SFSO-Innovation Funding and Investment,ADAS,1001592859,48782.4,EU Capital Grants,WA6 0AR,SUPPLIER,,ENV0004595C,Expense,
DE,EA,04/03/2025,Exp - Purchase Of Goods/Services - Contractors,EA Ops-WSX-FCRM-Mgt,KIER INTERGRATED SERVICES LTD,1001592871,25389.55,FEES AND COMMISSIONS,SG19 2BD,SUPPLIER,,ENVRESW001353,Expense,1055 40018
DE,EA,04/03/2025,"EXP - PURCHASE OF GOODS/SERVICES - OTHER - V&P, BOATS & AIRCRAFT - HIRE",EA Ops-COO-SFSO-DGFS-Mgt,ENTERPRISE RENT A CAR,1001592944,33250.89,TRANSPORT & PLANT,BS99 7PP,SUPPLIER,,ENVHORES00187,Expense,215557314
DE,EA,04/03/2025,Exp - Purchase Of Goods/Services - Contractors,EA E and B-Water-WR-Mgt,WSP ENVIRONMENT & INFRASTRUCTURE SOLUTIONS UK LIMITED,1001592947,28573.9,FEES AND COMMISSIONS,WC2A 1AF,SUPPLIER,,ENVWLB00281R,Expense,
DE,EA,04/03/2025,EXP - PURCHASE OF GOODS/SERVICES - OTHER - GRANTS AND CONTRIBUTIONS,EA FCRM Dir-PMA-Portfolio Management Office,UPPER AXE CIC,1001592950,25644.25,OTHER COSTS,TA20 4PA,SUPPLIER,,ENV6005726R,Expense,
DE,EA,04/03/2025,Exp - Purchase Of Goods/Services - Contractors,EA Ops-WSX-FCRM OPS South-Field Avon & Stour,LAND & WATER SERVICES LTD,1001592977,26637.89,FEES AND COMMISSIONS,GU4 8RU,CIS SUPPLIER,,ENV6004269R,Expense,GB880055431
DE,EA,04/03/2025,Exp - Purchase Of Goods/Services - Consultancy,EA FCRM Dir-MPPD-PCM-NE,MOTT MACDONALD LTD,1001592998,154993.62,FEES AND COMMISSIONS,CR0 2EE,SUPPLIER,,,Expense,GB 523765636
DE,EA,04/03/2025,EXP EU CAPITAL GRANTS TO PTE SECTOR - PERS & NON PROFIT INSTIT'NS SERVING H'HOLD - CWEIY,EA Ops-WSX-Mgt,M3 GLOBAL FLOOD TECHNOLOGIES LTD,1001593027,67790.85,EU Capital Grants,WR9 0NX,SUPPLIER,,ENVIMSW002064,Expense,
DE,EA,04/03/2025,Exp - Purchase Of Goods/Services - Consultancy,EA FCRM Dir-MPPD-PCM-East,ARCADIS CONSULTING UK LTD,1001593030,224884.13,FEES AND COMMISSIONS,EC3M 4BY,SUPPLIER,,,Expense,GB 8727 99950
DE,EA,04/03/2025,PPE - POA & AUC (OWNED) - COST - O/BAL,EA Ops-THM-Mgt,BAM NUTTALL LTD,1001593037,207835.69,TANGIBLE NBV,GU15 3XW,CIS SUPPLIER,,ENV0002993C,Asset,GB340316204
DE,EA,04/03/2025,Exp - Purchase Of Goods/Services - Contractors,EA Ops-LNA-FCRM OPS Supra Area MEICA-Mgt,ECS ENGINEERING SERVICES LIMITED,1001593050,122389.22,FEES AND COMMISSIONS,NG17 2JZ,SUPPLIER,,ENV6007251R,Expense,
DE,EA,04/03/2025,Exp - Purchase Of Goods/Services - Consultancy,EA FCRM Dir-MPPD-PCM-Mids,ARCADIS CONSULTING UK LTD,1001593109,70578.09,FEES AND COMMISSIONS,M60 3NT,SUPPLIER,,,Expense,GB 8727 99950
DE,EA,05/03/2025,EXP - PURCHASE OF GOODS/SERVICES - OTHER - INSURANCE PREMIUMS,EA Ops-COO-SSO-DGFS-Holding Account,AVIVA INSURANCE LTD,1001593139,220303.19,INSURANCE,NR1 3GG,SUPPLIER,,,Expense,105 437 300
DE,EA,05/03/2025,Exp - Purchase Of Goods/Services - Contractors,EA Ops-EMD-FCRM OPS North-Field Askham,GROUND CONTROL LTD,1001593169,30596.66,FEES AND COMMISSIONS,CM12 0EQ,CIS SUPPLIER,,ENV6003426R,Expense,GB406427959
DE,EA,05/03/2025,EXP - PURCHASE OF GOODS/SERVICES - CONSULTANCY - TECHNICAL,EA FCRM Dir-MPPD-PCM-East,ARCADIS CONSULTING UK LTD,1001593182,112252.11,FEES AND COMMISSIONS,EC3M 4BY,SUPPLIER,,ENV6007365R,Expense,GB 8727 99950
DE,EA,05/03/2025,EXP - PURCHASE OF GOODS/SERVICES - CONSULTANCY - TECHNICAL,EA FCRM Dir-PMA-Improvements Digital & Skills,MOTT MACDONALD LTD,1001593251,82758.94,FEES AND COMMISSIONS,CR0 2EE,SUPPLIER,,ENVFCPNZ00239B00R,Expense,GB 523765636
DE,EA,05/03/2025,EXP EU CAPITAL GRANTS TO PTE SECTOR - PERS & NON PROFIT INSTIT'NS SERVING H'HOLD - CWEIY,EA Ops-KSL-Mgt,JT MACKLEY & CO LTD,1001593283,246791.48,EU Capital Grants,BN5 9XQ,CIS SUPPLIER,,ENV0005182C,Expense,GB315857150
DE,EA,05/03/2025,EXP EU CAPITAL GRANTS TO PTE SECTOR - PERS & NON PROFIT INSTIT'NS SERVING H'HOLD - CWEIY,EA Ops-THM-Mgt,WSP UK LTD,1001593306,41350.46,EU Capital Grants,WC2A 1AF,CIS SUPPLIER,,ENV0004359C,Expense,GB 905 0549 42
DE,EA,05/03/2025,EXP - PURCHASE OF GOODS/SERVICES - CONSULTANCY - TECHNICAL,EA Ops-KSL-Env Mgt SLN-Mgt,ARCADIS CONSULTING UK LTD,1001593329,155085.07,FEES AND COMMISSIONS,M60 3NT,SUPPLIER,,ENV6007301R,Expense,GB 8727 99950
DE,EA,05/03/2025,EXP EU CAPITAL GRANTS TO PTE SECTOR - PERS & NON PROFIT INSTIT'NS SERVING H'HOLD - CWEIY,EA Ops-CLA-Mgt,WYRE BOROUGH COUNCIL,1001593352,149739,EU Capital Grants,FY6 7PU,SUPPLIER,,ENV0006110C,Expense,
DE,EA,05/03/2025,PPE - POA & AUC (OWNED) - COST - O/BAL,EA Ops-KSL-Mgt,JEREMY BENN ASSOCIATES LTD,1001593393,65992.09,TANGIBLE NBV,BD23 3AE,SUPPLIER,,ENV0004363C,Asset,665 3009 41
DE,EA,05/03/2025,"EXP - PURCHASE OF GOODS/SERVICES - OTHER - V&P, BOATS & AIRCRAFT - HIRE",EA Ops-RMC-Monitoring-Survey,RVL AVIATION,1001593395,33861.6,TRANSPORT & PLANT,DE74 2SA,SUPPLIER,,ENVSCLI0001,Expense,
DE,EA,05/03/2025,PPE - POA & AUC (OWNED) - COST - O/BAL,EA Ops-COO-SFSO-DGFS-Mgt,BRIGGS EQUIPMENT UK LTD,1001593438,91347.15,TANGIBLE NBV,WS11 8XW,SUPPLIER,,ENV0006176C,Asset,890025926
DE,EA,05/03/2025,EXP - PURCHASE OF GOODS/SERVICES - CONSULTANCY - ADVISORY,EA Ops-COO-SFSO-Innovation Funding and Investment,EUNOMIA RESEARCH & CONSULTING LTD,1001593440,50599.5,FEES AND COMMISSIONS,BS1 4QS,SUPPLIER,,ENV6005370R,Expense,771922024
DE,EA,05/03/2025,EXP EU CAPITAL GRANTS TO PTE SECTOR - PERS & NON PROFIT INSTIT'NS SERVING H'HOLD - CWEIY,EA Ops-LNA-Mgt,OVE ARUP & PARTNERS LTD,1001593441,139197.27,EU Capital Grants,NE1 3PL,SUPPLIER,,ENVIMAN002955,Expense,GB524461265
DE,EA,05/03/2025,EXP - PURCHASE OF GOODS/SERVICES - OTHER PROFESSIONAL SERVICES,EA Ops-RMC-Monitoring-Survey-UKCFF,OCEANWISE LTD,1001593454,29703,FEES AND COMMISSIONS,GU32 9EP,SUPPLIER,,,Expense,989 7754 23
DE,EA,05/03/2025,EXP EU CAPITAL GRANTS TO PTE SECTOR - PERS & NON PROFIT INSTIT'NS SERVING H'HOLD - CWEIY,EA Ops-KSL-Mgt,ARCADIS CONSULTING UK LTD,1001593462,44130.04,EU Capital Grants,SW1P 1JA,SUPPLIER,,ENVIMSO001254,Expense,GB 8727 99950
DE,EA,05/03/2025,EXP EU CAPITAL GRANTS TO PTE SECTOR - PERS & NON PROFIT INSTIT'NS SERVING H'HOLD - CWEIY,EA Ops-NEA-Mgt,BAM NUTTALL LTD,1001593477,182365.3,EU Capital Grants,GU15 3XW,CIS SUPPLIER,,ENVIMNE640128,Expense,GB340316204
DE,EA,06/03/2025,EXP - PURCHASE OF GOODS/SERVICES - CONSULTANCY - TECHNICAL,EA Ops-KSL-FCRM-Mgt,ARCADIS CONSULTING UK LTD,1001593519,88149.65,FEES AND COMMISSIONS,M60 3NT,SUPPLIER,,ENVIMSE100382R,Expense,GB 8727 99950
DE,EA,06/03/2025,EXP EU CAPITAL GRANTS TO PTE SECTOR - PERS & NON PROFIT INSTIT'NS SERVING H'HOLD - CWEIY,EA Ops-THM-Mgt,JACOBS UK LTD,1001593528,47651.11,EU Capital Grants,RG1 8DQ,CIS SUPPLIER,,ENV0004670C,Expense,GB624298920
DE,EA,06/03/2025,EXP - PURCHASE OF GOODS/SERVICES - OTHER TRAINING,EA Ops-COO-SPP-Learning and Development,CALDERS CONFERENCE LTD,1001593553,41951.18,TRAINING,LS16 6RF,SUPPLIER,,ENVHOL&D00002,Expense,
DE,EA,06/03/2025,Exp - Purchase Of Goods/Services - Contractors,EA Ops-EAN-FCRM OPS West-Asset Perf,VEGETATION MANAGEMENT SERVICES LTD,1001593557,156326.56,FEES AND COMMISSIONS,NN8 4HB,CIS SUPPLIER,,ENV6007084R,Expense,GB434697464
DE,EA,06/03/2025,PPE - POA & AUC (OWNED) - COST - O/BAL,EA Ops-WMD-Mgt,AQUA-DOCK LTD,1001593566,26340,TANGIBLE NBV,GL20 8HT,SUPPLIER,,ENV0005818C,Asset,00939394865
DE,EA,06/03/2025,Exp - Purchase Of Goods/Services - Consultancy,EA FCRM Dir-MPPD-PCM-SW,ARCADIS CONSULTING UK LTD,1001593583,106727.09,FEES AND COMMISSIONS,EC3M 4BY,SUPPLIER,,,Expense,GB 8727 99950
DE,EA,06/03/2025,EXP EU CAPITAL GRANTS TO PTE SECTOR - PERS & NON PROFIT INSTIT'NS SERVING H'HOLD - CWEIY,EA E and B-CS-Research,NOTTINGHAM TRENT UNIVERSITY,1001593585,30000,EU Capital Grants,NG1 4FQ,Other Education,,ENV0005109C,Expense,GB277399933
DE,EA,06/03/2025,EXP EU CAPITAL GRANTS TO PTE SECTOR - PERS & NON PROFIT INSTIT'NS SERVING H'HOLD - CWEIY,EA Ops-EAN-Mgt,WAVENEY LOWER YARE & LOTHINGLAND IDB,1001593634,148387.2,EU Capital Grants,PE30 5DD,SUPPLIER,,ENV0006073C,Expense,
DE,EA,06/03/2025,EXP - PURCHASE OF GOODS/SERVICES - OTHER - EQUIPMENT - OPERATIONAL,EA FCRM Dir-AME-Asset Operations and Improvements,DXB PUMP & POWER LTD,1001593640,73346.29,OTHER COSTS,IP30 9HR,SUPPLIER,,ENV6001959R,Expense,GB256338980
DE,EA,06/03/2025,Exp - Purchase Of Goods/Services - Contractors,EA Ops-LNA-FCRM-Mgt,JACKSON CIVIL ENGINEERING GROUP LTD.,1001593683,57852.64,FEES AND COMMISSIONS,IP1 5LT,CIS SUPPLIER,,ENV6000903R,Expense,GB 904443249
DE,EA,06/03/2025,Exp - Purchase Of Goods/Services - Consultancy,EA FCRM Dir-MPPD-PCM-SW,TURNER & TOWNSEND PROJECT MANAGEMENT LTD,1001593724,134960.59,FEES AND COMMISSIONS,LS18 4GH,SUPPLIER,,,Expense,764244132
DE,EA,06/03/2025,EXP EU CAPITAL GRANTS TO PTE SECTOR - PERS & NON PROFIT INSTIT'NS SERVING H'HOLD - CWEIY,EA Ops-WSX-Mgt,WSP UK LTD,1001593725,88034.31,EU Capital Grants,WC2A 1AF,CIS SUPPLIER,,ENV0003104C,Expense,GB 905 0549 42
DE,EA,06/03/2025,EXP EU CAPITAL GRANTS TO PTE SECTOR - PERS & NON PROFIT INSTIT'NS SERVING H'HOLD - CWEIY,EA Ops-WMD-Mgt,STAFFORDSHIRE WILDLIFE TRUST,1001593731,650000,EU Capital Grants,ST17 0WT,Access to Work,,ENV0004432C,Expense,
DE,EA,06/03/2025,EXP EU CAPITAL GRANTS TO PTE SECTOR - PERS & NON PROFIT INSTIT'NS SERVING H'HOLD - CWEIY,EA Ops-WSX-Mgt,WILTSHIRE WILDLIFE TRUST,1001593752,60000,EU Capital Grants,SN10 1NH,SUPPLIER,,ENV0004980C,Expense,GB927205139
DE,EA,06/03/2025,Exp - Purchase Of Goods/Services - Contractors,EA Ops-KSL-Mgt,CANTERBURY CITY COUNCIL,1001593754,35669.88,FEES AND COMMISSIONS,CT1 1YW,SUPPLIER,,ENV7004681R,Expense,
DE,EA,06/03/2025,PPE - POA & AUC (OWNED) - COST - O/BAL,EA Ops-DCS-Mgt,ATKINSRÉALIS UK LTD,1001593773,208797.99,TANGIBLE NBV,KT18 5BW,CIS SUPPLIER,,ENV0002504C,Asset,20986 1253
DE,EA,06/03/2025,EXP EU CAPITAL GRANTS TO PTE SECTOR - PERS & NON PROFIT INSTIT'NS SERVING H'HOLD - CWEIY,EA Ops-DCS-Mgt,JACOBS UK LTD,1001593798,213493.36,EU Capital Grants,SE1 2QG,CIS SUPPLIER,,ENVIMSW002045,Expense,GB624298920
DE,EA,06/03/2025,EXP EU CAPITAL GRANTS TO PTE SECTOR - PERS & NON PROFIT INSTIT'NS SERVING H'HOLD - CWEIY,EA Ops-LNA-Mgt,OVE ARUP & PARTNERS LTD,1001593799,76841.61,EU Capital Grants,NE1 3PL,SUPPLIER,,ENV0002695C,Expense,GB524461265
DE,EA,06/03/2025,EXP - PURCHASE OF GOODS/SERVICES - OTHER - POLLUTION - CLEAN UP MATERIALS,EA Ops-RMC-Monitoring-Labs-Starcross Operational,VWR INTERNATIONAL LTD,1001593822,150821.3,OTHER COSTS,LE17 4XN,SUPPLIER,,,Expense,
DE,EA,06/03/2025,EXP EU CAPITAL GRANTS TO PTE SECTOR - PERS & NON PROFIT INSTIT'NS SERVING H'HOLD - CWEIY,EA E and B-CS-EAE-NCEA,LEICA MICROSYTEMS UK LTD,1001593845,48563.4,EU Capital Grants,MK14 6FG,Company,,ENVWLB00584C,Expense,
DE,EA,06/03/2025,PPE - POA & AUC (OWNED) - COST - O/BAL,EA Ops-RMC-Monitoring-Survey-AirContracts,ENVIRO TECHNOLOGY SERVICES,1001593847,38017.87,TANGIBLE NBV,GL5 2BY,SUPPLIER,,ENV0003684C,Asset,
DE,EA,06/03/2025,EXP EU CAPITAL GRANTS TO PTE SECTOR - PERS & NON PROFIT INSTIT'NS SERVING H'HOLD - CWEIY,EA Ops-WMD-Mgt,JACKSONHYDER LTD,1001593855,83211.87,EU Capital Grants,IP1 5LT,Company,,ENVIMMI001309,Expense,172 0940 22
DE,EA,06/03/2025,Exp - Purchase Of Goods/Services - Contractors,EA Ops-EMD-FCRM OPS Supra Area MEICA-Mgt,ECS ENGINEERING SERVICES LTD,1001593864,197672.78,FEES AND COMMISSIONS,NG172JZ,CIS SUPPLIER,,ENV6007250R,Expense,646710631
DE,EA,07/03/2025,EXP - PURCHASE OF GOODS/SERVICES - CONSULTANCY - TECHNICAL,EA E and B-Water-WR-Strategic Management,NORFOLK RIVERS ECOLOGY LTD,1001593928,29788.5,FEES AND COMMISSIONS,NR25 7DZ,SUPPLIER,,ENVWLB00619R,Expense,
DE,EA,07/03/2025,EXP EU CAPITAL GRANTS TO PTE SECTOR - PERS & NON PROFIT INSTIT'NS SERVING H'HOLD - CWEIY,EA Ops-GMC-Mgt,AECOM LTD,1001593934,71174.33,EU Capital Grants,E1 8FA,SUPPLIER,,ENVIMNW000840,Expense,611853162
DE,EA,07/03/2025,Exp - Purchase Of Goods/Services - Consultancy,EA FCRM Dir-MPPD-PCM-East,MOTT MACDONALD LTD,1001593936,94089.87,FEES AND COMMISSIONS,CR0 2EE,SUPPLIER,,,Expense,GB 523765636
DE,EA,07/03/2025,EXP EU CAPITAL GRANTS TO PTE SECTOR - PERS & NON PROFIT INSTIT'NS SERVING H'HOLD - CWEIY,EA Ops-SSD-Mgt,VOLKERSTEVIN INFRASTRUCTURE LTD,1001593939,26031.52,EU Capital Grants,EN11 9BX,CIS SUPPLIER,,ENV0002750C,Expense,GB424894330
DE,EA,07/03/2025,"EXP - PURCHASE OF GOODS/SERVICES - OTHER - V&P, BOATS & AIRCRAFT - HIRE",EA Ops-COO-SFSO-DGFS-Mgt,NOVUNA VEHICLE SOLUTIONS,1001593942,236650.1,TRANSPORT & PLANT,RG14 2NU,SUPPLIER,,ENVHORES00187,Expense,GB 823824822
DE,EA,07/03/2025,EXP - PURCHASE OF GOODS/SERVICES - CONSULTANCY - TECHNICAL,EA E and B-CS-EAE-Mgt,UNIVERSITY OF YORK,1001593943,26280,FEES AND COMMISSIONS,YO10 5NH,CUSTOMER,,ENVHOEV111201,Expense,647205541
DE,EA,07/03/2025,EXP - PURCHASE OF GOODS/SERVICES - HEALTH & SAFETY TRAINING,EA Ops-COO-SPP-Learning and Development,ST JOHN AMBULANCE,1001593961,27631.2,TRAINING,EC1M 4BU,SUPPLIER,,ENVHOL&D00002,Expense,GB564553916
DE,EA,07/03/2025,EXP - PURCHASE OF GOODS/SERVICES - OTHER PROFESSIONAL SERVICES,EA FCRM Dir-MPPD-PCM-East,JEREMY BENN ASSOCIATES LTD,1001593963,43664.16,FEES AND COMMISSIONS,BD23 3AE,SUPPLIER,,,Expense,665 3009 41
DE,EA,07/03/2025,EXP - SHORT-TERM CONTRACT & AGENCY STAFF - FULL COST,EA FINANCE-CORP FINANCE-FIN CONTROL,ALEXANDER MANN SOLUTIONS LTD-2WM,1001593974,357983.94,AGENCY STAFF,EC2N 3AQ,SUPPLIER,,,Expense,744492612
DE,EA,07/03/2025,"EXP - PURCHASE OF GOODS/SERVICES - OTHER - V&P, BOATS & AIRCRAFT - HIRE",EA Ops-RMC-Monitoring-Survey,RVL AVIATION,1001593980,47293.06,TRANSPORT & PLANT,DE74 2SA,SUPPLIER,,ENVSCLI0001,Expense,
DE,EA,07/03/2025,EXP - PURCHASE OF GOODS/SERVICES - OTHER PROFESSIONAL SERVICES,EA Ops-KSL-FCRM-Programme,RSPB,1001593981,65262,FEES AND COMMISSIONS,SG19 2DL,SUPPLIER,,,Expense,GB365969589
DE,EA,07/03/2025,EXP EU CAPITAL GRANTS TO PTE SECTOR - PERS & NON PROFIT INSTIT'NS SERVING H'HOLD - CWEIY,EA E and B-CS-EAE-Mgt,THERMO FISHER SCIENTIFIC,1001593997,97717.58,EU Capital Grants,HP2 7GE,CIS SUPPLIER,,ENV0004085C,Expense,811649375
DE,EA,07/03/2025,EXP - PURCHASE OF GOODS/SERVICES - CONSULTANCY - NON ADVISORY,EA E and B-ER-CC&M-Chemicals Prog Delivery,UNIVERSITY OF EXETER,1001593998,133109.76,FEES AND COMMISSIONS,EX4 4QJ,THIRD PARTY,,ENV7004824R,Expense,GB142047795
DE,EA,07/03/2025,EXP CAPITAL GRANTS TO PTE SECTOR - PARTNERSHIP GRANTS,EA Ops-DCS-Mgt,NORTH DEVON BIOSPHERE FOUNDATION LTD,1001594007,50566.14,GRANTS - PROJECTS,EX39 5HE,3RD SECTOR SUPPLIER,,ENV0004290C,Expense,
DE,EA,07/03/2025,EXP - PURCHASE OF GOODS/SERVICES - VEHICLE MAINTENANCE,EA Ops-COO-SSO-DGFS-Holding Account,PLYMOUTH MARINE LTD,1001594011,75938.29,TRANSPORT & PLANT,PL9 7HP,SUPPLIER,,,Expense,856027618
DE,EA,07/03/2025,EXP - PURCHASE OF GOODS/SERVICES - CONSULTANCY - TECHNICAL,EA Ops-KSL-FCRM-Mgt,VAN OORD UK LTD,1001594016,27319.56,FEES AND COMMISSIONS,BN5 9XQ,CIS SUPPLIER,,ENVIMSO001088R,Expense,426932245
DE,EA,07/03/2025,EXP - SHORT-TERM CONTRACT & AGENCY STAFF - FULL COST,EA Ops-YOR-FCRM OPS NY-Field Swale Ure & Nidd,SWALE & URE DRAINAGE BOARD,1001594018,80000,AGENCY STAFF,HG5 0HG,SUPPLIER,,ENV6006557R,Expense,
DE,EA,07/03/2025,EXP - CURRENT GRANTS TO PRIVATE SECTOR - PARTNERSHIP GRANTS,EA Ops-EMD-EPE-Environment Programme,WILD TROUT TRUST,1001594019,26338.47,OTHER COSTS,PO8 0WZ,SUPPLIER,,ENV6007225R,Expense,
DE,EA,07/03/2025,EXP EU CAPITAL GRANTS TO PTE SECTOR - PERS & NON PROFIT INSTIT'NS SERVING H'HOLD - CWEIY,EA E and B-ER-CC&M-Chemicals Reg Development,JACOBS UK LTD,1001594034,34015.8,EU Capital Grants,G2 7HX,CIS SUPPLIER,,ENV0004800C,Expense,GB624298920
DE,EA,07/03/2025,EXP - PURCHASE OF GOODS/SERVICES - SUPPORT - CIS CAPGEMINI CONTRACT,EA FINANCE-CIS-MGT,CAPGEMINI UK PLC,1001594038,2777642.24,FEES AND COMMISSIONS,GU21 6DB,THIRD PARTY,,ENVCIS111925R,Expense,GB232441107
DE,EA,07/03/2025,EXP CAPITAL GRANTS TO PTE SECTOR - PARTNERSHIP GRANTS,EA Ops-KSL-Mgt,SOUTH EAST RIVERS TRUST,1001594047,32500,GRANTS - PROJECTS,SM5 2JG,SUPPLIER,,ENV0005538C,Expense,
DE,EA,07/03/2025,EXP - PURCHASE OF GOODS/SERVICES - OFFICE RELATED - COURIER COSTS,EA Ops-RMC-Monitoring-Labs-Mgt,DELIVERY DIRECT LOGISTICS LTD,1001594050,33113.99,OTHER COSTS,TA1 2PX,SUPPLIER,,,Expense,826311940
DE,EA,07/03/2025,EXP - PURCHASE OF GOODS/SERVICES - VEHICLE MAINTENANCE,EA Ops-COO-SSO-DGFS-Holding Account,BRIGGS EQUIPMENT UK LTD,1001594059,417773.86,TRANSPORT & PLANT,WS11 8XW,SUPPLIER,,,Expense,890025926
DE,EA,07/03/2025,EXP EU CAPITAL GRANTS TO PTE SECTOR - PERS & NON PROFIT INSTIT'NS SERVING H'HOLD - CWEIY,EA E and B-CS-Research,JACOBS UK LTD,1001594061,72017.67,EU Capital Grants,SE1 2QG,CIS SUPPLIER,,ENV0005030C,Expense,GB624298920
DE,EA,07/03/2025,EXP CAPITAL GRANTS TO PTE SECTOR - PARTNERSHIP GRANTS,EA Ops-DCS-Mgt,DEVON WILDLIFE TRUST,1001594063,101268.35,GRANTS - PROJECTS,EX2 4AB,SUPPLIER,,ENV0004100C,Expense,585473501
DE,EA,07/03/2025,EXP CAPITAL GRANTS TO PTE SECTOR - PARTNERSHIP GRANTS,EA Ops-THM-Mgt,ACTION FOR THE RIVER KENNET,1001594105,30000,GRANTS - PROJECTS,SN8 2BG,CHARITY,,ENV0006240C,Expense,
DE,EA,07/03/2025,EXP - PURCHASE OF GOODS/SERVICES - OTHER,EA Ops-COO-SSO-DGFS-Holding Account,BRIGGS MARINE CONTRACTORS LTD,1001594106,353795.35,OTHER COSTS,KY3 9AX,SUPPLIER,,,Expense,
DE,EA,07/03/2025,EXP EU CAPITAL GRANTS TO PTE SECTOR - PERS & NON PROFIT INSTIT'NS SERVING H'HOLD - CWEIY,EA Ops-EAN-Mgt,FAIRFIELD CONTROL SYSTEMS LTD,1001594126,62836.75,EU Capital Grants,DN22 7WF,CIS SUPPLIER,,ENV0004895C,Expense,GB458138724
DE,EA,07/03/2025,Exp - Purchase Of Goods/Services - Contractors,EA Ops-WC-Mgt,AMALGAMATED CONSTRUCTION LTD,1001594127,44800.96,FEES AND COMMISSIONS,LS15 8ZB,CIS SUPPLIER,,ENV6007083R,Expense,GB927150433
DE,EA,07/03/2025,PPE - POA & AUC (OWNED) - COST - O/BAL,EA Ops-WSX-Mgt,NIVUS LTD,1001594143,50454,TANGIBLE NBV,CV32 7UJ,SUPPLIER,,ENV0006035C,Asset,
DE,EA,07/03/2025,EXP EU CAPITAL GRANTS TO PTE SECTOR - PERS & NON PROFIT INSTIT'NS SERVING H'HOLD - CWEIY,EA Ops-SSD-Mgt,BREHENY CIVIL ENGINEERING LTD,1001594146,54757.06,EU Capital Grants,IP6 8NH,CIS SUPPLIER,,ENVIMSE100229,Expense,GB 787425388
DE,EA,07/03/2025,Exp - Purchase Of Goods/Services - Contractors,EA Ops-LNA-FCRM OPS W&N-Field Kettering,VEGETATION MANAGEMENT SERVICES LTD,1001594147,170993.71,FEES AND COMMISSIONS,NN8 4HB,CIS SUPPLIER,,ENV6007051R,Expense,GB434697464
DE,EA,07/03/2025,EXP EU CAPITAL GRANTS TO PTE SECTOR - PERS & NON PROFIT INSTIT'NS SERVING H'HOLD - CWEIY,EA Ops-HNL-Mgt,FLOOD CONTROL NI LTD,1001594154,267869.25,EU Capital Grants,BT19 7QT,SUPPLIER,,ENV0005539C,Expense,
DE,EA,07/03/2025,EXP - PURCHASE OF GOODS/SERVICES - OTHER - GRANTS AND CONTRIBUTIONS,EA Ops-YOR-EPE-Environment Programme,YORKSHIRE DALES NATIONAL PARK AUTHORITY,1001594161,45000,OTHER COSTS,DL8 3EL,LOCAL AUTHORITIES,,ENV6005931R,Expense,686500323
DE,EA,07/03/2025,EXP - PURCHASE OF GOODS/SERVICES - ICT OUTSOURCING & MAINT/SUPPORT,EA Ops-IM&R-DigiS-Forecasting & Warning,FUJITSU SERVICES LTD,1001594179,129155.63,FEES AND COMMISSIONS,B37 7YU,CIS SUPPLIER,,,Expense,576983668
DE,EA,07/03/2025,EXP EU CAPITAL GRANTS TO PTE SECTOR - PERS & NON PROFIT INSTIT'NS SERVING H'HOLD - CWEIY,EA FCRM Dir-SNA-Adaptation & Resilience,CIRIA.,1001594228,38400,EU Capital Grants,EC1A 9PN,SUPPLIER,,ENV0004284C,Expense,GB240131327
DE,EA,10/03/2025,EXP EU CAPITAL GRANTS TO PTE SECTOR - PERS & NON PROFIT INSTIT'NS SERVING H'HOLD - CWEIY,EA Ops-EAN-Mgt,BAM NUTTALL LTD,1001594245,94062.94,EU Capital Grants,GU15 3XW,CIS SUPPLIER,,ENV0003913C,Expense,GB340316204
DE,EA,10/03/2025,EXP EU CAPITAL GRANTS TO PTE SECTOR - PERS & NON PROFIT INSTIT'NS SERVING H'HOLD - CWEIY,EA Ops-RMC-Monitoring-Survey-AirContracts,UK CENTRE FOR ECOLOGY & HYDROLOGY,1001594278,192780,EU Capital Grants,OX10 8BB,SUPPLIER,,ENV0005389C,Expense,336 940192
DE,EA,10/03/2025,EXP - PURCHASE OF GOODS/SERVICES - OTHER - EQUIPMENT - OPERATIONAL,EA FCRM Dir-AME-Asset Operations and Improvements,LAND RECOVERY RAIL LTD,1001594286,62416.82,OTHER COSTS,CW1 5RQ,SUPPLIER,,ENV6001959R,Expense,GB107686792
DE,EA,10/03/2025,EXP EU CAPITAL GRANTS TO PTE SECTOR - PERS & NON PROFIT INSTIT'NS SERVING H'HOLD - CWEIY,EA Ops-COO-SFSO-Innovation Funding and Investment,ICF CONSULTING SERVICES LTD,1001594287,32324.4,EU Capital Grants,EC4R 1BE,SUPPLIER,,ENV0004595C,Expense,927 4872 86
DE,EA,10/03/2025,EXP EU CAPITAL GRANTS TO PTE SECTOR - PERS & NON PROFIT INSTIT'NS SERVING H'HOLD - CWEIY,EA Ops-SSD-Mgt,VOLKERSTEVIN INFRASTRUCTURE LTD,1001594291,322966.13,EU Capital Grants,EN11 9BX,CIS SUPPLIER,,ENVIMSE500275,Expense,GB424894330
DE,EA,10/03/2025,PPE - POA & AUC (OWNED) - COST - O/BAL,EA Ops-EMD-Mgt,JACKSON CIVIL ENGINEERING GROUP LTD.,1001594294,127346.32,TANGIBLE NBV,IP1 5LT,CIS SUPPLIER,,ENV0004621C,Asset,GB 904443249
DE,EA,10/03/2025,EXP - PURCHASE OF GOODS/SERVICES - OTHER - GRANTS AND CONTRIBUTIONS,EA FCRM Dir-PMA-Portfolio Management Office,WEST CUMBRIA RIVERS TRUST,1001594309,84142.12,OTHER COSTS,CA12 4BY,SUPPLIER,,ENV6005726R,Expense,
DE,EA,10/03/2025,Exp - Purchase Of Goods/Services - Contractors,EA Ops-EAN-FCRM East-Coastal,THE CROWN ESTATE,1001594318,49800,FEES AND COMMISSIONS,SW1Y 4AH,SUPPLIER,,ENV6007021R,Expense,888818447
DE,EA,10/03/2025,EXP - PURCHASE OF GOODS/SERVICES - CONSULTANCY - TECHNICAL,EA Ops-KSL-FCRM-Mgt,JEREMY BENN ASSOCIATES LTD,1001594319,131281.11,FEES AND COMMISSIONS,BD23 3AE,SUPPLIER,,ENVIMSO001088R,Expense,665 3009 41
DE,EA,10/03/2025,EXP EU CAPITAL GRANTS TO PTE SECTOR - PERS & NON PROFIT INSTIT'NS SERVING H'HOLD - CWEIY,EA Ops-YOR-Mgt,HOBBS PROPERTY,1001594331,90531,EU Capital Grants,HX7 8SN,CUSTOMER,,ENVIMNE790483,Expense,
DE,EA,10/03/2025,EXP EU CAPITAL GRANTS TO PTE SECTOR - PERS & NON PROFIT INSTIT'NS SERVING H'HOLD - CWEIY,EA E and B-NP-F&N-Estuaries and Coasts Plg,AGRI FOOD & BIOSCIENCES INSTITUTE AFBI,1001594339,36539.93,EU Capital Grants,BT9 5PX,SUPPLIER,,ENV0004644C,Expense,
DE,EA,10/03/2025,PPE - POA & AUC (OWNED) - COST - O/BAL,EA Ops-EAN-Mgt,ECS ENGINEERING SERVICES LTD,1001594340,492221.42,TANGIBLE NBV,NG172JZ,CIS SUPPLIER,,ENV0006052C,Asset,646710631
DE,EA,10/03/2025,EXP - PURCHASE OF GOODS/SERVICES - OTHER - FUEL,EA Ops-COO-SSO-DGFS-Holding Account,ALLSTAR BUSINESS SOLUTIONS LTD,1001594342,229062.33,TRANSPORT & PLANT,SN5 6PQ,SUPPLIER,,,Expense,747880191
DE,EA,10/03/2025,EXP - PURCHASE OF GOODS/SERVICES - ICT OUTSOURCING & MAINT/SUPPORT,EA Ops-IM&R-DigiS-Forecasting & Warning,TELEPERFORMANCE LTD,1001594343,76290.96,FEES AND COMMISSIONS,BS1 3LG,SUPPLIER,,,Expense,GB763098018
DE,EA,10/03/2025,EXP - PURCHASE OF GOODS/SERVICES - OTHER PROFESSIONAL SERVICES,EA Ops-RMC-Monitoring-Survey-AirContracts,BUREAU VERITAS UK LTD,1001594353,76581.04,FEES AND COMMISSIONS,M22 5PR,SUPPLIER,,,Expense,725440254
DE,EA,10/03/2025,PPE - POA & AUC (OWNED) - COST - O/BAL,EA Ops-KSL-Mgt,LAND & WATER SERVICES LTD,1001594358,79348.5,TANGIBLE NBV,GU4 8RU,CIS SUPPLIER,,ENV0004683C,Asset,GB880055431
DE,EA,10/03/2025,EXP EU CAPITAL GRANTS TO PTE SECTOR - PERS & NON PROFIT INSTIT'NS SERVING H'HOLD - CWEIY,EA Ops-CLA-Mgt,CHEETHAM HILL CONSTRUCTION LTD,1001594360,54614.45,EU Capital Grants,BL8 1AR,CIS SUPPLIER,,ENV0003478C,Expense,GB927393104
DE,EA,10/03/2025,Exp - Purchase Of Goods/Services - Contractors,EA Ops-EMD-Mgt,JACKSON FRAMEWORKS LTD,1001594361,100951.01,FEES AND COMMISSIONS,IP1 5LT,CIS SUPPLIER,,ENV7006068R,Expense,GB904443249
DE,EA,10/03/2025,Exp - Purchase Of Goods/Services - Contractors,EA Ops-NEA-FCRM OPS-Field,ESH CONSTRUCTION LTD,1001594362,169827.86,FEES AND COMMISSIONS,DH6 5PF,CIS SUPPLIER,,ENV6002807R,Expense,177995292
DE,EA,10/03/2025,EXP - PURCHASE OF GOODS/SERVICES - OTHER,EA Ops-EAN-FCRM OPS West-Mgt,MIDDLE LEVEL COMMISSIONER,1001594367,84936,OTHER COSTS,PE15 0AH,SUPPLIER,,,Expense,
DE,EA,10/03/2025,PPE - POA & AUC (OWNED) - COST - O/BAL,EA Ops-IM&R-E&R-Flood Hydrology Improvements,JBA CONSULTING.,1001594381,49200,TANGIBLE NBV,BD23 3FD.,SUPPLIER,,ENV0003683C,Asset,GB665300941
DE,EA,10/03/2025,EXP - PURCHASE OF GOODS/SERVICES - OTHER - GRANTS AND CONTRIBUTIONS,EA FCRM Dir-PMA-Portfolio Management Office,AVON NEEDS TREES,1001594383,117622.56,OTHER COSTS,BS1 6BY,SUPPLIER,,ENV6005726R,Expense,
DE,EA,10/03/2025,PPE - POA & AUC (OWNED) - COST - O/BAL,EA Ops-KSL-Mgt,BALFOUR BEATTY GROUP LTD.,1001594384,1151677.48,TANGIBLE NBV,NE12 8BU,SUPPLIER,,ENV0007435C,Asset,
DE,EA,10/03/2025,EXP EU CAPITAL GRANTS TO PTE SECTOR - PERS & NON PROFIT INSTIT'NS SERVING H'HOLD - CWEIY,EA Ops-YOR-Mgt,NORTH YORKSHIRE COUNCIL,1001594385,128172,EU Capital Grants,DL7 8AD,Access to Work,,ENV0002212C,Expense,GB259107749
DE,EA,10/03/2025,EXP - PURCHASE OF GOODS/SERVICES - OTHER - GRANTS AND CONTRIBUTIONS,EA FCRM Dir-PMA-Portfolio Management Office,NORTH EAST COTSWOLD FARMER CLUSTER CIC,1001594417,73601.84,OTHER COSTS,OX7 5BH,SUPPLIER,,ENV6005726R,Expense,
DE,EA,10/03/2025,EXP EU CAPITAL GRANTS TO PTE SECTOR - PERS & NON PROFIT INSTIT'NS SERVING H'HOLD - CWEIY,EA E and B-CS-EAE-Mgt,XYLEM WATER SOLUTIONS UK LTD,1001594419,76963.2,EU Capital Grants,NG4 2AN,SUPPLIER,,ENV0004087C,Expense,GB116758064
DE,EA,10/03/2025,EXP - PURCHASE OF GOODS/SERVICES - CONSULTANCY - TECHNICAL,EA E and B-Water-WR-Security of Supply,AECOM INFRASTRUCTURE & ENVIRONMENT UK LTD,1001594465,44380.8,FEES AND COMMISSIONS,SW19 4DR,SUPPLIER,,ENVEBP20046R,Expense,611 853162
DE,EA,10/03/2025,Exp - Purchase Of Goods/Services - Consultancy,EA FCRM Dir-MPPD-PCM-SE,AECOM LTD,1001594469,184892.3,FEES AND COMMISSIONS,CRO 2AP,SUPPLIER,,,Expense,611853162
DE,EA,10/03/2025,EXP - PURCHASE OF GOODS/SERVICES - OTHER PROFESSIONAL SERVICES,EA Ops-RMC-Monitoring-Survey-AirContracts,BUREAU VERITAS UK LTD,1001594476,160416.09,FEES AND COMMISSIONS,M22 5PR,SUPPLIER,,,Expense,725440254
DE,EA,10/03/2025,EXP - PURCHASE OF GOODS/SERVICES - ICT OUTSOURCING & MAINT/SUPPORT - VOICE COMMUNICATIONS,EA Ops-RMC-NES-Mgt,AIRWAVE SOLUTIONS LTD,1001594477,102260.55,INFORMATION TECHNOLOGY,SL1 2EJ,SUPPLIER,,ENV6001586R,Expense,904440552
DE,EA,10/03/2025,EXP - PURCHASE OF GOODS/SERVICES - PROFESSIONAL FEES,EA Ops-EMD-FCRM OPS North-Field Askham,DONCASTER EAST INTERNAL DRAINAGE BOARD,1001594483,54611.09,FEES AND COMMISSIONS,DN6 7FE,SUPPLIER,,ENV6003426R,Expense,
DE,EA,10/03/2025,EXP - PURCHASE OF GOODS/SERVICES - OTHER - FUEL,EA FCRM Dir-AME-Asset Operations and Improvements,CERTAS ENERGY UK LTD,1001594492,154558.2,TRANSPORT & PLANT,WA3 6XG,SUPPLIER,ESPO REF C22214,,Expense,84428 3419
DE,EA,10/03/2025,PPE - POA & AUC (OWNED) - COST - O/BAL,EA Ops-IM&R-E&R-Inland Mgt & Planning,AECOM LTD,1001594497,92622.39,TANGIBLE NBV,E1 8FA,SUPPLIER,,ENV0003361C,Asset,611853162
DE,EA,10/03/2025,EXP EU CAPITAL GRANTS TO PTE SECTOR - PERS & NON PROFIT INSTIT'NS SERVING H'HOLD - CWEIY,EA E and B-NP-F&N-Biodiversity,YORKSHIRE WILDLIFE TRUST,1001594505,146432.87,EU Capital Grants,YO24 1GN,3RD SECTOR SUPPLIER,,ENV0005571C,Expense,235804804
DE,EA,10/03/2025,EXP EU CAPITAL GRANTS TO PTE SECTOR - PERS & NON PROFIT INSTIT'NS SERVING H'HOLD - CWEIY,EA Ops-EMD-Mgt,OVE ARUP & PARTNERS LTD,1001594508,135451.23,EU Capital Grants,NE1 3PL,SUPPLIER,,ENVIMMI001615,Expense,GB524461265
DE,EA,10/03/2025,EXP - SHORT-TERM CONTRACT & AGENCY STAFF - FULL COST,EA FINANCE-CORP FINANCE-FIN CONTROL,ALEXANDER MANN SOLUTIONS LTD-2WM,1001594513,361376.35,AGENCY STAFF,EC2N 3AQ,SUPPLIER,,,Expense,744492612
DE,EA,10/03/2025,EXP EU CAPITAL GRANTS TO PTE SECTOR - PERS & NON PROFIT INSTIT'NS SERVING H'HOLD - CWEIY,EA Ops-LDN-Mgt,JACOBS UK LTD,1001594519,51170.66,EU Capital Grants,SE1 2QG,CIS SUPPLIER,,ENV0004182C,Expense,GB624298920
DE,EA,10/03/2025,EXP - PURCHASE OF GOODS/SERVICES - OTHER,EA Ops-EAN-FCRM OPS West-Mgt,BUCKINGHAM & RIVER OUZEL INTERNAL DRAINAGE BOARD,1001594540,48023.91,OTHER COSTS,MK43 9ND,SUPPLIER,,,Expense,
DE,EA,10/03/2025,EXP - PURCHASE OF GOODS/SERVICES - OTHER,EA Ops-EAN-FCRM OPS West-Mgt,BEDFORDSHIRE & RIVER IVEL DRAINAGE BOARD,1001594556,59960.81,OTHER COSTS,MK43 9ND,SUPPLIER,,,Expense,GB332571375
DE,EA,10/03/2025,PPE - POA & AUC (OWNED) - COST - O/BAL,EA Ops-WSX-Mgt,YEOVIL RIVERS COMMUNITY TRUST,1001594562,35000,TANGIBLE NBV,BA21 4AN,SUPPLIER,,ENV0006267C,Asset,
DE,EA,10/03/2025,EXP EU CAPITAL GRANTS TO PTE SECTOR - PERS & NON PROFIT INSTIT'NS SERVING H'HOLD - CWEIY,EA E and B-ER-W&R-Landfill DfR Climate Change,RICARDO AEA LTD,1001594580,69493.02,EU Capital Grants,OX11 0QJ,CIS SUPPLIER,C24920,ENV0004985C,Expense,88 8800 181
DE,EA,10/03/2025,EXP - PURCHASE OF GOODS/SERVICES - OTHER PROFESSIONAL SERVICES,EA Ops-RMC-Monitoring-Survey-AirContracts,RICARDO AEA LTD,1001594589,337646.72,FEES AND COMMISSIONS,OX11 0QR,CIS SUPPLIER,,,Expense,88 8800 181
DE,EA,10/03/2025,Exp - Purchase Of Goods/Services - Contractors,EA Ops-CLA-Nuclear-RARM,SOCOTEC UK LTD,1001594590,34407.48,FEES AND COMMISSIONS,DE15 0YZ,SUPPLIER,,ENVHOOP000055,Expense,GB-864124823
DE,EA,10/03/2025,EXP - PURCHASE OF GOODS/SERVICES - CONSULTANCY - TECHNICAL,EA Ops-IM&R-DigiS-Integrated Services,TELESPAZIO UK LIMITED,1001594600,65554.16,FEES AND COMMISSIONS,LU1 3LU,SUPPLIER,,ENV0004280R,Expense,GB101638353
DE,EA,10/03/2025,Exp - Purchase Of Goods/Services - Contractors,EA Ops-EAN-FCRM OPS West-Field Kings Lynn,KINGS LYNN INTERNAL DRAINAGE BOARD,1001594602,52107.38,FEES AND COMMISSIONS,PE30 5DD,SUPPLIER,,ENV6003640R,Expense,106280109
DE,EA,10/03/2025,EXP - PURCHASE OF GOODS/SERVICES - OTHER - GRANTS AND CONTRIBUTIONS,EA Ops-YOR-EPE-Environment Programme,UNIVERSITY OF HULL,1001594603,60000,OTHER COSTS,HU6 7RX,Other Education,,ENV6006613R,Expense,GB290316807
DE,EA,10/03/2025,EXP - PURCHASE OF GOODS/SERVICES - OTHER - LICENCES AND CONSENTS,EA Ops-THM-Waterways-Business,THE CROWN ESTATE,1001594606,46019,OTHER COSTS,PE1 1AR,SUPPLIER,,ENVRESE500196,Expense,888818447
DE,EA,10/03/2025,EXP - PURCHASE OF GOODS/SERVICES - SUPPORT - COMPUTER SOFTWARE,EA FCRM Dir-AME-Mgt,THE UK CENTRE FOR ECOLOGY AND HYDROLOGY UKCEH,1001594614,48547.37,INFORMATION TECHNOLOGY,OX10 8BB,SUPPLIER,U81.15.18.04,ENVFCPMM00052L01,Expense,GB336940192
DE,EA,10/03/2025,PPE - POA & AUC (OWNED) - COST - O/BAL,EA Ops-YOR-Mgt,NIVUS LTD,1001594620,43573.2,TANGIBLE NBV,CV32 7UJ,SUPPLIER,,ENV0003619C,Asset,
DE,EA,10/03/2025,PPE - POA & AUC (OWNED) - COST - O/BAL,EA Ops-EAN-Mgt,RSPB,1001594623,180000,TANGIBLE NBV,SG19 2DL,SUPPLIER,,ENV0007393C,Asset,GB365969589
DE,EA,11/03/2025,EXP EU CAPITAL GRANTS TO PTE SECTOR - PERS & NON PROFIT INSTIT'NS SERVING H'HOLD - CWEIY,EA Ops-CLA-Mgt,WSP UK LTD.,1001594653,91846.21,EU Capital Grants,WC2A 1AF,SUPPLIER,,ENV0000489C,Expense,GB 618184140
DE,EA,11/03/2025,EXP EU CAPITAL GRANTS TO PTE SECTOR - PERS & NON PROFIT INSTIT'NS SERVING H'HOLD - CWEIY,EA Ops-SSD-Mgt,P CREASE,1001594701,25000,EU Capital Grants,BN17 5DD,CUSTOMER,,ENVIMSO001021,Expense,
DE,EA,11/03/2025,EXP EU CAPITAL GRANTS TO PTE SECTOR - PERS & NON PROFIT INSTIT'NS SERVING H'HOLD - CWEIY,EA Ops-CLA-Mgt,MARK LLOYD TREES,1001594704,25927.2,EU Capital Grants,CA5 6HE,ONE TIME,,ENV0000503C,Expense,
DE,EA,11/03/2025,EXP EU CAPITAL GRANTS TO PTE SECTOR - PERS & NON PROFIT INSTIT'NS SERVING H'HOLD - CWEIY,EA Ops-EAN-Mgt,JEREMY BENN ASSOCIATES LTD,1001594709,75602.18,EU Capital Grants,BD23 3AE,SUPPLIER,,ENV0000678C,Expense,665 3009 41
DE,EA,11/03/2025,EXP EU CAPITAL GRANTS TO PTE SECTOR - PERS & NON PROFIT INSTIT'NS SERVING H'HOLD - CWEIY,EA Ops-WMD-Mgt,WORCESTERSHIRE COUNTY COUNCIL,1001594739,106604.99,EU Capital Grants,WR5 2NP,SUPPLIER,,ENV0001417C,Expense,GB705672142
DE,EA,11/03/2025,EXP - PURCHASE OF GOODS/SERVICES - OTHER - OTHER BOUGHT IN SERVICES,EA Ops-KSL-EPE-Environment Programme,LONDON BOROUGH OF LEWISHAM,1001594745,65000,OTHER COSTS,SE9 7BL,SUPPLIER,,ENV6006358R,Expense,
DE,EA,11/03/2025,PPE - POA & AUC (OWNED) - COST - O/BAL,EA Ops-WMD-Mgt,STANTEC UK LTD,1001594746,34917.31,TANGIBLE NBV,HP13 5AJ,SUPPLIER,,ENV0007591C,Asset,GB492 0040 75
DE,EA,11/03/2025,EXP EU CAPITAL GRANTS TO PTE SECTOR - PERS & NON PROFIT INSTIT'NS SERVING H'HOLD - CWEIY,EA Ops-YOR-Mgt,RSPB,1001594748,86600,EU Capital Grants,SG19 2DL,SUPPLIER,,ENVIMNE790551,Expense,GB365969589
DE,EA,11/03/2025,Exp - Purchase Of Goods/Services - Contractors,EA Ops-YOR-FCRM OPS NY-Field Swale Ure & Nidd,SELBY AREA INTERNAL DRAINAGE BOARD,1001594782,82312.16,FEES AND COMMISSIONS,YO8 4PW,SUPPLIER,,ENV6006557R,Expense,
DE,EA,11/03/2025,EXP - CURRENT GRANTS TO PRIVATE SECTOR - NEIRF GRANTS,EA Ops-COO-SFSO-Innovation Funding and Investment,DURHAM WILDLIFE TRUST LTD,1001594783,31545.59,OTHER COSTS,DH4 6PU,Trust,,ENV6007041R,Expense,
DE,EA,11/03/2025,EXP EU CAPITAL GRANTS TO PTE SECTOR - PERS & NON PROFIT INSTIT'NS SERVING H'HOLD - CWEIY,EA Ops-WSX-Mgt,ATKINSRÉALIS UK LTD,1001594815,107524.41,EU Capital Grants,KT18 5BW,CIS SUPPLIER,,ENVIMSW002130,Expense,20986 1253
DE,EA,11/03/2025,EXP EU CAPITAL GRANTS TO PTE SECTOR - PERS & NON PROFIT INSTIT'NS SERVING H'HOLD - CWEIY,EA Ops-CLA-Mgt,JACOBS UK LTD,1001594816,26632.92,EU Capital Grants,G2 7HX,CIS SUPPLIER,,ENV0000064C,Expense,GB624298920
DE,EA,11/03/2025,PPE - POA & AUC (OWNED) - COST - O/BAL,EA Ops-COO-SFSO-DGFS-Mgt,LISTER WILDER LTD,1001594818,78936.81,TANGIBLE NBV,RG7 1HR,SUPPLIER,,ENV0006176C,Asset,GB 435 3703 62
DE,EA,11/03/2025,PPE - POA & AUC (OWNED) - COST - O/BAL,EA FCRM Dir-AAM-Efficiency & Portfolio-Portfolio,JBA CONSULTING,1001594835,46015.34,TANGIBLE NBV,BD23 3FD,SUPPLIER,,ENV0003683C,Asset,665300941
DE,EA,11/03/2025,Exp - Purchase Of Goods/Services - Consultancy,EA FCRM Dir-MPPD-PCM-NE,AECOM LTD,1001594841,144087.79,FEES AND COMMISSIONS,E1 8FA,SUPPLIER,,,Expense,611853162
DE,EA,11/03/2025,Exp - Purchase Of Goods/Services - Contractors,EA Ops-LNA-FCRM OPS Witham-Field Short Ferry,RIVER STEWARDSHIP COMPANY,1001594847,113168.04,FEES AND COMMISSIONS,S9 2TW,SUPPLIER,,ENV6007075R,Expense,GB975669843
DE,EA,11/03/2025,Exp - Purchase Of Goods/Services - Contractors,EA Ops-NEA-FCRM OPS-Field,AMALGAMATED CONSTRUCTION LTD,1001594848,127963.92,FEES AND COMMISSIONS,LS15 8ZB,CIS SUPPLIER,,ENV6002807R,Expense,GB927150433
DE,EA,11/03/2025,Exp - Purchase Of Goods/Services - Contractors,EA Ops-LNA-FCRM OPS W&N-Field Kettering,VEGETATION MANAGEMENT SERVICES LTD,1001594849,136167.76,FEES AND COMMISSIONS,NN8 4HB,CIS SUPPLIER,,ENV6007051R,Expense,GB434697464
DE,EA,11/03/2025,EXP - PURCHASE OF GOODS/SERVICES - CONSULTANCY - TECHNICAL,EA Ops-WMD-FCRM OPS West-Asset Perf North,LEICA GEOSYSTEMS LTD,1001594853,27282,FEES AND COMMISSIONS,MK15 8HT,SUPPLIER,,ENV6006840R,Expense,902894904
DE,EA,11/03/2025,EXP EU CAPITAL GRANTS TO PTE SECTOR - PERS & NON PROFIT INSTIT'NS SERVING H'HOLD - CWEIY,EA E and B-NP-F&N-Estuaries and Coasts Plg,CEH,1001594855,50004.46,EU Capital Grants,OX10 8BB,OGD,,ENV0007494C,Expense,GB336940192
DE,EA,11/03/2025,Exp - Purchase Of Goods/Services - Consultancy,EA FCRM Dir-MPPD-NEAS-Ops,WSP UK LTD,1001594875,59196.47,FEES AND COMMISSIONS,WC2A 1AF,CIS SUPPLIER,,,Expense,GB 905 0549 42
DE,EA,11/03/2025,Exp - Purchase Of Goods/Services - Contractors,EA Ops-CLA-FCRM OPS-Mgt,LAND & WATER SERVICES LTD,1001594882,122328.44,FEES AND COMMISSIONS,GU4 8RU,CIS SUPPLIER,,ENV7005877R,Expense,GB880055431
DE,EA,11/03/2025,Exp - Purchase Of Goods/Services - Contractors,EA Ops-EAN-FCRM OPS West-Asset Perf,LAND & WATER SERVICES LTD,1001594884,121163.09,FEES AND COMMISSIONS,GU4 8RU,CIS SUPPLIER,,ENV6007086R,Expense,GB880055431
DE,EA,11/03/2025,EXP EU CAPITAL GRANTS TO PTE SECTOR - PERS & NON PROFIT INSTIT'NS SERVING H'HOLD - CWEIY,EA Ops-YOR-Mgt,YORKSHIRE WILDLIFE TRUST,1001594885,160000,EU Capital Grants,YO24 1GN,3RD SECTOR SUPPLIER,,ENVIMNE000903,Expense,235804804
DE,EA,11/03/2025,EXP EU CAPITAL GRANTS TO PTE SECTOR - PERS & NON PROFIT INSTIT'NS SERVING H'HOLD - CWEIY,EA Ops-CLA-Mgt,RIBBLE RIVERS TRUST,1001594886,42469,EU Capital Grants,BB7 4QF,SUPPLIER,,ENV0000009C,Expense,
DE,EA,11/03/2025,EXP EU CAPITAL GRANTS TO PTE SECTOR - PERS & NON PROFIT INSTIT'NS SERVING H'HOLD - CWEIY,EA FCRM Dir-SNA-FCRM Strategy,JACOBS UK LTD,1001594889,206719.11,EU Capital Grants,SE1 2QG,CIS SUPPLIER,,ENV0005802C,Expense,GB624298920
DE,EA,11/03/2025,EXP EU CAPITAL GRANTS TO PTE SECTOR - PERS & NON PROFIT INSTIT'NS SERVING H'HOLD - CWEIY,EA Ops-DCS-Mgt,KIER INTERGRATED SERVICES LTD,1001594902,257523.19,EU Capital Grants,M2 2EE,SUPPLIER,,ENV0005442C,Expense,1055 40018
DE,EA,11/03/2025,EXP - PURCHASE OF GOODS/SERVICES - OTHER PROFESSIONAL SERVICES,EA Ops-YOR-EPE-Environment Programme,SHEFFIELD & ROTHERHAM WILDLIFE TRUST,1001594903,63600,FEES AND COMMISSIONS,S2 2SF,SUPPLIER,,,Expense,
DE,EA,11/03/2025,Exp - Purchase Of Goods/Services - Contractors,EA Ops-CLA-FCRM OPS-Mgt,CHEETHAM HILL CONSTRUCTION LTD,1001594915,26288.26,FEES AND COMMISSIONS,BL8 1AR,CIS SUPPLIER,,ENV7005873R,Expense,GB927393104
DE,EA,11/03/2025,Exp - Purchase Of Goods/Services - Contractors,EA Ops-YOR-FCRM OPS EY-Field LH&H,ESH CONSTRUCTION LTD,1001594916,71796.88,FEES AND COMMISSIONS,DH6 5PF,CIS SUPPLIER,,ENV6007376R,Expense,177995292
DE,EA,11/03/2025,EXP EU CAPITAL GRANTS TO PTE SECTOR - PERS & NON PROFIT INSTIT'NS SERVING H'HOLD - CWEIY,EA E and B-CS-Research,ATKINSREALIS UK LIMITED.,1001594920,28730.1,EU Capital Grants,KT18 5BW,SUPPLIER,,ENV0005030C,Expense,GB209861253
DE,EA,11/03/2025,EXP - PURCHASE OF GOODS/SERVICES -ACCOMM & BLDNG MGMT - MAINTENANCE & REPAIRS,EA Ops-KSL-FCRM TTD-MEICA Operations & Maintenance,HITZINGER UK LTD,1001594960,45716.09,BUILDING COSTS,ME19 4YU,SUPPLIER,,ENVFRA16S087,Expense,
DE,EA,11/03/2025,EXP - PURCHASE OF GOODS/SERVICES - OTHER TRAINING,EA Ops-COO-SPP-Learning and Development,GROUNDWATER SCIENCE LTD,1001594961,30600,TRAINING,SY3 8SZ,SUPPLIER,,ENVHOL&D00004,Expense,998 0116 89
DE,EA,11/03/2025,EXP EU CAPITAL GRANTS TO PTE SECTOR - PERS & NON PROFIT INSTIT'NS SERVING H'HOLD - CWEIY,EA Ops-DCS-Mgt,DART HARBOUR & NAVIGATION AUTHORITY,1001594988,50004.92,EU Capital Grants,TQ6 9AL,THIRD PARTY,,ENV0005711C,Expense,GB 284 3410
DE,EA,11/03/2025,EXP EU CAPITAL GRANTS TO PTE SECTOR - PERS & NON PROFIT INSTIT'NS SERVING H'HOLD - CWEIY,EA Ops-WMD-Mgt,LEICESTERSHIRE COUNTY COUNCIL,1001594994,42500,EU Capital Grants,LE3 8RA,SUPPLIER,,ENV0006211C,Expense,115337102
DE,EA,11/03/2025,EXP - CURRENT GRANTS TO PRIVATE SECTOR - NEIRF GRANTS,EA Ops-COO-SFSO-Innovation Funding and Investment,TABLEHURST AND PLAW HATCH COMMUNITY FARM LTD,1001595024,31575,OTHER COSTS,RH18 5DP,SUPPLIER,,ENV6007041R,Expense,
DE,EA,11/03/2025,EXP EU CAPITAL GRANTS TO PTE SECTOR - PERS & NON PROFIT INSTIT'NS SERVING H'HOLD - CWEIY,EA Ops-YOR-Mgt,BAM NUTTALL LTD,1001595026,857079.83,EU Capital Grants,GU15 3XW,CIS SUPPLIER,,ENV0000570C,Expense,GB340316204
DE,EA,11/03/2025,EXP - CURRENT GRANTS TO PRIVATE SECTOR - NEIRF GRANTS,EA Ops-COO-SFSO-Innovation Funding and Investment,DJ & MA PARSLEY & SON,1001595057,30175,OTHER COSTS,PE28 5YL,SUPPLIER,,ENV6007041R,Expense,
DE,EA,11/03/2025,EXP - PURCHASE OF GOODS/SERVICES - OTHER PROFESSIONAL SERVICES,EA Ops-HNL-EPE-Environment Programme,BROOK WAY COMMUNITY BIODIVERSITY PROJECT CIC,1001595059,35000,FEES AND COMMISSIONS,HA3 0UT,THIRD PARTY,,,Expense,
DE,EA,11/03/2025,Exp - Purchase Of Goods/Services - Contractors,EA Ops-EMD-FCRM OPS North-Field Askham,SCUNTHORPE & GAINSBOROUGH WATER MANAGEMENT BOARD,1001595065,41856,FEES AND COMMISSIONS,DN6 7FE,SUPPLIER,,ENV6003426R,Expense,
DE,EA,11/03/2025,EXP EU CAPITAL GRANTS TO PTE SECTOR - PERS & NON PROFIT INSTIT'NS SERVING H'HOLD - CWEIY,EA Ops-EAN-Mgt,BAM NUTTALL LTD,1001595085,44302.3,EU Capital Grants,GU15 3XW,CIS SUPPLIER,,ENV0001929C,Expense,GB340316204
DE,EA,11/03/2025,INC - MISCELLANEOUS INCOME - OTHER - FRS17 FINANCING INCOME,EA Ops-THM-EPE-Environment Programme,RIVER THAME CONSERVATION TRUST,1001595124,34000,GRANTS,OX33 1XW,SUPPLIER,,ENV6006014R,Revenue,
DE,EA,11/03/2025,EXP - PURCHASE OF GOODS/SERVICES - ACCOMMODATION & BLDNG MANAGEMENT - SECURITY SYSTEMS & MONITORING COSTS,EA Ops-KSL-FCRM TTD-MEICA Operations & Maintenance,OCS SECURITY LTD,1001595156,126887.64,BUILDING COSTS,IP28 6LG,SUPPLIER,,ENVFRA16S069,Expense,823 8446 18
DE,EA,11/03/2025,PPE - POA & AUC (OWNED) - COST - O/BAL,EA FCRM Dir-PMA-Portfolio Management Office,ICF CONSULTING SERVICES LTD,1001595199,43872.3,TANGIBLE NBV,EC2R 8HP,SUPPLIER,,ENV0007707C,Asset,927 4872 86
DE,EA,12/03/2025,Exp - Purchase Of Goods/Services - Contractors,EA Ops-THM-Waterways-Mgt,VEGETATION MANAGEMENT SERVICES LTD,1001595223,102657.59,FEES AND COMMISSIONS,NN8 4HB,CIS SUPPLIER,,ENV6007537R,Expense,GB434697464
DE,EA,12/03/2025,PPE - POA & AUC (OWNED) - COST - O/BAL,EA Ops-IM&R-SS&I-Strategy,KPMG LLP,1001595236,130261.46,TANGIBLE NBV,E14 5GL,SUPPLIER,,ENVIMR001090B00C,Asset,791788859
DE,EA,12/03/2025,Exp - Purchase Of Goods/Services - Contractors,EA Ops-THM-Waterways-Mgt,LAND & WATER SERVICES LTD,1001595246,82943.8,FEES AND COMMISSIONS,GU4 8RU,CIS SUPPLIER,,ENV6007537R,Expense,GB880055431
DE,EA,12/03/2025,PPE - POA & AUC (OWNED) - COST - O/BAL,EA Ops-HNL-Mgt,BAM NUTTALL LTD,1001595248,485732.76,TANGIBLE NBV,GU15 3XW,CIS SUPPLIER,,ENVIMSE500156,Asset,GB340316204
DE,EA,12/03/2025,PPE - POA & AUC (OWNED) - COST - O/BAL,EA Ops-KSL-Mgt,JEREMY BENN ASSOCIATES LTD,1001595255,126912.8,TANGIBLE NBV,BD23 3AE,SUPPLIER,,ENV0004541C,Asset,665 3009 41
DE,EA,12/03/2025,EXP - PURCHASE OF GOODS/SERVICES - AREA FCRM OPS TRAINING,EA Ops-COO-SPP-Learning and Development,KIELDER NEWPORT WEST LTD,1001595256,35522.02,TRAINING,DL8 1AF,SUPPLIER,,ENVHOL&D00003,Expense,
DE,EA,12/03/2025,Exp - Purchase Of Goods/Services - Consultancy,EA FCRM Dir-MPPD-PCM-NW,ARCADIS CONSULTING UK LTD,1001595277,83193.19,FEES AND COMMISSIONS,EC3M 4BY,SUPPLIER,,,Expense,GB 8727 99950
DE,EA,12/03/2025,PPE - POA & AUC (OWNED) - COST - O/BAL,EA Ops-EAN-Mgt,RSPB,1001595285,81596.45,TANGIBLE NBV,SG19 2DL,SUPPLIER,,ENV0005948C,Asset,GB365969589
DE,EA,12/03/2025,EXP - PURCHASE OF GOODS/SERVICES - CONSULTANCY - NON ADVISORY,EA FCRM Dir-AAM-Efficiency & Portfolio-Portfolio,PROGRAM FRAMEWORK LTD,1001595296,159840,FEES AND COMMISSIONS,EC3M 5DJ,SUPPLIER,C23337,ENVFCPAM00300B00R,Expense,GB 867667460
DE,EA,12/03/2025,PPE - POA & AUC (OWNED) - COST - O/BAL,EA Ops-HNL-Mgt,MOTT MACDONALD LTD,1001595301,65462.26,TANGIBLE NBV,CR0 2EE,SUPPLIER,,ENVIMSE500156,Asset,GB 523765636
DE,EA,12/03/2025,Exp - Purchase Of Goods/Services - Consultancy,EA FCRM Dir-MPPD-PCM-NW,WSP UK LTD,1001595302,159806.66,FEES AND COMMISSIONS,WC2A 1AF,CIS SUPPLIER,,,Expense,GB 905 0549 42
DE,EA,12/03/2025,EXP EU CAPITAL GRANTS TO PTE SECTOR - PERS & NON PROFIT INSTIT'NS SERVING H'HOLD - CWEIY,EA Ops-THM-Mgt,AECOM INFRASTRUCTURE & ENVIRONMENT UK LTD,1001595310,39151.13,EU Capital Grants,RG21 7PP,SUPPLIER,,ENVIMTH001658,Expense,611 853162
DE,EA,12/03/2025,EXP EU CAPITAL GRANTS TO PTE SECTOR - PERS & NON PROFIT INSTIT'NS SERVING H'HOLD - CWEIY,EA E and B-CS-Research,BANGOR UNIVERSITY,1001595311,113357.3,EU Capital Grants,LL57 2DG,SUPPLIER,,ENV0005529C,Expense,GB728 8856 74
DE,EA,12/03/2025,EXP - PURCHASE OF GOODS/SERVICES - CONSULTANCY - TECHNICAL,EA E and B-ER-CC&M-Chemicals Prog Delivery,WATER RESEARCH CENTRE LTD,1001595312,69915.86,FEES AND COMMISSIONS,SN5 8YF,SUPPLIER,,ENV6005548R,Expense,GB527180453
DE,EA,12/03/2025,EXP EU CAPITAL GRANTS TO PTE SECTOR - PERS & NON PROFIT INSTIT'NS SERVING H'HOLD - CWEIY,EA Ops-WMD-Mgt,WARWICKSHIRE WILDLIFE TRUST,1001595313,137500,EU Capital Grants,CV3 3GW,3RD SECTOR SUPPLIER,,ENV0004422C,Expense,670 3187 40
DE,EA,12/03/2025,EXP EU CAPITAL GRANTS TO PTE SECTOR - PERS & NON PROFIT INSTIT'NS SERVING H'HOLD - CWEIY,EA Ops-EAN-Mgt,BAM NUTTALL LTD,1001595334,91042.28,EU Capital Grants,GU15 3XW,CIS SUPPLIER,,ENV0004823C,Expense,GB340316204
DE,EA,12/03/2025,EXP EU CAPITAL GRANTS TO PTE SECTOR - PERS & NON PROFIT INSTIT'NS SERVING H'HOLD - CWEIY,EA Ops-HNL-Mgt,BAM NUTTALL LTD,1001595335,373768.54,EU Capital Grants,GU15 3XW,CIS SUPPLIER,,ENV0002603C,Expense,GB340316204
DE,EA,12/03/2025,EXP EU CAPITAL GRANTS TO PTE SECTOR - PERS & NON PROFIT INSTIT'NS SERVING H'HOLD - CWEIY,EA Ops-EAN-Mgt,BAM NUTTALL LTD,1001595336,556973.16,EU Capital Grants,GU15 3XW,CIS SUPPLIER,,ENVIMAN000745,Expense,GB340316204
DE,EA,12/03/2025,EXP EU CAPITAL GRANTS TO PTE SECTOR - PERS & NON PROFIT INSTIT'NS SERVING H'HOLD - CWEIY,EA Ops-SSD-Mgt,PORTSMOUTH CITY COUNCIL,1001595341,122500,EU Capital Grants,PO1 2BE,LOCAL AUTHORITIES,,ENV0005791C,Expense,108 3656 72
DE,EA,12/03/2025,EXP - PURCHASE OF GOODS/SERVICES - CONSULTANCY - TECHNICAL,EA E and B-Water-WR-Security of Supply,THAMES WATER UTILITIES LTD,1001595351,67275,FEES AND COMMISSIONS,RG1 8DB,CIS SUPPLIER,,ENVWLB00386R,Expense,537 4569 15
DE,EA,12/03/2025,PPE - POA & AUC (OWNED) - COST - O/BAL,EA Ops-DCS-Mgt,WESTCOUNTRY RIVERS TRUST,1001595370,36748,TANGIBLE NBV,PL17 8PH,CUSTOMER,,ENV0002504C,Asset,
DE,EA,12/03/2025,EXP EU CAPITAL GRANTS TO PTE SECTOR - PERS & NON PROFIT INSTIT'NS SERVING H'HOLD - CWEIY,EA FCRM Dir-PMA-Portfolio Management Office,ATKINSRÉALIS UK LTD,1001595371,87603.15,EU Capital Grants,KT18 5BW,CIS SUPPLIER,,ENV0005802C,Expense,20986 1253
DE,EA,12/03/2025,PPE - POA & AUC (OWNED) - COST - O/BAL,EA Ops-RMC-Monitoring-Survey-AirContracts,BUREAU VERITAS UK LTD,1001595373,316797.64,TANGIBLE NBV,M22 5PR,SUPPLIER,,ENV0003684C,Asset,725440254
DE,EA,12/03/2025,PPE - POA & AUC (OWNED) - COST - O/BAL,EA Ops-GMC-Mgt,A E YATES LTD,1001595391,90818.47,TANGIBLE NBV,BL6 4SB,SUPPLIER,,ENV0005371C,Asset,GB145669831
DE,EA,12/03/2025,PPE - POA & AUC (OWNED) - COST - O/BAL,EA Ops-DCS-Mgt,BRIDGE CIVIL ENGINEERING,1001595402,58589.95,TANGIBLE NBV,TQ13 0DF,CIS SUPPLIER,,ENV0003063C,Asset,GB717667210
DE,EA,12/03/2025,EXP EU CAPITAL GRANTS TO PTE SECTOR - PERS & NON PROFIT INSTIT'NS SERVING H'HOLD - CWEIY,EA Ops-LNA-Mgt,JACKSON CIVIL ENGINEERING GROUP LTD.,1001595420,175806.16,EU Capital Grants,IP15LT,CIS SUPPLIER,,ENV0001502C,Expense,GB 904443249
DE,EA,12/03/2025,EXP - PURCHASE OF GOODS/SERVICES - OTHER - GRANTS AND CONTRIBUTIONS,EA Ops-YOR-EPE-Environment Programme,YORKSHIRE WILDLIFE TRUST,1001595428,105869.54,OTHER COSTS,YO24 1GN,3RD SECTOR SUPPLIER,,ENV7005297R,Expense,235804804
DE,EA,12/03/2025,EXP EU CAPITAL GRANTS TO PTE SECTOR - PERS & NON PROFIT INSTIT'NS SERVING H'HOLD - CWEIY,EA E and B-CS-Research,JACOBS UK LTD,1001595432,60483.71,EU Capital Grants,SE1 2QG,CIS SUPPLIER,,ENV0005549C,Expense,GB624298920
DE,EA,12/03/2025,EXP - PURCHASE OF GOODS/SERVICES - OFFICE RELATED - COURIER COSTS,EA Ops-RMC-Monitoring-Labs-Mgt,DELIVERY DIRECT LOGISTICS LTD,1001595440,29128.92,OTHER COSTS,TA1 2PX,SUPPLIER,,,Expense,826311940
DE,EA,12/03/2025,EXP EU CAPITAL GRANTS TO PTE SECTOR - PERS & NON PROFIT INSTIT'NS SERVING H'HOLD - CWEIY,EA Ops-YOR-Mgt,OVE ARUP & PARTNERS LTD,1001595457,55218.77,EU Capital Grants,NE1 3PL,SUPPLIER,,ENV0000593C,Expense,GB524461265
DE,EA,12/03/2025,EXP EU CAPITAL GRANTS TO PTE SECTOR - PERS & NON PROFIT INSTIT'NS SERVING H'HOLD - CWEIY,EA Ops-WSX-Mgt,KIER INTERGRATED SERVICES LTD,1001595469,670020.63,EU Capital Grants,SG19 2BD,SUPPLIER,,ENVIMSW002130,Expense,1055 40018
DE,EA,12/03/2025,PPE - POA & AUC (OWNED) - COST - O/BAL,EA Ops-COO-SFSO-Data Digital & IT,TELESPAZIO UK LIMITED,1001595500,104300.86,TANGIBLE NBV,LU1 3LU,SUPPLIER,,ENVBBPDM20318B01C,Asset,GB101638353
DE,EA,12/03/2025,EXP EU CAPITAL GRANTS TO PTE SECTOR - PERS & NON PROFIT INSTIT'NS SERVING H'HOLD - CWEIY,EA Ops-EMD-Mgt,FISHTRACK LTD,1001595506,38677.03,EU Capital Grants,NR34 8TG,SUPPLIER,,ENV0002783C,Expense,
DE,EA,12/03/2025,Exp - Purchase Of Goods/Services - Contractors,EA Ops-YOR-FCRM OPS NY-Mgt,BAM NUTTALL LTD,1001595525,101383.25,FEES AND COMMISSIONS,GU15 3XW,CIS SUPPLIER,,ENV7005358R,Expense,GB340316204
DE,EA,12/03/2025,PPE - POA & AUC (OWNED) - COST - O/BAL,EA FCRM Dir-PMA-Improvements Digital & Skills,STANCE GLOBAL LTD,1001595552,72600,TANGIBLE NBV,EC1A 2BN,SUPPLIER,,ENVFCPIM00922B00C,Asset,
DE,EA,12/03/2025,PPE - POA & AUC (OWNED) - COST - O/BAL,EA Ops-COO-SFSO-Estates,DEFRA,1001595575,145430.74,TANGIBLE NBV,SWIP 4DF,SUPPLIER,,ENV0003625C,Asset,888800181
DE,EA,12/03/2025,Exp - Purchase Of Goods/Services - Contractors,EA Ops-WC-Mgt,AMALGAMATED CONSTRUCTION LTD,1001595601,99161.33,FEES AND COMMISSIONS,LS15 8ZB,CIS SUPPLIER,,ENV6007083R,Expense,GB927150433
DE,EA,13/03/2025,PPE - POA & AUC (OWNED) - COST - O/BAL,EA Ops-KSL-Mgt,JEREMY BENN ASSOCIATES LTD,1001595637,206401.88,TANGIBLE NBV,BD23 3AE,SUPPLIER,,ENV0001396C,Asset,665 3009 41
DE,EA,13/03/2025,PPE - POA & AUC (OWNED) - COST - O/BAL,EA Ops-COO-SFSO-DGFS-Mgt,PLYMOUTH MARINE LTD,1001595645,58442.94,TANGIBLE NBV,PL9 7HP,SUPPLIER,,ENV0006176C,Asset,856027618
DE,EA,13/03/2025,EXP - PURCHASE OF GOODS/SERVICES - OTHER - OTHER BOUGHT IN SERVICES,EA E and B-NP-Agr-Mgt,ASSOCIATION OF LOCAL ENVIRONMENTAL RECORDS CENTRES CIC,1001595656,35510.54,OTHER COSTS,YO19 5SN,THIRD PARTY,,ENVHOOP000128,Expense,
DE,EA,13/03/2025,PPE - POA & AUC (OWNED) - COST - O/BAL,EA Ops-KSL-Mgt,XYLEM WATER SOLUTIONS UK LTD,1001595666,56808,TANGIBLE NBV,NG4 2AN,SUPPLIER,,ENV0005141C,Asset,GB116758064
DE,EA,13/03/2025,EXP - PURCHASE OF GOODS/SERVICES - ICT OUTSOURCING & MAINT/SUPPORT,EA E and B-ER-E&M-RSR Business,SCOTTISH ENVIRONMENTAL PROTECTION AGENCY,1001595667,322200,FEES AND COMMISSIONS,FK9 4TZ,OGD,,ENV6002858R,Expense,
DE,EA,13/03/2025,EXP - PURCHASE OF GOODS/SERVICES - OTHER - RESEARCH AND DEVELOPMENT,EA E and B-CR-Future Reg-Regulatory Futures,UNIVERSITY OF CAMBRIDGE,1001595716,156000,OTHER COSTS,CB3 0TX,SUPPLIER,,,Expense,GB823847609
DE,EA,13/03/2025,EXP - PURCHASE OF GOODS/SERVICES - VEHICLE MAINTENANCE,EA Ops-COO-SFSO-DGFS-Planning & Performance,FRAIKIN LTD,1001595721,414766.1,TRANSPORT & PLANT,CV3 4FJ,CUSTOMER,,,Expense,
DE,EA,13/03/2025,PPE - POA & AUC (OWNED) - COST - O/BAL,EA Ops-RMC-Monitoring-FoNT Implementation,IOMART GROUP PLC,1001595734,36584.63,TANGIBLE NBV,G2 8JD,SUPPLIER,,ENVEBOLW40087B02,Asset,
DE,EA,13/03/2025,EXP - PURCHASE OF GOODS/SERVICES - CONSULTANCY - TECHNICAL,EA Ops-CLA-FCRM-PSO Cumbria,JACOBS UK LTD,1001595747,252568.26,FEES AND COMMISSIONS,SE1 2QG,CIS SUPPLIER,,ENV7005817R,Expense,GB624298920
DE,EA,13/03/2025,EXP EU CAPITAL GRANTS TO PTE SECTOR - PERS & NON PROFIT INSTIT'NS SERVING H'HOLD - CWEIY,EA Ops-WMD-Mgt,OVE ARUP & PARTNERS LTD,1001595748,51667.63,EU Capital Grants,NE1 3PL,SUPPLIER,,ENV0002599C,Expense,GB524461265
DE,EA,13/03/2025,EXP EU CAPITAL GRANTS TO PTE SECTOR - PERS & NON PROFIT INSTIT'NS SERVING H'HOLD - CWEIY,EA Ops-WMD-Mgt,SHROPSHIRE COUNCIL,1001595770,70830.78,EU Capital Grants,SY2 6ND,SUPPLIER,,ENV0004760C,Expense,162347472
DE,EA,13/03/2025,EXP EU CAPITAL GRANTS TO PTE SECTOR - PERS & NON PROFIT INSTIT'NS SERVING H'HOLD - CWEIY,EA E and B-NP-F&N-Estuaries and Coasts Plg,UNIVERSITY OF PLYMOUTH,1001595789,99469.48,EU Capital Grants,PL4 8AA,SUPPLIER,,ENV0004644C,Expense,GB 168287859
DE,EA,13/03/2025,EXP - PURCHASE OF GOODS/SERVICES - ACCOMMODATION & BLDNG MANAGEMENT - INTERNAL BUILDING FABRIC REPAIR & MAINTENANCE,EA Ops-RMC-Monitoring-Labs-Starcross Support,DEFRA,1001595820,58227.25,BUILDING COSTS,NP10 8FZ,SUPPLIER,,,Expense,888800181
DE,EA,13/03/2025,PPE - POA & AUC (OWNED) - COST - O/BAL,EA Ops-NEA-Mgt,BAM NUTTALL LTD,1001595826,214045.67,TANGIBLE NBV,GU15 3XW,CIS SUPPLIER,,ENVIMNE640137,Asset,GB340316204
DE,EA,13/03/2025,PPE - POA & AUC (OWNED) - COST - O/BAL,EA Ops-YOR-Mgt,BAM NUTTALL LTD,1001595841,254011.03,TANGIBLE NBV,GU15 3XW,CIS SUPPLIER,,ENVIMNE790516,Asset,GB340316204
DE,EA,13/03/2025,EXP - PURCHASE OF GOODS/SERVICES - CONSULTANCY - TECHNICAL,EA Ops-COO-SFSO-Data Digital & IT,TELESPAZIO UK LIMITED,1001595873,491316.96,FEES AND COMMISSIONS,LU1 3LU,SUPPLIER,,ENVBBPDM20317B01R,Expense,GB101638353
DE,EA,13/03/2025,Exp - Purchase Of Goods/Services - Contractors,EA Ops-EMD-FCRM OPS Supra Area MEICA-Mgt,ECS ENGINEERING SERVICES LTD,1001595876,224340.13,FEES AND COMMISSIONS,NG172JZ,CIS SUPPLIER,,ENV6007250R,Expense,646710631
DE,EA,13/03/2025,PPE - POA & AUC (OWNED) - COST - O/BAL,EA Ops-WSX-Mgt,KIER INTERGRATED SERVICES LTD,1001595896,127328.94,TANGIBLE NBV,M2 2EE,SUPPLIER,,ENV0004970C,Asset,1055 40018
DE,EA,13/03/2025,PPE - POA & AUC (OWNED) - COST - O/BAL,EA Ops-KSL-Mgt,XYLEM WATER SOLUTIONS UK LTD,1001595959,38388,TANGIBLE NBV,NG4 2AN,SUPPLIER,,ENV0005141C,Asset,GB116758064
DE,EA,13/03/2025,EXP - PURCHASE OF GOODS/SERVICES - ACCOMMODATION & BLDNG MANAGEMENT - INTERNAL BUILDING FABRIC REPAIR & MAINTENANCE,EA Ops-RMC-Monitoring-Labs-Starcross Support,DEFRA,1001595965,72445.86,BUILDING COSTS,SWIP 4DF,SUPPLIER,,,Expense,888800181
DE,EA,13/03/2025,PPE - POA & AUC (OWNED) - COST - O/BAL,EA Ops-KSL-Mgt,JT MACKLEY & CO LTD,1001595989,39202.74,TANGIBLE NBV,BN5 9XQ,CIS SUPPLIER,,ENV0005975C,Asset,GB315857150
DE,EA,13/03/2025,Exp - Purchase Of Goods/Services - Contractors,EA Ops-CLA-FCRM OPS-Mgt,AMALGAMATED CONSTRUCTION LTD,1001596009,52380.34,FEES AND COMMISSIONS,LS15 8ZB,CIS SUPPLIER,,ENV7005873R,Expense,GB927150433
DE,EA,13/03/2025,Exp - Purchase Of Goods/Services - Contractors,EA Ops-EAN-FCRM OPS West-Asset Perf,BREHENY CIVIL ENGINEERING LTD,1001596010,79714.02,FEES AND COMMISSIONS,IP6 8NH,CIS SUPPLIER,,ENV6007130R,Expense,GB 787425388
DE,EA,13/03/2025,EXP EU CAPITAL GRANTS TO PTE SECTOR - PERS & NON PROFIT INSTIT'NS SERVING H'HOLD - CWEIY,EA Ops-KSL-Mgt,LAND & WATER SERVICES LTD,1001596012,162432.46,EU Capital Grants,GU4 8RU,CIS SUPPLIER,,ENV0004582C,Expense,GB880055431
DE,EA,13/03/2025,Exp - Purchase Of Goods/Services - Contractors,EA Ops-CLA-FCRM OPS-Mgt,CHEETHAM HILL CONSTRUCTION LTD,1001596013,49606.31,FEES AND COMMISSIONS,BL8 1AR,CIS SUPPLIER,,ENV7005877R,Expense,GB927393104
DE,EA,13/03/2025,EXP - PURCHASE OF GOODS/SERVICES - CONSULTANCY - NON ADVISORY,EA FCRM Dir-AAM-Efficiency & Portfolio-Portfolio,PROGRAM FRAMEWORK LTD,1001596021,219370.76,FEES AND COMMISSIONS,EC3M 5DJ,SUPPLIER,C23337,ENVFCPAM00300B00R,Expense,GB 867667460
DE,EA,13/03/2025,EXP - PURCHASE OF GOODS/SERVICES - CONSULTANCY - TECHNICAL,EA FCRM Dir-MPPD-PCM-SW,WSP UK LTD,1001596028,111641.41,FEES AND COMMISSIONS,WC2A 1AF,CIS SUPPLIER,,ENVNCPMSCONSW,Expense,GB 905 0549 42
DE,EA,13/03/2025,PPE - POA & AUC (OWNED) - COST - O/BAL,EA Ops-THM-Mgt,JACKSON FRAMEWORKS LTD,1001596032,61852.18,TANGIBLE NBV,IP1 5LT,CIS SUPPLIER,,ENV0005028C,Asset,GB904443249
DE,EA,13/03/2025,EXP - PURCHASE OF GOODS/SERVICES - OTHER - EQUIPMENT MAINTENANCE,EA Ops-KSL-FCRM TTD-MEICA Operations & Maintenance,JAMES WALKER UK LTD,1001596035,44613,OTHER COSTS,CW1 6XB,SUPPLIER,,ENV6007508R,Expense,GB529274330
DE,EA,14/03/2025,PPE - POA & AUC (OWNED) - COST - O/BAL,EA Ops-WSX-Mgt,KIER INTERGRATED SERVICES LTD,1001596044,35724.97,TANGIBLE NBV,M2 2EE,SUPPLIER,,ENV0004191C,Asset,1055 40018
DE,EA,14/03/2025,Exp - Purchase Of Goods/Services - Contractors,EA Ops-RMC-Monitoring-Survey,RICARDO AEA LTD,1001596045,25406.54,FEES AND COMMISSIONS,OX11 0QR,CIS SUPPLIER,,ENV6007686R,Expense,88 8800 181
DE,EA,14/03/2025,PPE - POA & AUC (OWNED) - COST - O/BAL,EA Ops-WSX-Mgt,ATKINSRÉALIS UK LTD,1001596070,984918.82,TANGIBLE NBV,KT18 5BW,CIS SUPPLIER,,ENVIMSW002039,Asset,20986 1253
DE,EA,14/03/2025,EXP EU CAPITAL GRANTS TO PTE SECTOR - PERS & NON PROFIT INSTIT'NS SERVING H'HOLD - CWEIY,EA Ops-YOR-Mgt,BAM NUTTALL LTD,1001596078,167359.63,EU Capital Grants,GU15 3XW,CIS SUPPLIER,,ENV0001487C,Expense,GB340316204
DE,EA,14/03/2025,Exp - Purchase Of Goods/Services - Contractors,EA Ops-KSL-FCRM-Mgt,JT MACKLEY & CO LTD,1001596100,34763.47,FEES AND COMMISSIONS,BN5 9XQ,CIS SUPPLIER,,ENV7005792R,Expense,GB315857150
DE,EA,14/03/2025,Exp - Purchase Of Goods/Services - Contractors,EA Ops-EAN-FCRM OPS West-Asset Perf Ely,BREHENY CIVIL ENGINEERING LTD,1001596102,235340.36,FEES AND COMMISSIONS,IP6 8NH,CIS SUPPLIER,,ENV6004897R,Expense,GB 787425388
DE,EA,14/03/2025,EXP EU CAPITAL GRANTS TO PTE SECTOR - PERS & NON PROFIT INSTIT'NS SERVING H'HOLD - CWEIY,EA Ops-HNL-Mgt,LAND & WATER SERVICES LTD,1001596104,323000.01,EU Capital Grants,GU4 8RU,CIS SUPPLIER,,ENV0002534C,Expense,GB880055431
DE,EA,14/03/2025,EXP EU CAPITAL GRANTS TO PTE SECTOR - PERS & NON PROFIT INSTIT'NS SERVING H'HOLD - CWEIY,EA E and B-CS-EAE-Mgt,EVIDENT EUROPE GMBH UK BRANCH,1001596120,43199.94,EU Capital Grants,CM24 1AL,SUPPLIER,,ENV0004087C,Expense,404653416
DE,EA,14/03/2025,Exp - Purchase Of Goods/Services - Contractors,EA Ops-THM-Waterways-Mgt,LAND & WATER SERVICES LTD,1001596124,129548.67,FEES AND COMMISSIONS,GU4 8RU,CIS SUPPLIER,,ENV6007537R,Expense,GB880055431
DE,EA,14/03/2025,Exp - Purchase Of Goods/Services - Contractors,EA Ops-EMD-Mgt,JACKSON FRAMEWORKS LTD,1001596125,82615.96,FEES AND COMMISSIONS,IP1 5LT,CIS SUPPLIER,,ENV7006068R,Expense,GB904443249
DE,EA,14/03/2025,PPE - POA & AUC (OWNED) - COST - O/BAL,EA Ops-DCS-Mgt,CORSERV SOLUTIONS LTD,1001596126,102193.17,TANGIBLE NBV,TR16 5EH,CIS SUPPLIER,,ENV0005753C,Asset,GB135535518
DE,EA,14/03/2025,PPE - POA & AUC (OWNED) - COST - O/BAL,EA Ops-CLA-Mgt,VOLKERSTEVIN INFRASTRUCTURE LTD,1001596129,174431.49,TANGIBLE NBV,EN11 9BX,CIS SUPPLIER,,ENV0005310C,Asset,GB424894330
DE,EA,14/03/2025,EXP EU CAPITAL GRANTS TO PTE SECTOR - PERS & NON PROFIT INSTIT'NS SERVING H'HOLD - CWEIY,EA Ops-SSD-Mgt,JEREMY BENN ASSOCIATES LTD,1001596132,125073.81,EU Capital Grants,BD23 3AE,SUPPLIER,,ENV0004615C,Expense,665 3009 41
DE,EA,14/03/2025,Exp - Purchase Of Goods/Services - Contractors,EA Ops-CLA-FCRM-Programme-LL,LANCASHIRE COUNTY COUNCIL,1001596133,37000,FEES AND COMMISSIONS,PR1 8RD,SUPPLIER,,ENV6000572R,Expense,155712174
DE,EA,14/03/2025,PPE - POA & AUC (OWNED) - COST - O/BAL,EA Ops-RMC-Monitoring-Labs-Mgt,WOLF LABORATORIES LTD,1001596145,107637.6,TANGIBLE NBV,YO42 2PX,SUPPLIER,,ENV0002335C,Asset,GB 630 9368 34
DE,EA,14/03/2025,"EXP - PURCHASE OF GOODS/SERVICES - OTHER - V&P, BOATS & AIRCRAFT - HIRE",EA Ops-COO-SFSO-DGFS-Mgt,ENTERPRISE RENT A CAR,1001596149,47189.71,TRANSPORT & PLANT,BS99 7PP,SUPPLIER,,ENVHORES00187,Expense,215557314
DE,EA,14/03/2025,EXP EU CAPITAL GRANTS TO PTE SECTOR - PERS & NON PROFIT INSTIT'NS SERVING H'HOLD - CWEIY,EA Ops-KSL-Mgt,VOLKERSTEVIN INFRASTRUCTURE LTD,1001596151,170158.04,EU Capital Grants,EN11 9NX,CIS SUPPLIER,,ENVIMSO001254,Expense,GB424894330
DE,EA,14/03/2025,EXP - PURCHASE OF GOODS/SERVICES - CONSULTANCY - TECHNICAL,EA Ops-GMC-FCRM-Programme-LL,GREATER MANCHESTER COMBINED AUTHORITY,1001596169,34000,FEES AND COMMISSIONS,M1 6EU,SUPPLIER,,ENVIMNW000972R,Expense,287158171
DE,EA,14/03/2025,EXP - PURCHASE OF GOODS/SERVICES - CONSULTANCY - TECHNICAL,EA FCRM Dir-AME-Asset Management Systems,AECOM LTD,1001596201,57540.7,FEES AND COMMISSIONS,E1 8FA,SUPPLIER,,ENV6006971R,Expense,611853162
DE,EA,14/03/2025,EXP EU CAPITAL GRANTS TO PTE SECTOR - PERS & NON PROFIT INSTIT'NS SERVING H'HOLD - CWEIY,EA Ops-CLA-Mgt,VOLKERSTEVIN INFRASTRUCTURE LTD,1001596207,161028.01,EU Capital Grants,EN11 9BX,CIS SUPPLIER,,ENV0002945C,Expense,GB424894330
DE,EA,14/03/2025,Exp - Purchase Of Goods/Services - Consultancy,EA FCRM Dir-MPPD-CAFM-Should Cost & Intelligence,TURNER & TOWNSEND PROJECT MANAGEMENT LTD,1001596231,73761.13,FEES AND COMMISSIONS,LS18 4GH,SUPPLIER,,,Expense,764244132
DE,EA,14/03/2025,PPE - POA & AUC (OWNED) - COST - O/BAL,EA Ops-DCS-Mgt,ATKINSRÉALIS UK LTD,1001596241,62298.07,TANGIBLE NBV,KT18 5BW,CIS SUPPLIER,,ENV0002317C,Asset,20986 1253
DE,EA,14/03/2025,EXP EU CAPITAL GRANTS TO PTE SECTOR - PERS & NON PROFIT INSTIT'NS SERVING H'HOLD - CWEIY,EA Ops-CLA-Mgt,JACOBS UK LTD,1001596242,32943.12,EU Capital Grants,G2 7HX,CIS SUPPLIER,,ENV0000489C,Expense,GB624298920
DE,EA,14/03/2025,Exp - Purchase Of Goods/Services - Consultancy,EA E and B-Water-OCS-National Appraisal Unit,NEXSYS ANALYTICS LIMITED,1001596261,45952.2,FEES AND COMMISSIONS,BL6 4SG,SUPPLIER,,ENVWLB00281R,Expense,GB416492393
DE,EA,14/03/2025,EXP - PURCHASE OF GOODS/SERVICES - CONSULTANCY - TECHNICAL,EA Ops-GMC-FCRM-Programme-LL,WIRRAL COUNCIL,1001596266,37000,FEES AND COMMISSIONS,CH27 9FQ,SUPPLIER,,ENVIMNW000972R,Expense,GB165565540
DE,EA,14/03/2025,Exp - Purchase Of Goods/Services - Contractors,EA Ops-EAN-FCRM OPS West-Asset Perf Ely,ARC FABRICATIONS PROJECTS LTD,1001596267,58987.2,FEES AND COMMISSIONS,PE330BE,SUPPLIER,,ENV6004533R,Expense,
DE,EA,14/03/2025,EXP EU CAPITAL GRANTS TO PTE SECTOR - PERS & NON PROFIT INSTIT'NS SERVING H'HOLD - CWEIY,EA Ops-SSD-Mgt,ISLE OF WIGHT COUNCIL,1001596269,60000,EU Capital Grants,PO30 5WB,SUPPLIER,,ENV0006092C,Expense,108366865
DE,EA,14/03/2025,EXP - PURCHASE OF GOODS/SERVICES - VEHICLE MAINTENANCE,EA Ops-COO-SFSO-DGFS-Planning & Performance,BRIGGS EQUIPMENT UK LTD,1001596272,277941.34,TRANSPORT & PLANT,WS11 8XW,SUPPLIER,,,Expense,890025926
DE,EA,14/03/2025,EXP - PURCHASE OF GOODS/SERVICES - CONSULTANCY - NON ADVISORY,EA Ops-WMD-EPE Bus Strat-Environment Programme Pro,CEH,1001596273,43196.42,FEES AND COMMISSIONS,OX10 8BB,OGD,,ENV6005600R,Expense,GB336940192
DE,EA,14/03/2025,EXP EU CAPITAL GRANTS TO PTE SECTOR - PERS & NON PROFIT INSTIT'NS SERVING H'HOLD - CWEIY,EA Ops-IM&R-E&R-Strategic Delivery Projects,JBA CONSULTING,1001596282,56934.86,EU Capital Grants,BD23 3FD,SUPPLIER,,ENV0002867C,Expense,665300941
DE,EA,14/03/2025,EXP EU CAPITAL GRANTS TO PTE SECTOR - PERS & NON PROFIT INSTIT'NS SERVING H'HOLD - CWEIY,EA E and B-CS-Research,THE UK CENTRE FOR ECOLOGY AND HYDROLOGY UKCEH,1001596284,56532.25,EU Capital Grants,OX10 8BB,SUPPLIER,,ENV0005109C,Expense,GB336940192
DE,EA,14/03/2025,EXP - PURCHASE OF GOODS/SERVICES - CONSULTANCY - TECHNICAL,EA Ops-CLA-FCRM OPS-Mgt,JACOBS UK LTD,1001596300,217447.14,FEES AND COMMISSIONS,SE1 2QG,CIS SUPPLIER,,ENV6004745R,Expense,GB624298920
DE,EA,14/03/2025,EXP - PURCHASE OF GOODS/SERVICES - CONSULTANCY - TECHNICAL,EA Ops-WMD-FCRM OPS West-Mgt,OVE ARUP & PARTNERS LTD,1001596301,236608.35,FEES AND COMMISSIONS,NE1 3PL,SUPPLIER,,ENV6007228R,Expense,GB524461265
DE,EA,14/03/2025,EXP - PURCHASE OF GOODS/SERVICES - OTHER PROFESSIONAL SERVICES,EA Ops-RMC-Monitoring-Survey-AirContracts,UK CENTRE FOR ECOLOGY & HYDROLOGY,1001596313,91855.46,FEES AND COMMISSIONS,OX10 8BB,SUPPLIER,,,Expense,336 940192
DE,EA,14/03/2025,PPE - POA & AUC (OWNED) - COST - O/BAL,EA Ops-WSX-Mgt,KIER INTERGRATED SERVICES LTD,1001596314,83538.26,TANGIBLE NBV,SG19 2BD,SUPPLIER,,ENV0002496C,Asset,1055 40018
DE,EA,14/03/2025,Exp - Purchase Of Goods/Services - Contractors,EA Ops-CLA-FCRM-Programme-LL,WESTMORLAND AND FURNESS COUNCIL,1001596320,42000,FEES AND COMMISSIONS,LA9 4UF,LOCAL AUTHORITIES,,ENV6000572R,Expense,GB434548878
DE,EA,14/03/2025,EXP - PURCHASE OF GOODS/SERVICES - CONSULTANCY - TECHNICAL,EA Ops-GMC-FCRM-Programme-LL,WARRINGTON BOROUGH COUNCIL,1001596334,33640.22,FEES AND COMMISSIONS,WA1 2FG,LOCAL AUTHORITIES,,ENVIMNW000972R,Expense,152847160
DE,EA,14/03/2025,EXP EU CAPITAL GRANTS TO PTE SECTOR - PERS & NON PROFIT INSTIT'NS SERVING H'HOLD - CWEIY,EA FCRM Dir-SNA-FCRM Strategy,BAM NUTTALL LTD,1001596389,74323.13,EU Capital Grants,GU15 3XW,CIS SUPPLIER,,ENV0005802C,Expense,GB340316204
DE,EA,14/03/2025,EXP - PURCHASE OF GOODS/SERVICES - ICT OUTSOURCING & MAINT/SUPPORT,EA Ops-IM&R-DigiS-Forecasting & Warning,FUJITSU SERVICES LTD,1001596397,131438.03,FEES AND COMMISSIONS,B37 7YU,CIS SUPPLIER,,,Expense,576983668
DE,EA,14/03/2025,EXP - PURCHASE OF GOODS/SERVICES - OTHER - EQUIPMENT - OPERATIONAL,EA Ops-IM&R-R&R-Operational Readiness,BUREAU VERITAS UK LTD,1001596400,46330.88,OTHER COSTS,M22 5PR,SUPPLIER,,ENVHOOP000059,Expense,725440254
DE,EA,14/03/2025,EXP EU CAPITAL GRANTS TO PTE SECTOR - PERS & NON PROFIT INSTIT'NS SERVING H'HOLD - CWEIY,EA Ops-YOR-Mgt,AECOM LTD,1001596409,30000,EU Capital Grants,E1 8FA,SUPPLIER,,ENV0007417C,Expense,611853162
DE,EA,14/03/2025,EXP EU CAPITAL GRANTS TO PTE SECTOR - PERS & NON PROFIT INSTIT'NS SERVING H'HOLD - CWEIY,EA Ops-THM-Mgt,OXFORD CITY COUNCIL,1001596416,46069.53,EU Capital Grants,OX1 1EN,LOCAL AUTHORITIES,,ENVIMSE500177,Expense,195457718
DE,EA,14/03/2025,EXP - PURCHASE OF GOODS/SERVICES - CONSULTANCY - TECHNICAL,EA Ops-COO-SFSO-Data Digital & IT,TELESPAZIO UK LIMITED,1001596437,118980.06,FEES AND COMMISSIONS,LU1 3LU,SUPPLIER,,ENVBBPDM20319B01R,Expense,GB101638353
DE,EA,17/03/2025,PPE - POA & AUC (OWNED) - COST - O/BAL,EA Ops-DCS-Mgt,KIER INTERGRATED SERVICES LTD,1001596475,58686.81,TANGIBLE NBV,M2 2EE,SUPPLIER,,ENV0005969C,Asset,1055 40018
DE,EA,17/03/2025,EXP - PURCHASE OF GOODS/SERVICES - CONSULTANCY - TECHNICAL,EA E and B-CR-Reg Resilience-Mon & Assessment,TOXICOLOGY AND RISK ASSESSMENT CONSULTING LTD,1001596493,59985.6,FEES AND COMMISSIONS,RG17 7HU,SUPPLIER,,ENV6005431R,Expense,
DE,EA,17/03/2025,EXP - PURCHASE OF GOODS/SERVICES - CONSULTANCY - TECHNICAL,EA FCRM Dir-PMA-Improvements Digital & Skills,DEFRA,1001596494,47584.87,FEES AND COMMISSIONS,NP10 8FZ,SUPPLIER,,ENVFCPSNA00549B00R,Expense,888800181
DE,EA,17/03/2025,EXP EU CAPITAL GRANTS TO PTE SECTOR - PERS & NON PROFIT INSTIT'NS SERVING H'HOLD - CWEIY,EA Ops-WSX-Mgt,THE BRISTOL PORT CO,1001596505,54562.01,EU Capital Grants,BS11 9DQ,SUPPLIER,,ENVIMSW002194,Expense,
DE,EA,17/03/2025,PPE - POA & AUC (OWNED) - COST - O/BAL,EA Ops-WSX-Mgt,KIER INTERGRATED SERVICES LTD,1001596510,1308321.18,TANGIBLE NBV,SG19 2BD,SUPPLIER,,ENV0001197C,Asset,1055 40018
DE,EA,17/03/2025,EXP - CAPITAL GRANTS TO LOCAL GOVERNMENT,EA Ops-YOR-Mgt,NORTH YORKSHIRE COUNCIL - SCARBOROUGH SPA,1001596515,221000,GRANTS,YO11 2HG,LOCAL AUTHORITIES,,ENVRMAGIA0008C,Expense,
DE,EA,17/03/2025,EXP - PURCHASE OF GOODS/SERVICES - OTHER - LICENCES AND CONSENTS,EA Ops-COO-SFSO-Data Digital & IT,UK CENTRE FOR ECOLOGY & HYDROLOGY ENTERPRISE LTD,1001596538,32189.57,OTHER COSTS,OX10 8BB,SUPPLIER,,ENVHOEV141505,Expense,336940192
DE,EA,17/03/2025,PPE - POA & AUC (OWNED) - COST - O/BAL,EA Ops-CLA-Mgt,A E YATES LTD,1001596545,68467.69,TANGIBLE NBV,BL6 4SB,SUPPLIER,,ENV0005304C,Asset,GB145669831
DE,EA,17/03/2025,EXP - CAPITAL GRANTS TO LOCAL GOVERNMENT,EA FCRM Dir-AME-Engineering and Technical Assurance,WITHAM FOURTH DISTRICT INTERNAL DRAINAGE BOARD,1001596555,603447,GRANTS,PE21 6PP,SUPPLIER,,ENV0006083C,Expense,
DE,EA,17/03/2025,EXP - CAPITAL GRANTS TO LOCAL GOVERNMENT,EA Ops-CLA-Mgt,WYRE BOROUGH COUNCIL,1001596556,5212933.69,GRANTS,FY6 7PU,SUPPLIER,,ENVRMAGIA0010C,Expense,
DE,EA,17/03/2025,EXP - CAPITAL GRANTS TO LOCAL GOVERNMENT - LOCAL LEVY,EA Ops-KSL-Mgt,ROYAL BOROUGH OF KINGSTON UPON THAMES,1001596557,45396,GRANTS - PROJECTS,KT1 1EU,SUPPLIER,,ENVIMSELLKSL2,Expense,216333883
DE,EA,17/03/2025,EXP EU CAPITAL GRANTS TO PTE SECTOR - PERS & NON PROFIT INSTIT'NS SERVING H'HOLD - CWEIY,EA Ops-SSD-Mgt,VOLKERSTEVIN INFRASTRUCTURE LTD,1001596558,228305.01,EU Capital Grants,EN11 9BX,CIS SUPPLIER,,ENVIMSO001021,Expense,GB424894330
DE,EA,17/03/2025,EXP - PURCHASE OF GOODS/SERVICES - OTHER PROFESSIONAL SERVICES,EA E and B-Water-WQ&I-Groundwater,ARCADIS CONSULTING UK LTD,1001596568,55317.18,FEES AND COMMISSIONS,CF3 0EY,SUPPLIER,Atamis Contract Ref. C23323,,Expense,GB 8727 99950
DE,EA,17/03/2025,PPE - POA & AUC (OWNED) - COST - O/BAL,EA Ops-EMD-Mgt,JACKSON CIVIL ENGINEERING GROUP LTD.,1001596592,306361.42,TANGIBLE NBV,IP1 5LT,CIS SUPPLIER,,ENV0005276C,Asset,GB 904443249
DE,EA,17/03/2025,EXP - PURCHASE OF GOODS/SERVICES - CONSULTANCY - TECHNICAL,EA Ops-WSX-FCRM-Mgt,JEREMY BENN ASSOCIATES LTD,1001596593,59195.46,FEES AND COMMISSIONS,BD23 3AE,SUPPLIER,,ENV7002725R,Expense,665 3009 41
DE,EA,17/03/2025,EXP - CAPITAL GRANTS TO LOCAL GOVERNMENT,EA FCRM Dir-AME-Engineering and Technical Assurance,PEVENSEY & CUCKMERE WATER MANAGEMENT BOARD,1001596606,589789.19,GRANTS,PE30 5DD,SUPPLIER,,ENV0006083C,Expense,263923882
DE,EA,17/03/2025,PPE - POA & AUC (OWNED) - COST - O/BAL,EA Ops-EAN-Mgt,WSP UK LTD,1001596613,159705,TANGIBLE NBV,WC2A 1AF,CIS SUPPLIER,26449,ENV0006246C,Asset,GB 905 0549 42
DE,EA,17/03/2025,Exp - Purchase Of Goods/Services - Contractors,EA Ops-HNL-FCRM OPS East-Asset Perf Lower Lee & Roding,ECS ENGINEERING SERVICES LTD,1001596615,36653.83,FEES AND COMMISSIONS,NG172JZ,CIS SUPPLIER,,ENV7005742R,Expense,646710631
DE,EA,17/03/2025,EXP - CAPITAL GRANTS TO LOCAL GOVERNMENT - LOCAL LEVY,EA Ops-YOR-Mgt,HULL CITY COUNCIL,1001596625,25000,GRANTS - PROJECTS,HU1 2AB,SUPPLIER,,ENVIMNE790380,Expense,207 8245 11
DE,EA,17/03/2025,EXP - CAPITAL GRANTS TO LOCAL GOVERNMENT,EA FCRM Dir-AME-Engineering and Technical Assurance,LITTLEPORT & DOWNHAM INTERNAL DRAINAGE BOARD,1001596626,372000,GRANTS,CB7 4UN,SUPPLIER,,ENV0006083C,Expense,
DE,EA,17/03/2025,EXP - CAPITAL GRANTS TO LOCAL GOVERNMENT - LOCAL LEVY,EA Ops-KSL-Mgt,LONDON BOROUGH OF LEWISHAM,1001596627,50000,GRANTS - PROJECTS,SE9 7BL,SUPPLIER,,ENVIMSELLKSL2,Expense,
DE,EA,17/03/2025,EXP - PURCHASE OF GOODS/SERVICES - OTHER - LABORATORY SERVICES,EA Ops-RMC-Monitoring-Instruments&Systems-Comm,METEOR COMMUNICATIONS EUROPE LTD,1001596629,193789.44,OTHER COSTS,AL7 1JG,SUPPLIER,,,Expense,
DE,EA,17/03/2025,EXP - CURRENT GRANTS TO PRIVATE SECTOR - NEIRF GRANTS,EA Ops-COO-SFSO-Innovation Funding and Investment,WYE & USK FOUNDATION,1001596636,27985.99,OTHER COSTS,LD3 0BW,SUPPLIER,,ENV6007041R,Expense,
DE,EA,17/03/2025,PPE - POA & AUC (OWNED) - COST - O/BAL,EA E and B-ER-W&R-Reform,CIVICA UK LTD,1001596640,34473.3,TANGIBLE NBV,GU22 7UY,SUPPLIER,Contract ref C26904,ENV0005494C,Asset,GB391171065
DE,EA,17/03/2025,PPE - POA & AUC (OWNED) - COST - O/BAL,EA Ops-KSL-Mgt,NIVUS LTD,1001596642,106861.44,TANGIBLE NBV,CV32 7UJ,SUPPLIER,,ENV0007530C,Asset,
DE,EA,17/03/2025,EXP EU CAPITAL GRANTS TO PTE SECTOR - PERS & NON PROFIT INSTIT'NS SERVING H'HOLD - CWEIY,EA Ops-YOR-Mgt,BAM NUTTALL LTD,1001596652,116195.22,EU Capital Grants,GU15 3XW,CIS SUPPLIER,,ENVIMNE000209,Expense,GB340316204
DE,EA,17/03/2025,EXP - CAPITAL GRANTS TO LOCAL GOVERNMENT,EA Ops-YOR-Mgt,CALDERDALE METROPOLITAN BOROUGH COUNCIL,1001596655,392457.43,GRANTS,HX1 1TP,THIRD PARTY,,ENVRMAGIA0008C,Expense,18 4314761
DE,EA,17/03/2025,EXP - CAPITAL GRANTS TO LOCAL GOVERNMENT - LOCAL LEVY,EA Ops-GMC-Mgt,SEFTON COUNCIL,1001596656,44000,GRANTS - PROJECTS,L20 3US,SUPPLIER,,ENVIMNW000969,Expense,GB165662152
DE,EA,17/03/2025,EXP - CAPITAL GRANTS TO LOCAL GOVERNMENT,EA FCRM Dir-AME-Engineering and Technical Assurance,OLD WEST INTERNAL DRAINAGE BOARD,1001596657,60000,GRANTS,CB7 4UN,SUPPLIER,,ENV0006083C,Expense,
DE,EA,17/03/2025,EXP - CAPITAL GRANTS TO LOCAL GOVERNMENT,EA Ops-KSL-Mgt,THANET DISTRICT COUNCIL,1001596667,58843.3,GRANTS,CT9 1XZ,CUSTOMER,,ENVRMAGIA0014C,Expense,GB202340626
DE,EA,17/03/2025,PPE - POA & AUC (OWNED) - COST - O/BAL,EA Ops-LNA-Mgt,BMM JV LTD,1001596671,279938.21,TANGIBLE NBV,GU15 3XW,CIS SUPPLIER,,ENVIMAN001472,Asset,171071731
DE,EA,17/03/2025,EXP EU CAPITAL GRANTS TO PTE SECTOR - PERS & NON PROFIT INSTIT'NS SERVING H'HOLD - CWEIY,EA Ops-DCS-Mgt,SNOWLAND LEISURE GROUP LTD,1001596674,74413,EU Capital Grants,PL24 2AE,THIRD PARTY,,ENVIMSW002205,Expense,
DE,EA,17/03/2025,EXP - PURCHASE OF GOODS/SERVICES - OFFICE RELATED - PUBLICATIONS,EA Ops-COO-SFSO-Data Digital & IT,BARBOUR EHS LIMITED,1001596680,48248.4,OTHER COSTS,SW1X 7HN,SUPPLIER,,ENVHOEV141505,Expense,GB387097939
DE,EA,17/03/2025,EXP - PURCHASE OF GOODS/SERVICES - SUPPORT - COMPUTER SOFTWARE,EA E and B-ER-W&R-Regime Regulation,CIVICA UK LTD,1001596685,95788.74,INFORMATION TECHNOLOGY,BS35 2BS,SUPPLIER,,ENV6003711R,Expense,GB391171065
DE,EA,17/03/2025,EXP - CAPITAL GRANTS TO LOCAL GOVERNMENT,EA FCRM Dir-AME-Engineering and Technical Assurance,SOUTHERY & DISTRICT INTERNAL DRAINAGE BOARD,1001596686,499500,GRANTS,CB7 4UN,SUPPLIER,,ENV0006083C,Expense,373233954
DE,EA,17/03/2025,EXP - CURRENT GRANTS TO PRIVATE SECTOR - NEIRF GRANTS,EA Ops-COO-SFSO-Innovation Funding and Investment,SURREY WILDLIFE TRUST,1001596688,55921,OTHER COSTS,GU24 0JN,SUPPLIER,,ENV6007041R,Expense,
DE,EA,17/03/2025,EXP - CAPITAL GRANTS TO LOCAL GOVERNMENT,EA Ops-DCS-Mgt,TORRIDGE DISTRICT COUNCIL,1001596689,64503,GRANTS,EX39 2HT,SUPPLIER,,ENVRMAGIA0011C,Expense,144666062
DE,EA,17/03/2025,EXP - CAPITAL GRANTS TO LOCAL GOVERNMENT,EA Ops-NEA-Mgt,SUNDERLAND CITY COUNCIL,1001596697,50000,GRANTS,SR2 7DN,LOCAL AUTHORITIES,,ENVRMAGIA0007C,Expense,178 2102 71
DE,EA,17/03/2025,EXP - CAPITAL GRANTS TO LOCAL GOVERNMENT,EA Ops-LNA-Mgt,BLACK SLUICE INTERNAL DRAINAGE BOARD,1001596714,50000,GRANTS,PE20 3PW,SUPPLIER,,ENVRMAGIA0004C,Expense,
DE,EA,17/03/2025,Exp - Purchase Of Goods/Services - Contractors,EA E and B-ER-E&M-Mgt,UNIVERSITY OF STIRLING,1001596716,26330.39,FEES AND COMMISSIONS,FR9 4LA,Other Education,,ENVEBPRI12003,Expense,261483657
DE,EA,17/03/2025,EXP - PURCHASE OF GOODS/SERVICES - OTHER - GRANTS AND CONTRIBUTIONS,EA FCRM Dir-AME-Engineering and Technical Assurance,WELLAND & DEEPINGS INTERNAL DRAINAGE BOARD,1001596718,225807.7,OTHER COSTS,PE11 2TD,SUPPLIER,,ENV7006083R,Expense,
DE,EA,17/03/2025,EXP EU CAPITAL GRANTS TO PTE SECTOR - PERS & NON PROFIT INSTIT'NS SERVING H'HOLD - CWEIY,EA Ops-WMD-Mgt,WILDLIFE TRUST FOR BIRMINGHAM & THE BLACK COUNTRY,1001596729,50000,EU Capital Grants,B18 7EP,SUPPLIER,,ENV0004971C,Expense,
DE,EA,17/03/2025,EXP - CAPITAL GRANTS TO LOCAL GOVERNMENT,EA Ops-NEA-Mgt,GATESHEAD COUNCIL,1001596743,30000,GRANTS,NE8 1HH,THIRD PARTY,,ENVRMAGIA0007C,Expense,178 1889 10
DE,EA,17/03/2025,EXP - CAPITAL GRANTS TO LOCAL GOVERNMENT,EA FCRM Dir-AME-Engineering and Technical Assurance,MILDENHALL INTERNAL DRAINAGE BOARD,1001596745,40271,GRANTS,CB7 4UN,SUPPLIER,,ENV0006083C,Expense,
DE,EA,17/03/2025,Exp - Purchase Of Goods/Services - Contractors,EA Ops-HNL-FCRM OPS East-Field Middle Lee,GROUND CONTROL LTD,1001596766,42520.53,FEES AND COMMISSIONS,CM12 0EQ,CIS SUPPLIER,,ENV6007058R,Expense,GB406427959
DE,EA,17/03/2025,EXP EU CAPITAL GRANTS TO PTE SECTOR - PERS & NON PROFIT INSTIT'NS SERVING H'HOLD - CWEIY,EA Ops-WSX-Mgt,LAND & WATER SERVICES LTD,1001596767,115098.08,EU Capital Grants,GU4 8RU,CIS SUPPLIER,,ENV0003723C,Expense,GB880055431
DE,EA,17/03/2025,Exp - Purchase Of Goods/Services - Contractors,EA Ops-GMC-FCRM OPS Gtr Mcr-Field Sale 2,GROUNDWORK GREATER MANCHESTER,1001596768,26877.2,FEES AND COMMISSIONS,M17 1TU,SUPPLIER,,ENV6003746R,Expense,GB922742823
DE,EA,17/03/2025,Exp - Purchase Of Goods/Services - Contractors,EA Ops-RMC-Monitoring-Survey-AirContracts,BUREAU VERITAS UK LTD,1001596772,80992.49,FEES AND COMMISSIONS,M22 5PR,SUPPLIER,,ENV6005499R,Expense,725440254
DE,EA,17/03/2025,EXP - CAPITAL GRANTS TO LOCAL GOVERNMENT,EA FCRM Dir-AME-Engineering and Technical Assurance,WHITTLESEY & DISTRICT INTERNAL DRAINAGE BOARD,1001596783,311054.64,GRANTS,PE12 6QB,SUPPLIER,,ENV0006083C,Expense,
DE,EA,17/03/2025,PPE - POA & AUC (OWNED) - COST - O/BAL,EA Ops-YOR-Mgt,JBA BENTLEY LTD,1001596784,34769.52,TANGIBLE NBV,LS10 1PZ,CIS SUPPLIER,,ENVIMNE790528,Asset,169090978
DE,EA,17/03/2025,PPE - POA & AUC (OWNED) - COST - O/BAL,EA Ops-CLA-Mgt,JEREMY BENN ASSOCIATES LIMITED.,1001596795,79033.33,TANGIBLE NBV,BD23 3FD,SUPPLIER,,ENV0005952C,Asset,
DE,EA,17/03/2025,PPE - POA & AUC (OWNED) - COST - O/BAL,EA FCRM Dir-AAM-Efficiency & Portfolio-Portfolio,JACOBS UK LTD,1001596805,65583.92,TANGIBLE NBV,SE1 2QG,CIS SUPPLIER,,ENVFCPSI00425B01C,Asset,GB624298920
DE,EA,17/03/2025,EXP EU CAPITAL GRANTS TO PTE SECTOR - PERS & NON PROFIT INSTIT'NS SERVING H'HOLD - CWEIY,EA Ops-YOR-Mgt,FLOOD TECHNOLOGIES LTD,1001596817,106972.41,EU Capital Grants,CV2 2SS,SUPPLIER,,ENV0002102C,Expense,
DE,EA,17/03/2025,EXP - PURCHASE OF GOODS/SERVICES - OTHER - GRANTS AND CONTRIBUTIONS,EA FCRM Dir-AME-Engineering and Technical Assurance,AXE BRUE INTERNAL DRAINAGE BOARD,1001596824,37500,OTHER COSTS,TA93BW,SUPPLIER,,ENV7006083R,Expense,
DE,EA,17/03/2025,EXP EU CAPITAL GRANTS TO PTE SECTOR - PERS & NON PROFIT INSTIT'NS SERVING H'HOLD - CWEIY,EA FCRM Dir-SNA-FCRM Strategy,OVE ARUP & PARTNERS LTD,1001596830,89806.18,EU Capital Grants,NE1 3PL,SUPPLIER,,ENV0005802C,Expense,GB524461265
DE,EA,17/03/2025,EXP - CAPITAL GRANTS TO LOCAL GOVERNMENT,EA Ops-WMD-Mgt,SHROPSHIRE COUNCIL,1001596834,139730,GRANTS,SY2 6ND,SUPPLIER,,ENVRMAGIA0003C,Expense,162347472
DE,EA,17/03/2025,EXP EU CAPITAL GRANTS TO PTE SECTOR - PERS & NON PROFIT INSTIT'NS SERVING H'HOLD - CWEIY,EA Ops-EAN-Mgt,LAKESIDE FLOOD SOLUTIONS LTD,1001596842,189316.46,EU Capital Grants,SA5 4HS,SUPPLIER,,ENV0003734C,Expense,245008923
DE,EA,17/03/2025,PPE - POA & AUC (OWNED) - COST - O/BAL,EA Ops-YOR-Mgt,D WADSWORTH,1001596845,49150,TANGIBLE NBV,YO32 5TT,CUSTOMER,,ENV0002212C,Asset,
DE,EA,17/03/2025,EXP EU CAPITAL GRANTS TO PTE SECTOR - PERS & NON PROFIT INSTIT'NS SERVING H'HOLD - CWEIY,EA Ops-GMC-Mgt,AECOM INFRASTRUCTURE & ENVIRONMENT UK LTD,1001596846,41972.96,EU Capital Grants,BS1 6NA,SUPPLIER,,ENV0004518C,Expense,611 853162
DE,EA,17/03/2025,EXP - CURRENT GRANTS TO PRIVATE SECTOR - NEIRF GRANTS,EA Ops-COO-SFSO-Innovation Funding and Investment,FOREST OF SELWOOD,1001596855,34482.5,OTHER COSTS,BA10 0JT,SUPPLIER,,ENV6007041R,Expense,
DE,EA,17/03/2025,EXP - CURRENT GRANTS TO PRIVATE SECTOR - NEIRF GRANTS,EA Ops-COO-SFSO-Innovation Funding and Investment,MICROPROPAGATION SERVICES E M LTD,1001596857,31138.24,OTHER COSTS,LE12 6NZ,SUPPLIER,,ENV6007041R,Expense,428529138
DE,EA,17/03/2025,Exp - Purchase Of Goods/Services - Contractors,EA E and B-NP-Agr-Mgt,ANGLING TRUST,1001596862,307724.4,FEES AND COMMISSIONS,DE7 5GF,SUPPLIER,,ENVEBPLW13009,Expense,948411215
DE,EA,17/03/2025,EXP EU CAPITAL GRANTS TO PTE SECTOR - PERS & NON PROFIT INSTIT'NS SERVING H'HOLD - CWEIY,EA E and B-NP-F&N-Biodiversity,FWAG SOUTH WEST,1001596864,55951.53,EU Capital Grants,TA21 8YA,SUPPLIER,,ENV0005571C,Expense,
DE,EA,17/03/2025,PPE - POA & AUC (OWNED) - COST - O/BAL,EA Ops-COO-SFSO-DGFS-Mgt,PLYMOUTH MARINE LTD,1001596873,170019.62,TANGIBLE NBV,PL9 7HP,SUPPLIER,,ENV0006176C,Asset,856027618
DE,EA,17/03/2025,EXP - CAPITAL GRANTS TO LOCAL GOVERNMENT,EA FCRM Dir-AME-Engineering and Technical Assurance,LOWER MEDWAY INTERNAL DRAINAGE BOARD,1001596876,210000,GRANTS,ME10 5BH,THIRD PARTY,,ENV0006083C,Expense,204 046 219
DE,EA,17/03/2025,Exp - Purchase Of Goods/Services - Consultancy,EA FCRM Dir-MPPD-PCM-Mids,AECOM LTD,1001596878,32039.47,FEES AND COMMISSIONS,E1 8FA,SUPPLIER,,,Expense,611853162
DE,EA,17/03/2025,EXP - CURRENT GRANTS TO PRIVATE SECTOR - NEIRF GRANTS,EA Ops-COO-SFSO-Innovation Funding and Investment,SALTYCO LTD,1001596884,32811.66,OTHER COSTS,BS11 9DE,SUPPLIER,,ENV6007041R,Expense,GB382106514
DE,EA,17/03/2025,EXP - CURRENT GRANTS TO LOCAL GOVERNMENT - NEIRF GRANTS,EA Ops-COO-SFSO-Innovation Funding and Investment,WILDFOWL AND WETLANDS TRUST,1001596885,35377.38,OTHER COSTS,GL2 7BT,SUPPLIER,,ENV6007041R,Expense,
DE,EA,17/03/2025,EXP - PURCHASE OF GOODS/SERVICES - ICT OUTSOURCING & MAINT/SUPPORT,EA Corp Affairs-SSC-Mgt,SHARED SERVICES CONNECTED LTD,1001596892,1058637.36,FEES AND COMMISSIONS,M14 0WN,SUPPLIER,ecm_60736,,Expense,171798078
DE,EA,17/03/2025,PPE - POA & AUC (OWNED) - COST - O/BAL,EA Ops-EAN-Mgt,CH2M HILL UK,1001596894,1381599.06,TANGIBLE NBV,SW1P 2AL,SUPPLIER,,ENVIMAN002893,Asset,
DE,EA,17/03/2025,Exp - Purchase Of Goods/Services - Consultancy,EA FCRM Dir-MPPD-PCM-Mids,MOTT MACDONALD LTD,1001596908,156491.74,FEES AND COMMISSIONS,CR0 2EE,SUPPLIER,,,Expense,GB 523765636
DE,EA,17/03/2025,Exp - Purchase Of Goods/Services - Consultancy,EA FCRM Dir-MPPD-PDO-Data Analysis & Reporting,TURNER & TOWNSEND PROJECT MANAGEMENT LTD,1001596909,70863.7,FEES AND COMMISSIONS,LS18 4GH,SUPPLIER,,,Expense,764244132
DE,EA,17/03/2025,PPE - POA & AUC (OWNED) - COST - O/BAL,EA Ops-HNL-Mgt,BAM NUTTALL LTD,1001596921,216842.11,TANGIBLE NBV,GU15 3XW,CIS SUPPLIER,,ENV0003812C,Asset,GB340316204
DE,EA,17/03/2025,EXP - CURRENT GRANTS TO PRIVATE SECTOR - NEIRF GRANTS,EA Ops-COO-SFSO-Innovation Funding and Investment,DUDDON FARM CLUSTER GROUP,1001596946,38004.48,OTHER COSTS,LA20 6DY,SUPPLIER,,ENV6007041R,Expense,
DE,EA,17/03/2025,EXP - CURRENT GRANTS TO PRIVATE SECTOR - NEIRF GRANTS,EA Ops-COO-SFSO-Innovation Funding and Investment,KILNSEY PARK ESTATE,1001596947,36036.98,OTHER COSTS,BD23 5PS,SUPPLIER,,ENV6007041R,Expense,
DE,EA,18/03/2025,EXP EU CAPITAL GRANTS TO PTE SECTOR - PERS & NON PROFIT INSTIT'NS SERVING H'HOLD - CWEIY,EA Ops-EAN-Mgt,OVE ARUP & PARTNERS LTD,1001596950,306696.24,EU Capital Grants,NE1 3PL,SUPPLIER,,ENV0004963C,Expense,GB524461265
DE,EA,18/03/2025,EXP - PURCHASE OF GOODS/SERVICES - OTHER PROFESSIONAL SERVICES,EA Ops-RMC-Monitoring-Survey-AirContracts,RICARDO AEA LTD,1001596954,43632.85,FEES AND COMMISSIONS,OX11 0QJ,CIS SUPPLIER,,,Expense,88 8800 181
DE,EA,18/03/2025,PPE - POA & AUC (OWNED) - COST - O/BAL,EA Ops-EAN-Mgt,CH2M HILL UK,1001596977,1912480.27,TANGIBLE NBV,SW1P 2AL,SUPPLIER,,ENVIMAN002893,Asset,
DE,EA,18/03/2025,EXP - PURCHASE OF GOODS/SERVICES - CONSULTANCY - TECHNICAL,EA E and B-Water-WR-Security of Supply,YORKSHIRE WATER SERVICES,1001596987,47400,FEES AND COMMISSIONS,BD6 2SZ,SUPPLIER,,ENVWLB00386R,Expense,GB 500 5557 80
DE,EA,18/03/2025,EXP EU CAPITAL GRANTS TO PTE SECTOR - PERS & NON PROFIT INSTIT'NS SERVING H'HOLD - CWEIY,EA Ops-YOR-Mgt,EAST RIDING OF YORKSHIRE COUNCIL,1001596998,72600,EU Capital Grants,HU17 9BA,THIRD PARTY,,ENV0003725C,Expense,647471123
DE,EA,18/03/2025,PPE - POA & AUC (OWNED) - COST - O/BAL,EA Ops-HNL-Mgt,BAM NUTTALL LTD,1001596999,750914.71,TANGIBLE NBV,GU15 3XW,CIS SUPPLIER,,ENV0003854C,Asset,GB340316204
DE,EA,18/03/2025,EXP - PURCHASE OF GOODS/SERVICES - OTHER TRAINING,EA E and B-CR-Reg Resilience-Mgt,CRANFIELD UNIVERSITY,1001597000,27346.83,TRAINING,MK43 0AL,SUPPLIER,,ENV6006142R,Expense,491358622
DE,EA,18/03/2025,Exp - Purchase Of Goods/Services - Contractors,EA Ops-WMD-FCRM OPS East-Field Bham and BC,AMALGAMATED CONSTRUCTION LTD,1001597015,25875,FEES AND COMMISSIONS,LS15 8ZB,CIS SUPPLIER,,ENV6007105R,Expense,GB927150433
DE,EA,18/03/2025,Exp - Purchase Of Goods/Services - Contractors,EA Ops-LNA-FCRM OPS W&N-Field Kettering,VEGETATION MANAGEMENT SERVICES LTD,1001597016,117633.9,FEES AND COMMISSIONS,NN8 4HB,CIS SUPPLIER,,ENV6007051R,Expense,GB434697464
DE,EA,18/03/2025,Exp - Purchase Of Goods/Services - Contractors,EA Ops-EMD-FCRM OPS South-Field Draycott,LAND & WATER SERVICES LTD,1001597040,253018.36,FEES AND COMMISSIONS,GU4 8RU,CIS SUPPLIER,,ENV6004921R,Expense,GB880055431
DE,EA,18/03/2025,PPE - POA & AUC (OWNED) - COST - O/BAL,EA Ops-IM&R-E&R-Coastal,NATIONAL OCEANOGRAPHY CENTRE,1001597058,34640.4,TANGIBLE NBV,SO14 3ZH,SUPPLIER,,ENVIMR001082B00C,Asset,338 5487 64
DE,EA,18/03/2025,EXP EU CAPITAL GRANTS TO PTE SECTOR - PERS & NON PROFIT INSTIT'NS SERVING H'HOLD - CWEIY,EA E and B-NP-F&N-Estuaries and Coasts Plg,THE SCOTTISH ASSOCIATION FOR MARINE SCIENCE,1001597061,47000,EU Capital Grants,PA37 1QA,Public Body,,ENV0004644C,Expense,GB828957961
DE,EA,18/03/2025,EXP EU CAPITAL GRANTS TO PTE SECTOR - PERS & NON PROFIT INSTIT'NS SERVING H'HOLD - CWEIY,EA Ops-GMC-Mgt,ARCADIS CONSULTING UK LTD,1001597074,36706.39,EU Capital Grants,EC3M 4BY,SUPPLIER,,ENVIMNW000840,Expense,GB 8727 99950
DE,EA,18/03/2025,EXP - SHORT-TERM CONTRACT & AGENCY STAFF - FULL COST,EA FINANCE-CORP FINANCE-FIN CONTROL,ALEXANDER MANN SOLUTIONS LTD-2WM,1001597117,316352.4,AGENCY STAFF,EC2N 3AQ,SUPPLIER,,,Expense,744492612
DE,EA,18/03/2025,EXP EU CAPITAL GRANTS TO PTE SECTOR - PERS & NON PROFIT INSTIT'NS SERVING H'HOLD - CWEIY,EA Ops-WMD-Mgt,SEVERN TRENT WATER,1001597121,49000,EU Capital Grants,CV1 2LZ,SUPPLIER,,ENV0005714C,Expense,GB4869 855 65
DE,EA,18/03/2025,EXP - PURCHASE OF GOODS/SERVICES - OTHER PROFESSIONAL SERVICES,EA Ops-THM-Env Mgt West-Hydrology,WSP ENVIRONMENT & INFRASTRUCTURE SOLUTIONS UK LIMITED,1001597186,43395.3,FEES AND COMMISSIONS,WC2A 1AF,SUPPLIER,RDE Framework lot 5.2,,Expense,
DE,EA,18/03/2025,EXP - CAPITAL GRANTS TO LOCAL GOVERNMENT - LOCAL LEVY,EA Ops-THM-Mgt,BUCKINGHAMSHIRE CC,1001597203,92000,GRANTS - PROJECTS,HP20 1UD,OGD,,ENVIMSEWTLLA1,Expense,195466325
DE,EA,18/03/2025,EXP - CAPITAL GRANTS TO LOCAL GOVERNMENT,EA Ops-SSD-Mgt,ISLE OF WIGHT COUNCIL,1001597205,271433,GRANTS,PO30 1UD,SUPPLIER,,ENVRMAGIA0013C,Expense,108366865
DE,EA,18/03/2025,Exp - Purchase Of Goods/Services - Consultancy,EA FCRM Dir-MPPD-PCM-Mids,MOTT MACDONALD LTD,1001597218,284198.23,FEES AND COMMISSIONS,CR0 2EE,SUPPLIER,,,Expense,GB 523765636
DE,EA,18/03/2025,PPE - POA & AUC (OWNED) - COST - O/BAL,EA Ops-WMD-Mgt,JEREMY BENN ASSOCIATES LTD,1001597280,264560.93,TANGIBLE NBV,BD23 3AE,SUPPLIER,,ENV0004566C,Asset,665 3009 41
DE,EA,18/03/2025,PPE - POA & AUC (OWNED) - COST - O/BAL,EA E and B-CS-EAE-Mgt,UK CENTRE FOR ECOLOGY & HYDROLOGY,1001597295,69368.68,TANGIBLE NBV,OX10 8BB,SUPPLIER,,ENV0005015C,Asset,336 940192
DE,EA,18/03/2025,EXP - PURCHASE OF GOODS/SERVICES - CONSULTANCY - TECHNICAL,EA E and B-Water-WQ&I-Groundwater,TETRA TECH LTD,1001597324,25777.03,FEES AND COMMISSIONS,LS1 4ER,SUPPLIER,,ENV60000108R,Expense,431032608
DE,EA,18/03/2025,EXP - PURCHASE OF GOODS/SERVICES - CONSULTANCY - TECHNICAL,EA Ops-WSX-FCRM OPS North-Mgt,ATKINSRÉALIS UK LTD,1001597343,137218.61,FEES AND COMMISSIONS,KT18 5BW,CIS SUPPLIER,,ENV6002241R,Expense,20986 1253
DE,EA,18/03/2025,EXP - PURCHASE OF GOODS/SERVICES - VEHICLE MAINTENANCE,EA Ops-COO-SFSO-DGFS-Planning & Performance,FRAIKIN LTD,1001597344,603207.07,TRANSPORT & PLANT,CV3 4FJ,CUSTOMER,,,Expense,
DE,EA,18/03/2025,EXP - PURCHASE OF GOODS/SERVICES - CONSULTANCY - TECHNICAL,EA Ops-EAN-EPE Plg-Environment Programme East,WSP UK LTD,1001597362,29400,FEES AND COMMISSIONS,WC2A 1AF,CIS SUPPLIER,,ENV6006841R,Expense,GB 905 0549 42
DE,EA,18/03/2025,Exp - Purchase Of Goods/Services - Contractors,EA Ops-RMC-Monitoring-Survey-AirContracts,BUREAU VERITAS UK LTD,1001597368,52227.89,FEES AND COMMISSIONS,M22 5PR,SUPPLIER,,ENV6005499R,Expense,725440254
DE,EA,18/03/2025,EXP - PURCHASE OF GOODS/SERVICES - CONSULTANCY - NON ADVISORY,EA E and B-NP-F&N-Estuaries and Coasts Plg,CEH,1001597370,65793.06,FEES AND COMMISSIONS,OX10 8BB,OGD,,ENV6006802R,Expense,GB336940192
DE,EA,18/03/2025,EXP - PURCHASE OF GOODS/SERVICES - CONSULTANCY - TECHNICAL,EA Ops-LNA-EPE-Environment Programme,HYDROCK CONSULTANTS LTD,1001597371,44956.48,FEES AND COMMISSIONS,NN6 8LD,SUPPLIER,,ENVREAN001571,Expense,92 735 0717
DE,EA,18/03/2025,EXP - PURCHASE OF GOODS/SERVICES - CONSULTANCY - TECHNICAL,EA E and B-Water-WR-Security of Supply,WATER RESOURCES EAST WRE LTD,1001597384,29676,FEES AND COMMISSIONS,NR4 7TJ,SUPPLIER,,ENVWLB00386R,Expense,348868440
DE,EA,18/03/2025,EXP EU CAPITAL GRANTS TO PTE SECTOR - PERS & NON PROFIT INSTIT'NS SERVING H'HOLD - CWEIY,EA Ops-CLA-Mgt,VOLKERSTEVIN INFRASTRUCTURE LTD,1001597386,324292.81,EU Capital Grants,EN11 9BX,CIS SUPPLIER,,ENV0000009C,Expense,GB424894330
DE,EA,18/03/2025,PPE - POA & AUC (OWNED) - COST - O/BAL,EA FCRM Dir-PMA-Improvements Digital & Skills,TELESPAZIO UK LIMITED,1001597387,126512.88,TANGIBLE NBV,LU1 3LU,SUPPLIER,,ENVFCPAM00352B00C,Asset,GB101638353
DE,EA,19/03/2025,EXP - CAPITAL GRANTS TO LOCAL GOVERNMENT,EA FCRM Dir-AME-Engineering and Technical Assurance,WITHAM THIRD INTERNAL DRAINAGE BOARD,1001597395,236300,GRANTS,LN6 3QN,SUPPLIER,,ENV0006083C,Expense,
DE,EA,19/03/2025,PPE - POA & AUC (OWNED) - COST - O/BAL,EA E and B-NP-F&N-Estuaries and Coasts Plg,UNIVERSITY OF ESSEX,1001597397,49000,TANGIBLE NBV,CO4 3SQ,SUPPLIER,,ENV0004644C,Asset,GB 594 794 865
DE,EA,19/03/2025,EXP - CAPITAL GRANTS TO LOCAL GOVERNMENT,EA FCRM Dir-AME-Engineering and Technical Assurance,UPPER WITHAM INTERNAL DRAINAGE BOARD,1001597398,690600,GRANTS,LN6 3QN,SUPPLIER,,ENV0006083C,Expense,
DE,EA,19/03/2025,PPE - POA & AUC (OWNED) - COST - O/BAL,EA Ops-DCS-Mgt,KIER INTERGRATED SERVICES LTD,1001597408,113673.77,TANGIBLE NBV,M2 2EE,SUPPLIER,,ENV0003975C,Asset,1055 40018
DE,EA,19/03/2025,EXP - PURCHASE OF GOODS/SERVICES - OTHER PROFESSIONAL SERVICES,EA Ops-RMC-Monitoring-Survey-AirContracts,RICARDO AEA LTD,1001597409,131503.97,FEES AND COMMISSIONS,OX11 0QR,CIS SUPPLIER,,,Expense,88 8800 181
DE,EA,19/03/2025,PPE - POA & AUC (OWNED) - COST - O/BAL,EA E and B-NP-F&N-Estuaries and Coasts Plg,MARINE BIOLOGICAL ASSOCIATION,1001597410,46860,TANGIBLE NBV,PL1 2PB,Public Body,,ENV0004644C,Asset,143463479
DE,EA,19/03/2025,Exp - Purchase Of Goods/Services - Consultancy,EA FCRM Dir-MPPD-PCM-NE,JACOBS UK LTD,1001597411,46932.92,FEES AND COMMISSIONS,SE1 2QG,CIS SUPPLIER,,,Expense,GB624298920
DE,EA,19/03/2025,Exp - Purchase Of Goods/Services - Consultancy,EA FCRM Dir-MPPD-PCM-SW,WSP UK LTD,1001597412,98547.86,FEES AND COMMISSIONS,WC2A 1AF,CIS SUPPLIER,,,Expense,GB 905 0549 42
DE,EA,19/03/2025,EXP - CAPITAL GRANTS TO LOCAL GOVERNMENT,EA FCRM Dir-AME-Engineering and Technical Assurance,WITHAM FIRST DISTRICT INTERNAL DRAINAGE BOARD,1001597425,33600,GRANTS,LN6 3QN,SUPPLIER,,ENV0006083C,Expense,
DE,EA,19/03/2025,EXP - CAPITAL GRANTS TO LOCAL GOVERNMENT,EA FCRM Dir-AME-Engineering and Technical Assurance,CONINGTON & HOLME INTERNAL DRAINAGE BOARD,1001597426,65000,GRANTS,PE15 0AH,SUPPLIER,,ENV0006083C,Expense,
DE,EA,19/03/2025,EXP - PURCHASE OF GOODS/SERVICES - OTHER - GRANTS AND CONTRIBUTIONS,EA FCRM Dir-AME-Engineering and Technical Assurance,ANCHOLME INTERNAL DRAINAGE BOARD,1001597436,415371.4,OTHER COSTS,DN6 7FE,SUPPLIER,,ENV7006083R,Expense,
DE,EA,19/03/2025,EXP EU CAPITAL GRANTS TO PTE SECTOR - PERS & NON PROFIT INSTIT'NS SERVING H'HOLD - CWEIY,EA E and B-NP-F&N-Estuaries and Coasts Plg,UK CENTRE FOR ECOLOGY & HYDROLOGY,1001597440,48862.09,EU Capital Grants,OX10 8BB,SUPPLIER,,ENV0004644C,Expense,336 940192
DE,EA,19/03/2025,EXP - CAPITAL GRANTS TO LOCAL GOVERNMENT - FCRIP GRANTS,EA FCRM Dir-SNA-Mgt,DEVON COUNTY COUNCIL,1001597450,533335,GRANTS - PROJECTS,EX2 4QD,SUPPLIER,,ENV0004340C,Expense,142208113
DE,EA,19/03/2025,EXP - CAPITAL GRANTS TO LOCAL GOVERNMENT,EA FCRM Dir-AME-Engineering and Technical Assurance,KYLE & UPPER OUSE INTERNAL DRAINAGE BOARD,1001597454,298685.5,GRANTS,YO1 7DN,SUPPLIER,,ENV0006083C,Expense,172249758
DE,EA,19/03/2025,EXP - CAPITAL GRANTS TO LOCAL GOVERNMENT,EA FCRM Dir-AME-Engineering and Technical Assurance,SELBY AREA INTERNAL DRAINAGE BOARD,1001597455,862887.1,GRANTS,YO8 4PW,SUPPLIER,,ENV0006083C,Expense,
DE,EA,19/03/2025,EXP EU CAPITAL GRANTS TO PTE SECTOR - PERS & NON PROFIT INSTIT'NS SERVING H'HOLD - CWEIY,EA E and B-CS-Research-CAU,WCA ENVIRONMENT LTD,1001597456,40179,EU Capital Grants,SN7 7YR,SUPPLIER,,ENV0005960C,Expense,862654112
DE,EA,19/03/2025,PPE - POA & AUC (OWNED) - COST - O/BAL,EA Ops-WSX-Mgt,ATKINSRÉALIS UK LTD,1001597457,90982.12,TANGIBLE NBV,KT18 5BW,CIS SUPPLIER,,ENV0004369C,Asset,20986 1253
DE,EA,19/03/2025,PPE - POA & AUC (OWNED) - COST - O/BAL,EA Ops-WSX-Mgt,KIER INTERGRATED SERVICES LTD,1001597471,288890.5,TANGIBLE NBV,SG19 2BD,SUPPLIER,,ENV0000377C,Asset,1055 40018
DE,EA,19/03/2025,EXP - CAPITAL GRANTS TO LOCAL GOVERNMENT - FCRIP GRANTS,EA FCRM Dir-SNA-Mgt,CITY OF YORK COUNCIL,1001597472,1271955,GRANTS - PROJECTS,YO1 6GA,THIRD PARTY,,ENV0004340C,Expense,GB647365022
DE,EA,19/03/2025,EXP - CAPITAL GRANTS TO LOCAL GOVERNMENT,EA Ops-YOR-Mgt,NORTH YORKSHIRE COUNCIL - SCARBOROUGH SPA,1001597480,546000,GRANTS,YO11 2HG,LOCAL AUTHORITIES,,ENVRMAGIA0008C,Expense,
DE,EA,19/03/2025,EXP - CAPITAL GRANTS TO LOCAL GOVERNMENT - FCRIP GRANTS,EA FCRM Dir-SNA-Mgt,DURHAM COUNTY COUNCIL,1001597488,973232.6,GRANTS - PROJECTS,DH8 1FP,SUPPLIER,,ENV0004340C,Expense,GB178178130
DE,EA,19/03/2025,Exp - Purchase Of Goods/Services - Contractors,EA Ops-NEA-FCRM OPS-Field,STONBURY LTD,1001597489,85683.67,FEES AND COMMISSIONS,MK44 3BH,CIS SUPPLIER,,ENV6003687R,Expense,GB432056820
DE,EA,19/03/2025,EXP - CAPITAL GRANTS TO LOCAL GOVERNMENT - FCRIP GRANTS,EA FCRM Dir-SNA-Mgt,EAST SUSSEX COUNTY COUNCIL,1001597490,577500,GRANTS - PROJECTS,BN7 1UE,SUPPLIER,,ENV0004340C,Expense,191803754
DE,EA,19/03/2025,EXP - PURCHASE OF GOODS/SERVICES - OTHER PROFESSIONAL SERVICES,EA Ops-RMC-Monitoring-Survey-AirContracts,BUREAU VERITAS UK LTD,1001597492,313531.37,FEES AND COMMISSIONS,M22 5PR,SUPPLIER,,,Expense,725440254
DE,EA,19/03/2025,EXP EU CAPITAL GRANTS TO PTE SECTOR - PERS & NON PROFIT INSTIT'NS SERVING H'HOLD - CWEIY,EA Ops-WSX-Mgt,P ELLICOTT,1001597504,38500,EU Capital Grants,TA5 2BG,THIRD PARTY,,ENVIMSW001074,Expense,
DE,EA,19/03/2025,EXP - CAPITAL GRANTS TO LOCAL GOVERNMENT - FCRIP GRANTS,EA FCRM Dir-SNA-Mgt,NORTH EAST LINCOLNSHIRE COUNCIL,1001597506,623000,GRANTS - PROJECTS,DN31 1HU,THIRD PARTY,,ENV0004340C,Expense,657846778
DE,EA,19/03/2025,EXP - CAPITAL GRANTS TO LOCAL GOVERNMENT - FCRIP GRANTS,EA FCRM Dir-SNA-Mgt,BRISTOL CITY COUNCIL,1001597507,353498,GRANTS - PROJECTS,BS10 7QS,LOCAL AUTHORITIES,,ENV0004340C,Expense,139563445
DE,EA,19/03/2025,EXP EU CAPITAL GRANTS TO PTE SECTOR - PERS & NON PROFIT INSTIT'NS SERVING H'HOLD - CWEIY,EA Ops-CLA-Mgt,WEST CUMBRIA RIVERS TRUST,1001597511,40500,EU Capital Grants,CA12 4BY,SUPPLIER,,ENV0004039C,Expense,
DE,EA,19/03/2025,EXP EU CAPITAL GRANTS TO PTE SECTOR - PERS & NON PROFIT INSTIT'NS SERVING H'HOLD - CWEIY,EA Ops-KSL-Mgt,JT MACKLEY & CO LTD,1001597516,140080.4,EU Capital Grants,BN5 9XQ,CIS SUPPLIER,,ENV0005182C,Expense,GB315857150
DE,EA,19/03/2025,EXP - PURCHASE OF GOODS/SERVICES - VEHICLE MAINTENANCE,EA Ops-COO-SFSO-DGFS-Planning & Performance,BRIGGS EQUIPMENT UK LTD,1001597530,408467.23,TRANSPORT & PLANT,WS11 8XW,SUPPLIER,,,Expense,890025926
DE,EA,19/03/2025,PPE - POA & AUC (OWNED) - COST - O/BAL,EA Ops-EAN-Mgt,MOTT MACDONALD LTD,1001597537,59648.69,TANGIBLE NBV,BS1 6FL,SUPPLIER,,ENVIMAN002644,Asset,GB 523765636
DE,EA,19/03/2025,EXP EU CAPITAL GRANTS TO PTE SECTOR - PERS & NON PROFIT INSTIT'NS SERVING H'HOLD - CWEIY,EA E and B-NP-F&N-Biodiversity,NORTH SOMERSET COUNCIL,1001597560,286283.45,EU Capital Grants,BS23 1LL,Access to Work,,ENV0005571C,Expense,
DE,EA,19/03/2025,EXP EU CAPITAL GRANTS TO PTE SECTOR - PERS & NON PROFIT INSTIT'NS SERVING H'HOLD - CWEIY,EA Ops-CLA-Mgt,RIBBLE RIVERS TRUST,1001597564,194354,EU Capital Grants,BB7 4QF,SUPPLIER,,ENV0000009C,Expense,
DE,EA,19/03/2025,EXP - PURCHASE OF GOODS/SERVICES - OTHER PROFESSIONAL SERVICES,EA FCRM Dir-MPPD-PCM-NE,JACOBS UK LTD,1001597565,1248141.67,FEES AND COMMISSIONS,SE1 2QG,CIS SUPPLIER,,,Expense,GB624298920
DE,EA,19/03/2025,EXP - CAPITAL GRANTS TO LOCAL GOVERNMENT - FCRIP GRANTS,EA FCRM Dir-SNA-Mgt,SOUTH TYNESIDE COUNCIL,1001597572,1280000,GRANTS - PROJECTS,NE33 2RL,SUPPLIER,,ENV0004340C,Expense,178177329
DE,EA,19/03/2025,EXP - CAPITAL GRANTS TO LOCAL GOVERNMENT,EA FCRM Dir-AME-Engineering and Technical Assurance,NORTH EAST LINDSEY DRAINAGE BOARD,1001597574,41000,GRANTS,LN6 9GJ,SUPPLIER,,ENV0006083C,Expense,
DE,EA,19/03/2025,EXP EU CAPITAL GRANTS TO PTE SECTOR - PERS & NON PROFIT INSTIT'NS SERVING H'HOLD - CWEIY,EA Ops-YOR-Mgt,BMM JV LTD,1001597576,143699.41,EU Capital Grants,GU15 3XW,CIS SUPPLIER,,ENVIMNE790483,Expense,171071731
DE,EA,19/03/2025,PPE - POA & AUC (OWNED) - COST - O/BAL,EA Ops-YOR-Mgt,OVE ARUP & PARTNERS LTD,1001597591,274620.87,TANGIBLE NBV,NE1 3PL,SUPPLIER,,ENV0004251C,Asset,GB524461265
DE,EA,19/03/2025,PPE - POA & AUC (OWNED) - COST - O/BAL,EA Ops-WMD-Mgt,SKYVIEW SYSTEMS LTD,1001597612,59454,TANGIBLE NBV,CO10 2YA,SUPPLIER,,ENV0006011C,Asset,
DE,EA,19/03/2025,EXP - PURCHASE OF GOODS/SERVICES - CONSULTANCY - TECHNICAL,EA E and B-Water-WR-Security of Supply,WATER RESOURCES EAST WRE LTD,1001597613,48000,FEES AND COMMISSIONS,NR4 7TJ,SUPPLIER,,ENVWLB00386R,Expense,348868440
DE,EA,19/03/2025,Exp - Purchase Of Goods/Services - Contractors,EA Ops-LNA-FCRM OPS Supra Area MEICA-Mgt,ECS ENGINEERING SERVICES LIMITED,1001597618,120045.8,FEES AND COMMISSIONS,NG17 2JZ,SUPPLIER,,ENV6007251R,Expense,
DE,EA,19/03/2025,PPE - POA & AUC (OWNED) - COST - O/BAL,EA E and B-CS-EAE-Mgt,FERA SCIENCE LTD,1001597621,29536.58,TANGIBLE NBV,YO41 1LZ,SUPPLIER,Artemis number: C27693,ENV0005015C,Asset,618 1841 40
DE,EA,19/03/2025,EXP - CAPITAL GRANTS TO LOCAL GOVERNMENT - FCRIP GRANTS,EA FCRM Dir-SNA-Mgt,CENTRAL BEDFORDSHIRE COUNCIL,1001597622,563966,GRANTS - PROJECTS,MK42 9AP,THIRD PARTY,,ENV0004340C,Expense,GB946817286
DE,EA,19/03/2025,PPE - POA & AUC (OWNED) - COST - O/BAL,EA Ops-WSX-Mgt,NIVUS LTD,1001597640,67425.6,TANGIBLE NBV,CV32 7UJ,SUPPLIER,,ENV0004859C,Asset,
DE,EA,19/03/2025,PPE - POA & AUC (OWNED) - COST - O/BAL,EA Ops-COO-SFSO-Estates,NCL CONTRACTORS LTD,1001597646,106712.4,TANGIBLE NBV,NR4 6AU,SUPPLIER,,ENV0004095C,Asset,
DE,EA,19/03/2025,Exp - Purchase Of Goods/Services - Contractors,EA Ops-HNL-FCRM OPS East-Asset Perf Upper Lee & Stort,CANAL & RIVER TRUST,1001597655,250000,FEES AND COMMISSIONS,CH65 4FW,SUPPLIER,,ENV6005184R,Expense,125 5119 37
DE,EA,19/03/2025,EXP - CAPITAL GRANTS TO LOCAL GOVERNMENT,EA FCRM Dir-AME-Engineering and Technical Assurance,TRENT VALLEY INTERNAL DRAINAGE BOARD,1001597659,249369.6,GRANTS,LN11 8UU,SUPPLIER,,ENV0006083C,Expense,116695454
DE,EA,19/03/2025,EXP - PURCHASE OF GOODS/SERVICES - OTHER,EA Ops-COO-SSO-DGFS-Holding Account,QUESTAR,1001597680,58864.5,OTHER COSTS,WD6 3BS,SUPPLIER,,,Expense,GB920824832
DE,EA,19/03/2025,PPE - POA & AUC (OWNED) - COST - O/BAL,EA Ops-KSL-Mgt,CH2M HILL UK,1001597683,1457168.65,TANGIBLE NBV,SW1P 2AL,SUPPLIER,,ENVIMSE100417,Asset,
DE,EA,19/03/2025,Exp - Purchase Of Goods/Services - Contractors,EA Ops-CLA-Nuclear-RARM,SOCOTEC UK LTD,1001597694,108729.08,FEES AND COMMISSIONS,DE15 0YZ,SUPPLIER,,ENVHOOP000055,Expense,GB-864124823
DE,EA,19/03/2025,PPE - POA & AUC (OWNED) - COST - O/BAL,EA Ops-THM-Mgt,FAIRFIELD CONTROL SYSTEMS LTD,1001597707,72014.23,TANGIBLE NBV,DN22 7WF,CIS SUPPLIER,,ENV0003705C,Asset,GB458138724
DE,EA,19/03/2025,Exp - Purchase Of Goods/Services - Contractors,EA Ops-DCS-FCRM OPS-Field Central,BRIDGE CIVIL ENGINEERING,1001597708,106016.67,FEES AND COMMISSIONS,TQ13 0DF,CIS SUPPLIER,,ENV6003748R,Expense,GB717667210
DE,EA,19/03/2025,PPE - POA & AUC (OWNED) - COST - O/BAL,EA Ops-CLA-Mgt,AMALGAMATED CONSTRUCTION LTD,1001597709,140517.91,TANGIBLE NBV,LS15 8ZB,CIS SUPPLIER,,ENV0005874C,Asset,GB927150433
DE,EA,19/03/2025,PPE - POA & AUC (OWNED) - COST - O/BAL,EA Ops-YOR-Mgt,BAM NUTTALL LTD,1001597713,573424.78,TANGIBLE NBV,GU15 3XW,CIS SUPPLIER,,ENV0005424C,Asset,GB340316204
DE,EA,19/03/2025,PPE - POA & AUC (OWNED) - COST - O/BAL,EA Ops-RMC-Monitoring-Survey-AirContracts,ENVIRO TECHNOLOGY SERVICES,1001597714,105479.9,TANGIBLE NBV,GL5 2BY,SUPPLIER,,ENV0000635C,Asset,
DE,EA,19/03/2025,PPE - POA & AUC (OWNED) - COST - O/BAL,EA Ops-KSL-Mgt,VOLKERSTEVIN INFRASTRUCTURE LTD,1001597731,892618.52,TANGIBLE NBV,EN11 9BX,CIS SUPPLIER,,ENVIMSE100377,Asset,GB424894330
DE,EA,19/03/2025,EXP EU CAPITAL GRANTS TO PTE SECTOR - PERS & NON PROFIT INSTIT'NS SERVING H'HOLD - CWEIY,EA Ops-KSL-Mgt,LAND & WATER SERVICES LTD,1001597737,179448.95,EU Capital Grants,GU4 8RU,CIS SUPPLIER,,ENV0004582C,Expense,GB880055431
DE,EA,19/03/2025,EXP - CAPITAL GRANTS TO LOCAL GOVERNMENT,EA FCRM Dir-AME-Engineering and Technical Assurance,SCUNTHORPE & GAINSBOROUGH WATER MANAGEMENT BOARD,1001597742,529312.8,GRANTS,DN6 7FE,SUPPLIER,,ENV0006083C,Expense,
DE,EA,19/03/2025,Exp - Purchase Of Goods/Services - Consultancy,EA E and B-CS-EAE-ARE,THE UK CENTRE FOR ECOLOGY AND HYDROLOGY UKCEH,1001597755,354659.8,FEES AND COMMISSIONS,OX10 8BB,SUPPLIER,C5716,,Expense,GB336940192
DE,EA,19/03/2025,EXP EU CAPITAL GRANTS TO PTE SECTOR - PERS & NON PROFIT INSTIT'NS SERVING H'HOLD - CWEIY,EA Ops-YOR-Mgt,WSP UK LTD.,1001597757,79380.27,EU Capital Grants,WC2A 1AF,SUPPLIER,,ENV0000381C,Expense,GB 618184140
DE,EA,19/03/2025,Exp - Purchase Of Goods/Services - Contractors,EA Ops-LNA-FCRM OPS W&N-Field Spalding,SOUTH HOLLAND INTERNAL DRAINAGE BOARD,1001597760,31554.67,FEES AND COMMISSIONS,PE30 5DD,SUPPLIER,,ENVFRA01S126,Expense,
DE,EA,19/03/2025,Exp - Purchase Of Goods/Services - Contractors,EA Ops-CLA-FCRM OPS-Field,CHEETHAM HILL CONSTRUCTION LTD,1001597762,52924.35,FEES AND COMMISSIONS,BL8 1AR,CIS SUPPLIER,,ENV7005379R,Expense,GB927393104
DE,EA,19/03/2025,Exp - Purchase Of Goods/Services - Contractors,EA Ops-THM-Waterways-Mgt,CPC CIVILS LTD,1001597764,168862.12,FEES AND COMMISSIONS,B94 6NW,CIS SUPPLIER,,ENV6007537R,Expense,GB175632004
DE,EA,19/03/2025,EXP EU CAPITAL GRANTS TO PTE SECTOR - PERS & NON PROFIT INSTIT'NS SERVING H'HOLD - CWEIY,EA Ops-THM-Mgt,JBA CONSULTING.,1001597767,36664.41,EU Capital Grants,BD23 3FD,SUPPLIER,,ENV0000097C,Expense,GB665300941
DE,EA,19/03/2025,PPE - POA & AUC (OWNED) - COST - O/BAL,EA Ops-CLA-Mgt,VOLKERSTEVIN INFRASTRUCTURE LTD,1001597769,216087.72,TANGIBLE NBV,EN11 9BX,CIS SUPPLIER,,ENV0005764C,Asset,GB424894330
DE,EA,19/03/2025,"EXP - PURCHASE OF GOODS/SERVICES - OTHER - V&P, BOATS & AIRCRAFT - HIRE",EA Ops-COO-SFSO-DGFS-Mgt,SUNBELT RENTALS LTD,1001597770,754503.19,TRANSPORT & PLANT,WA3 6YE,CIS SUPPLIER,,ENVHORES00187,Expense,
DE,EA,19/03/2025,Exp - Purchase Of Goods/Services - Contractors,EA Ops-EAN-FCRM OPS N&S-Asset Perf Suffolk,BREHENY CIVIL ENGINEERING LTD,1001597771,33495.83,FEES AND COMMISSIONS,IP6 8NH,CIS SUPPLIER,,ENV6007496R,Expense,GB 787425388
DE,EA,19/03/2025,EXP - PURCHASE OF GOODS/SERVICES - OTHER - GRANTS AND CONTRIBUTIONS,EA FCRM Dir-AME-Engineering and Technical Assurance,DONCASTER EAST INTERNAL DRAINAGE BOARD,1001597789,194410.99,OTHER COSTS,LN11 8UU,SUPPLIER,,ENV7006083R,Expense,
DE,EA,19/03/2025,EXP EU CAPITAL GRANTS TO PTE SECTOR - PERS & NON PROFIT INSTIT'NS SERVING H'HOLD - CWEIY,EA Ops-THM-Mgt,BAM NUTTALL LTD,1001597790,301997.34,EU Capital Grants,GU15 3XW,CIS SUPPLIER,,ENVIMSE500289,Expense,GB340316204
DE,EA,19/03/2025,EXP EU CAPITAL GRANTS TO PTE SECTOR - PERS & NON PROFIT INSTIT'NS SERVING H'HOLD - CWEIY,EA Ops-YOR-Mgt,BAM NUTTALL LTD,1001597792,590246.3,EU Capital Grants,GU15 3XW,CIS SUPPLIER,,ENV0000988C,Expense,GB340316204
DE,EA,19/03/2025,EXP EU CAPITAL GRANTS TO PTE SECTOR - PERS & NON PROFIT INSTIT'NS SERVING H'HOLD - CWEIY,EA Ops-HNL-Mgt,WSP BINNIES.,1001597798,125906.76,EU Capital Grants,RH1 1SH,SUPPLIER,,ENV0004555C,Expense,
DE,EA,19/03/2025,EXP EU CAPITAL GRANTS TO PTE SECTOR - PERS & NON PROFIT INSTIT'NS SERVING H'HOLD - CWEIY,EA Ops-COO-SFSO-Estates,BALFOUR BEATTY GROUP LTD.,1001597801,114977.5,EU Capital Grants,NE12 8BU,SUPPLIER,,ENV0003625C,Expense,
DE,EA,19/03/2025,PPE - POA & AUC (OWNED) - COST - O/BAL,EA Ops-KSL-Mgt,JEREMY BENN ASSOCIATES LTD,1001597802,899788.9,TANGIBLE NBV,BD23 3AE,SUPPLIER,,ENV0004515C,Asset,665 3009 41
DE,EA,19/03/2025,EXP - CAPITAL GRANTS TO LOCAL GOVERNMENT,EA FCRM Dir-AME-Engineering and Technical Assurance,MIDDLE LEVEL COMMISSIONER,1001597806,1232982.05,GRANTS,PE15 0AH,SUPPLIER,,ENV0006083C,Expense,
DE,EA,19/03/2025,EXP - CAPITAL GRANTS TO LOCAL GOVERNMENT,EA FCRM Dir-AME-Engineering and Technical Assurance,NORTH LEVEL INTERNAL DRAINAGE BOARD,1001597830,350068,GRANTS,PE6 0QE,SUPPLIER,,ENV0006083C,Expense,
DE,EA,19/03/2025,EXP - PURCHASE OF GOODS/SERVICES - ELECTRICITY,EA Ops-WC-Mgt,EDF ENERGY,1001597849,1190534.5,UTILITIES,IP32 7PY,SUPPLIER,C24237,,Expense,523041202
DE,EA,19/03/2025,EXP EU CAPITAL GRANTS TO PTE SECTOR - PERS & NON PROFIT INSTIT'NS SERVING H'HOLD - CWEIY,EA Ops-CLA-Mgt,VOLKERSTEVIN INFRASTRUCTURE LTD,1001597853,210228.71,EU Capital Grants,EN11 9BX,CIS SUPPLIER,,ENV0000498C,Expense,GB424894330
DE,EA,19/03/2025,EXP - CAPITAL GRANTS TO LOCAL GOVERNMENT,EA FCRM Dir-AME-Engineering and Technical Assurance,GOOLE & AIRMYN INTERNAL DRAINAGE BOARD,1001597859,59841,GRANTS,DN14 5AH,SUPPLIER,,ENV0006083C,Expense,
DE,EA,19/03/2025,PPE - POA & AUC (OWNED) - COST - O/BAL,EA Ops-NEA-Mgt,XYLEM WATER SOLUTIONS UK LTD,1001597861,35577.68,TANGIBLE NBV,NG4 2AN,SUPPLIER,,ENV0005622C,Asset,GB116758064
DE,EA,19/03/2025,EXP - CAPITAL GRANTS TO LOCAL GOVERNMENT,EA Ops-EAN-Mgt,NORTH NORFOLK DISTRICT COUNCIL,1001597871,661771,GRANTS,NR27 9EN,SUPPLIER,,ENVRMAGIA0005C,Expense,107042221
DE,EA,19/03/2025,Exp - Purchase Of Goods/Services - Consultancy,EA FCRM Dir-MPPD-CAFM-Should Cost & Intelligence,MOTT MACDONALD LTD,1001597879,658393.69,FEES AND COMMISSIONS,CR0 2EE,SUPPLIER,,,Expense,GB 523765636
DE,EA,19/03/2025,Exp - Purchase Of Goods/Services - Consultancy,EA FCRM Dir-MPPD-NEAS-Ops,MOTT MACDONALD LTD,1001597880,83095.6,FEES AND COMMISSIONS,CR0 2EE,SUPPLIER,,,Expense,GB 523765636
DE,EA,19/03/2025,PPE - POA & AUC (OWNED) - COST - O/BAL,EA Ops-GMC-Mgt,VOLKERSTEVIN INFRASTRUCTURE LTD,1001597887,1456711.05,TANGIBLE NBV,EN11 9BX,CIS SUPPLIER,,ENV0004715C,Asset,GB424894330
DE,EA,20/03/2025,EXP EU CAPITAL GRANTS TO PTE SECTOR - PERS & NON PROFIT INSTIT'NS SERVING H'HOLD - CWEIY,EA Ops-NEA-Mgt,TYNE RIVERS TRUST,1001597892,46092.54,EU Capital Grants,NE45 5PE,SUPPLIER,,ENV0002903C,Expense,
DE,EA,20/03/2025,EXP - CAPITAL GRANTS TO LOCAL GOVERNMENT - LOCAL LEVY,EA Ops-THM-Mgt,WOKINGHAM BOROUGH COUNCIL,1001597893,38000,GRANTS - PROJECTS,RG40 1WJ,SUPPLIER,,ENVIMSEWTLLA1,Expense,200351435GB
DE,EA,20/03/2025,Exp - Purchase Of Goods/Services - Contractors,EA Ops-KSL-Env Mgt SLN-Mgt,ACUMEN WASTE SERVICES LTD,1001597894,187944.51,FEES AND COMMISSIONS,WF11 0LA,SUPPLIER,,ENV6007301R,Expense,780151740
DE,EA,20/03/2025,Exp - Purchase Of Goods/Services - Contractors,EA Ops-EAN-FCRM OPS West-Asset Perf,JN BENTLEY LTD,1001597907,26537.14,FEES AND COMMISSIONS,BD23 2QR,CIS SUPPLIER,,ENV6007100R,Expense,GB395739437
DE,EA,20/03/2025,Exp - Purchase Of Goods/Services - Contractors,EA Ops-WMD-FCRM OPS East-Field Bham and BC,GROUND CONTROL LTD,1001597908,306329.92,FEES AND COMMISSIONS,CM12 0EQ,CIS SUPPLIER,,ENV6007078R,Expense,GB406427959
DE,EA,20/03/2025,PPE - POA & AUC (OWNED) - COST - O/BAL,EA Ops-HNL-Mgt,NIVUS LTD,1001597927,87512.88,TANGIBLE NBV,CV32 7UJ,SUPPLIER,,ENV0002603C,Asset,
DE,EA,20/03/2025,PPE - POA & AUC (OWNED) - COST - O/BAL,EA Ops-EAN-Mgt,BAM NUTTALL LTD,1001597938,371698.3,TANGIBLE NBV,GU15 3XW,CIS SUPPLIER,,ENV0004690C,Asset,GB340316204
DE,EA,20/03/2025,EXP - CAPITAL GRANTS TO LOCAL GOVERNMENT,EA Ops-NEA-Mgt,DURHAM COUNTY COUNCIL (NORTH PENNINES NATIONAL LANDSCAPE),1001597944,1440545,GRANTS,DL16 6JQ,THIRD PARTY,,ENVRMAGIA0007C,Expense,GB178 178130
DE,EA,20/03/2025,PPE - POA & AUC (OWNED) - COST - O/BAL,EA Ops-WSX-Mgt,ATKINSRÉALIS UK LTD,1001597946,343111.21,TANGIBLE NBV,KT18 5BW,CIS SUPPLIER,,ENV0002496C,Asset,20986 1253
DE,EA,20/03/2025,EXP - PURCHASE OF GOODS/SERVICES - OTHER - OTHER COSTS,EA Ops-COO-SFSO-Data Digital & IT,ESRI UK LTD,1001597958,52049.21,OTHER COSTS,HP21 7QG,SUPPLIER,,ENVHOEV141507,Expense,787430791
DE,EA,20/03/2025,EXP - PURCHASE OF GOODS/SERVICES - CONSULTANCY - TECHNICAL,EA E and B-Water-WR-Security of Supply,WESSEX WATER SERVICES LTD,1001597992,39360,FEES AND COMMISSIONS,BA2 7WW,SUPPLIER,,ENVWLB00386R,Expense,52 034 3982
DE,EA,20/03/2025,EXP - CAPITAL GRANTS TO LOCAL GOVERNMENT,EA Ops-WSX-Mgt,SOUTH GLOUCESTERSHIRE COUNCIL,1001598013,5700000,GRANTS,BS15 0DS,LOCAL AUTHORITIES,,ENVRMAGIA0012C,Expense,GB664 3211 52
DE,EA,20/03/2025,EXP - PURCHASE OF GOODS/SERVICES - CONSULTANCY - TECHNICAL,EA FCRM Dir-AAM-Efficiency & Portfolio-Portfolio,MOTT MACDONALD LTD,1001598044,114293.65,FEES AND COMMISSIONS,CR0 2EE,SUPPLIER,,ENVFCPNZ00002B00R,Expense,GB 523765636
DE,EA,20/03/2025,EXP - PURCHASE OF GOODS/SERVICES - CONSULTANCY - TECHNICAL,EA FCRM Dir-PMA-Improvements Digital & Skills,JACOBS UK LTD,1001598046,383746.23,FEES AND COMMISSIONS,SE1 2QG,CIS SUPPLIER,,ENV7000089R,Expense,GB624298920
DE,EA,20/03/2025,Exp - Purchase Of Goods/Services - Contractors,EA Ops-KSL-FCRM OPS East Kent-Mgt,VOLKERSTEVIN INFRASTRUCTURE LTD,1001598054,365907.57,FEES AND COMMISSIONS,EN11 9BX,CIS SUPPLIER,,ENVRECOV014R,Expense,GB424894330
DE,EA,20/03/2025,Exp - Purchase Of Goods/Services - Contractors,EA Ops-KSL-Mgt,JACKSON CIVIL ENGINEERING GROUP LTD.,1001598056,198197.08,FEES AND COMMISSIONS,IP1 5LT,CIS SUPPLIER,,ENV7005105R,Expense,GB 904443249
DE,EA,20/03/2025,EXP - PURCHASE OF GOODS/SERVICES - OTHER PROFESSIONAL SERVICES,EA FCRM Dir-MPPD-PCM-Mids,JEREMY BENN ASSOCIATES LTD,1001598057,65647.11,FEES AND COMMISSIONS,BD23 3AE,SUPPLIER,,,Expense,665 3009 41
DE,EA,20/03/2025,EXP - PURCHASE OF GOODS/SERVICES - CONSULTANCY - TECHNICAL,EA FCRM Dir-MPPD-PCM-SW,WSP UK LTD,1001598071,106945.53,FEES AND COMMISSIONS,WC2A 1AF,CIS SUPPLIER,,ENVNCPMSCONSW,Expense,GB 905 0549 42
DE,EA,20/03/2025,EXP EU CAPITAL GRANTS TO PTE SECTOR - PERS & NON PROFIT INSTIT'NS SERVING H'HOLD - CWEIY,EA Ops-EAN-Mgt,THE ALCONBURY BROOK FLOOD GROUP CHARITY,1001598073,35000,EU Capital Grants,PE28 4HB,SUPPLIER,Collaborative Agreement,ENV0004242C,Expense,
DE,EA,20/03/2025,EXP CAPITAL GRANTS TO PTE SECTOR - PARTNERSHIP GRANTS,EA Ops-KSL-Mgt,CITIZEN ZOO,1001598080,30000,GRANTS - PROJECTS,E3 4SD,SUPPLIER,,ENV0006302C,Expense,
DE,EA,20/03/2025,EXP - CAPITAL GRANTS TO LOCAL GOVERNMENT,EA Ops-LNA-Mgt,LINDSEY MARSH DRAINAGE BOARD,1001598082,48606,GRANTS,LN11 8UU,SUPPLIER,,ENVRMAGIA0004C,Expense,
DE,EA,20/03/2025,EXP - CAPITAL GRANTS TO LOCAL GOVERNMENT,EA Ops-LNA-Mgt,NORTH LEVEL INTERNAL DRAINAGE BOARD,1001598110,406416,GRANTS,PE6 0QE,SUPPLIER,,ENVRMAGIA0004C,Expense,
DE,EA,20/03/2025,EXP - CAPITAL GRANTS TO LOCAL GOVERNMENT,EA Ops-LNA-Mgt,NORTH EAST LINDSEY DRAINAGE BOARD,1001598113,50000,GRANTS,DN39 6TG,SUPPLIER,,ENVRMAGIA0004C,Expense,
DE,EA,20/03/2025,EXP - CAPITAL GRANTS TO LOCAL GOVERNMENT - LOCAL LEVY,EA Ops-NEA-Mgt,NORTHUMBERLAND COUNTY COUNCIL,1001598140,288146,GRANTS - PROJECTS,NE61 2EF,LOCAL AUTHORITIES,,ENVIMNE640116,Expense,178 3682 22
DE,EA,20/03/2025,EXP - PURCHASE OF GOODS/SERVICES - CONSULTANCY - NON ADVISORY,EA Ops-HNL-EPE-Environment Programme,HERTFORDSHIRE & MIDDLESEX WILDLIFE TRUST,1001598170,67800,FEES AND COMMISSIONS,AL3 4SN,THIRD PARTY,,ENV6007719R,Expense,GB366927606
DE,EA,20/03/2025,Exp - Purchase Of Goods/Services - Consultancy,EA Ops-RMC-ORS-Climate Change Trading & Reg Ser,JACOBS UK LTD,1001598182,65161.5,FEES AND COMMISSIONS,M15 4GU,CIS SUPPLIER,,,Expense,GB624298920
DE,EA,20/03/2025,PPE - POA & AUC (OWNED) - COST - O/BAL,EA Ops-WSX-Mgt,ATKINSRÉALIS UK LTD,1001598196,375436.1,TANGIBLE NBV,KT18 5BW,CIS SUPPLIER,,ENV0004191C,Asset,20986 1253
DE,EA,20/03/2025,EXP - CAPITAL GRANTS TO LOCAL GOVERNMENT,EA Ops-SSD-Mgt,BRIGHTON & HOVE CITY COUNCIL,1001598197,44904.59,GRANTS,BN3 2SR,LOCAL AUTHORITIES,,ENVRMAGIA0013C,Expense,684738876
DE,EA,20/03/2025,PPE - POA & AUC (OWNED) - COST - O/BAL,EA Ops-YOR-Mgt,JBA BENTLEY LTD,1001598208,236765.59,TANGIBLE NBV,LS10 1PZ,CIS SUPPLIER,,ENVIMNE000195,Asset,169090978
DE,EA,20/03/2025,EXP - PURCHASE OF GOODS/SERVICES - OTHER PROFESSIONAL SERVICES,EA Ops-KSL-EPE-IEP,AECOM LTD,1001598213,37543.5,FEES AND COMMISSIONS,E1 8FA,SUPPLIER,,,Expense,611853162
DE,EA,20/03/2025,PPE - POA & AUC (OWNED) - COST - O/BAL,EA Ops-EAN-Mgt,WSP UK LTD,1001598214,251463,TANGIBLE NBV,WC2A 1AF,CIS SUPPLIER,26449,ENV0006249C,Asset,GB 905 0549 42
DE,EA,20/03/2025,EXP CAPITAL GRANTS TO PTE SECTOR - PARTNERSHIP GRANTS,EA Ops-CLA-Mgt,EDEN RIVERS TRUST,1001598223,83500,GRANTS - PROJECTS,CA11 OAH,CUSTOMER,,ENV0004039C,Expense,
DE,EA,20/03/2025,EXP - CAPITAL GRANTS TO LOCAL GOVERNMENT - LOCAL LEVY,EA Ops-HNL-Mgt,LONDON BOROUGH OF HILLINGDON,1001598234,100000,GRANTS - PROJECTS,UB8 1UW,SUPPLIER,,ENVIMSENTLLA1,Expense,GB222433654
DE,EA,20/03/2025,Exp - Purchase Of Goods/Services - Consultancy,EA FCRM Dir-MPPD-PCM-East,MOTT MACDONALD LTD,1001598243,203946.15,FEES AND COMMISSIONS,CR20 2EE,SUPPLIER,,,Expense,GB 523765636
DE,EA,20/03/2025,PPE - POA & AUC (OWNED) - COST - O/BAL,EA Ops-THM-Mgt,BAM NUTTALL LTD,1001598263,393895.44,TANGIBLE NBV,GU15 3XW,CIS SUPPLIER,,ENV0003198C,Asset,GB340316204
DE,EA,20/03/2025,PPE - POA & AUC (OWNED) - COST - O/BAL,EA Ops-THM-Mgt,JACOBS UK LTD,1001598264,103926.05,TANGIBLE NBV,SE1 2QG,CIS SUPPLIER,,ENV0003199C,Asset,GB624298920
DE,EA,20/03/2025,EXP EU CAPITAL GRANTS TO PTE SECTOR - PERS & NON PROFIT INSTIT'NS SERVING H'HOLD - CWEIY,EA Ops-YOR-Mgt,OVE ARUP & PARTNERS LTD,1001598265,252316,EU Capital Grants,NE1 3PL,SUPPLIER,,ENV0001487C,Expense,GB524461265
DE,EA,20/03/2025,Exp - Purchase Of Goods/Services - Contractors,EA Ops-EAN-FCRM East-Mgt,BREHENY CIVIL ENGINEERING LTD,1001598286,89697.98,FEES AND COMMISSIONS,IP6 8NH,CIS SUPPLIER,,ENV7006034R,Expense,GB 787425388
DE,EA,21/03/2025,PPE - POA & AUC (OWNED) - COST - O/BAL,EA Ops-KSL-Mgt,JEREMY BENN ASSOCIATES LTD,1001598287,576687.7,TANGIBLE NBV,BD23 3AE,SUPPLIER,,ENVIMSE100377,Asset,665 3009 41
DE,EA,21/03/2025,EXP EU CAPITAL GRANTS TO PTE SECTOR - PERS & NON PROFIT INSTIT'NS SERVING H'HOLD - CWEIY,EA Ops-YOR-Mgt,BAM NUTTALL LTD,1001598294,348369.24,EU Capital Grants,GU15 3XW,CIS SUPPLIER,,ENV0004384C,Expense,GB340316204
DE,EA,21/03/2025,EXP - CAPITAL GRANTS TO LOCAL GOVERNMENT,EA Ops-NEA-Mgt,NORTH TYNESIDE COUNCIL,1001598303,112750,GRANTS,NE27 0BY,CUSTOMER,,ENVRMAGIA0007C,Expense,178191441
DE,EA,21/03/2025,PPE - POA & AUC (OWNED) - COST - O/BAL,EA E and B-NP-F&N-Estuaries and Coasts Plg,THE UK CENTRE FOR ECOLOGY AND HYDROLOGY UKCEH,1001598306,357134.55,TANGIBLE NBV,OX10 8BB,SUPPLIER,,ENV0004644C,Asset,GB336940192
DE,EA,21/03/2025,PPE - POA & AUC (OWNED) - COST - O/BAL,EA Ops-RMC-Monitoring-Survey-AirContracts,ACOEM UK LTD,1001598308,588510,TANGIBLE NBV,GL20 8DN,SUPPLIER,,ENV0003684C,Asset,800697239
DE,EA,21/03/2025,EXP - PURCHASE OF GOODS/SERVICES - CONSULTANCY - TECHNICAL,EA Ops-KSL-Mgt,ARCADIS CONSULTING UK LTD,1001598332,135212.61,FEES AND COMMISSIONS,M60 3NT,SUPPLIER,,ENV7005105R,Expense,GB 8727 99950
DE,EA,21/03/2025,EXP EU CAPITAL GRANTS TO PTE SECTOR - PERS & NON PROFIT INSTIT'NS SERVING H'HOLD - CWEIY,EA Ops-WSX-Mgt,KIER INTERGRATED SERVICES LTD,1001598333,142676.13,EU Capital Grants,M2 2EE,SUPPLIER,,ENV0000727C,Expense,1055 40018
DE,EA,21/03/2025,EXP - PURCHASE OF GOODS/SERVICES - OFFICE RELATED - COURIER COSTS,EA Ops-RMC-Monitoring-Labs-Mgt,DELIVERY DIRECT LOGISTICS LTD,1001598334,29128.92,OTHER COSTS,TA1 2PX,SUPPLIER,,,Expense,826311940
DE,EA,21/03/2025,Exp - Purchase Of Goods/Services - Contractors,EA Ops-EAN-FCRM OPS West-Field Bedford,MIDDLE LEVEL COMMISSIONER,1001598353,28013.09,FEES AND COMMISSIONS,PE15 0AH,SUPPLIER,,ENVFRA02S062,Expense,
DE,EA,21/03/2025,EXP - CAPITAL GRANTS TO LOCAL GOVERNMENT,EA Ops-SSD-Mgt,HAVANT BOROUGH COUNCIL,1001598363,405418,GRANTS,PO9 2AX,LOCAL AUTHORITIES,,ENVRMAGIA0013C,Expense,GB 108 3814 80
DE,EA,21/03/2025,EXP CAPITAL GRANTS TO PTE SECTOR - PARTNERSHIP GRANTS,EA Ops-WMD-Mgt,SEVERN RIVERS TRUST,1001598364,194997.51,GRANTS - PROJECTS,WR6 6QF,SUPPLIER,,ENV0004081C,Expense,
DE,EA,21/03/2025,EXP - CAPITAL GRANTS TO LOCAL GOVERNMENT - LOCAL LEVY,EA Ops-WMD-Mgt,TELFORD & WREKIN COUNCIL,1001598373,26000,GRANTS - PROJECTS,TF4 2PR,LOCAL AUTHORITIES,,ENV0000970C,Expense,162332100
DE,EA,21/03/2025,EXP EU CAPITAL GRANTS TO PTE SECTOR - PERS & NON PROFIT INSTIT'NS SERVING H'HOLD - CWEIY,EA Ops-THM-Mgt,WSP UK LTD,1001598376,53044.69,EU Capital Grants,WC2A 1AF,CIS SUPPLIER,,ENV0004359C,Expense,GB 905 0549 42
DE,EA,21/03/2025,PPE - POA & AUC (OWNED) - COST - O/BAL,EA Ops-WSX-Mgt,KIER CONSTRUCTION LTD,1001598378,710635.39,TANGIBLE NBV,M503XP,CIS SUPPLIER,,ENVIMSW002039,Asset,476073824
DE,EA,21/03/2025,EXP EU CAPITAL GRANTS TO PTE SECTOR - PERS & NON PROFIT INSTIT'NS SERVING H'HOLD - CWEIY,EA Ops-SSD-Mgt,PEVENSEY COASTAL DEFENCE LTD,1001598384,223543.97,EU Capital Grants,PO15 5SS,CIS SUPPLIER,,ENVIMSO000584,Expense,754913805
DE,EA,21/03/2025,EXP - CAPITAL GRANTS TO LOCAL GOVERNMENT - LOCAL LEVY,EA Ops-WSX-Mgt,DORSET COUNTY COUNCIL,1001598385,190124.79,GRANTS - PROJECTS,DT1 1XJ,THIRD PARTY,,ENVIMSW002128,Expense,187 1551 46
DE,EA,21/03/2025,EXP - PURCHASE OF GOODS/SERVICES - OTHER - GRANTS AND CONTRIBUTIONS,EA FCRM Dir-PMA-Portfolio Management Office,RSPB,1001598386,36376.05,OTHER COSTS,SG19 2DL,SUPPLIER,,ENV6005726R,Expense,GB365969589
DE,EA,21/03/2025,EXP CAPITAL GRANTS TO PTE SECTOR - PARTNERSHIP GRANTS,EA Ops-THM-Mgt,FARMING & WILDLIFE ADVISORY GROUP SOUTH WEST,1001598395,68832.82,GRANTS - PROJECTS,TA21 9JE,SUPPLIER,,ENV0006193C,Expense,127629304
DE,EA,21/03/2025,EXP - CAPITAL GRANTS TO LOCAL GOVERNMENT - NFM GRANTS,EA FCRM Dir-SNA-Mgt,ROYAL BOROUGH OF GREENWICH,1001598398,144915.19,GRANTS - PROJECTS,SE18 6HQ,THIRD PARTY,,ENV0005826C,Expense,205 7547 67 GB
DE,EA,21/03/2025,EXP - PURCHASE OF GOODS/SERVICES - MANAGEMENT TRAINING,EA Ops-COO-SPP-Learning and Development,PROSCI UK LIMITED (WAS CMC PARTNERSHIP GLOBAL LTD),1001598400,40428,TRAINING,W26BD,SUPPLIER,,ENVHOL&D00002,Expense,303694803
DE,EA,21/03/2025,EXP CAPITAL GRANTS TO PTE SECTOR - PARTNERSHIP GRANTS,EA Ops-CLA-Mgt,WEST CUMBRIA RIVERS TRUST,1001598401,85000,GRANTS - PROJECTS,CA12 4BY,SUPPLIER,,ENV0004398C,Expense,
DE,EA,21/03/2025,EXP - CURRENT GRANTS TO LOCAL GOVERNMENT - NEIRF GRANTS,EA Ops-COO-SFSO-Innovation Funding and Investment,LANCASHIRE WILDLIFE TRUST LTD,1001598402,45746.37,OTHER COSTS,PR5 6BY,THIRD PARTY,,ENV6007041R,Expense,265 7548 65
DE,EA,21/03/2025,Exp - Purchase Of Goods/Services - Contractors,EA Ops-LNA-FCRM OPS Supra Area MEICA-Mgt,GALLIFORD TRY CONSTRUCTION LTD,1001598405,83988.01,FEES AND COMMISSIONS,UB8 2AD,CIS SUPPLIER,,ENV6007251R,Expense,GB223413506
DE,EA,21/03/2025,EXP EU CAPITAL GRANTS TO PTE SECTOR - PERS & NON PROFIT INSTIT'NS SERVING H'HOLD - CWEIY,EA Ops-SSD-Mgt,ECS ENGINEERING SERVICES LIMITED,1001598406,63894.92,EU Capital Grants,NG17 2JZ,SUPPLIER,,ENV0004351C,Expense,
DE,EA,21/03/2025,EXP CAPITAL GRANTS TO PTE SECTOR - PARTNERSHIP GRANTS,EA Ops-LNA-Mgt,FRESHWATER HABITATS TRUST,1001598418,104999.68,GRANTS - PROJECTS,OX3 9HY,SUPPLIER,,ENV0003993C,Expense,866548084
DE,EA,21/03/2025,PPE - POA & AUC (OWNED) - COST - O/BAL,EA Ops-HNL-Mgt,ZOOLOGICAL SOCIETY OF LONDON,1001598419,93003.36,GRANTS - PROJECTS,NW1 4RY,SUPPLIER,,ENV0007703C,Asset,GB 440 3679 56
DE,EA,21/03/2025,PPE - POA & AUC (OWNED) - COST - O/BAL,EA Ops-LNA-Mgt,DELOITTE LLP,1001598422,43916.34,FEES AND COMMISSIONS,MK9 2HG,SUPPLIER,,ENV0005756C,Asset,GB809707706
DE,EA,21/03/2025,EXP - PURCHASE OF GOODS/SERVICES - CONSULTANCY - NON ADVISORY,EA E and B-NP-Agr-Land Contamination Mgt,WSP UK LTD,1001598432,321408,FEES AND COMMISSIONS,RG21 4HJ,CIS SUPPLIER,,ENV6005891R,Expense,GB 905 0549 42
DE,EA,21/03/2025,EXP CAPITAL GRANTS TO PTE SECTOR - PARTNERSHIP GRANTS,EA Ops-YOR-Mgt,YORKSHIRE WILDLIFE TRUST,1001598433,136000,GRANTS - PROJECTS,DN4 8DB,3RD SECTOR SUPPLIER,,ENV0005410C,Expense,235804804
DE,EA,21/03/2025,EXP - CAPITAL GRANTS TO LOCAL GOVERNMENT,EA Ops-WMD-Mgt,WARWICKSHIRE COUNTY COUNCIL,1001598455,62607,GRANTS,CV34 4RH,SUPPLIER,,ENVRMAGIA0003C,Expense,GB 272426659
DE,EA,21/03/2025,EXP - CAPITAL GRANTS TO LOCAL GOVERNMENT,EA Ops-KSL-Mgt,CANTERBURY CITY COUNCIL,1001598458,297000,GRANTS,CT1 1YW,SUPPLIER,,ENVRMAGIA0014C,Expense,
DE,EA,21/03/2025,EXP - PURCHASE OF GOODS/SERVICES - OTHER PROFESSIONAL SERVICES,EA Ops-HNL-EPE-Environment Programme,GROUNDWORK EAST,1001598465,54000,FEES AND COMMISSIONS,AL9 5PE,SUPPLIER,,,Expense,600 731 880
DE,EA,21/03/2025,EXP EU CAPITAL GRANTS TO PTE SECTOR - PERS & NON PROFIT INSTIT'NS SERVING H'HOLD - CWEIY,EA E and B-NP-F&N-Biodiversity,GROUNDWORK CHESHIRE LANCASHIRE & MERSEYSIDE,1001598477,45135.8,EU Capital Grants,WN11HP,SUPPLIER,,ENV0005571C,Expense,
DE,EA,21/03/2025,EXP EU CAPITAL GRANTS TO PTE SECTOR - PERS & NON PROFIT INSTIT'NS SERVING H'HOLD - CWEIY,EA Ops-THM-Mgt,JACOBS UK LTD,1001598478,84706.06,EU Capital Grants,RG1 8DQ,CIS SUPPLIER,,ENV0004670C,Expense,GB624298920
DE,EA,21/03/2025,PPE - POA & AUC (OWNED) - COST - O/BAL,EA Ops-HNL-Mgt,FAIRFIELD CONTROL SYSTEMS LTD,1001598480,165404.68,TANGIBLE NBV,DN22 7WF,CIS SUPPLIER,,ENV0005965C,Asset,GB458138724
DE,EA,21/03/2025,PPE - POA & AUC (OWNED) - COST - O/BAL,EA Ops-SSD-Mgt,JT MACKLEY & CO LTD,1001598481,323856.1,TANGIBLE NBV,BN5 9XQ,CIS SUPPLIER,,ENV0007420C,Asset,GB315857150
DE,EA,21/03/2025,EXP CAPITAL GRANTS TO PTE SECTOR - PARTNERSHIP GRANTS,EA Ops-DCS-Mgt,WESTCOUNTRY RIVERS TRUST,1001598490,38140.71,GRANTS - PROJECTS,PL17 8PH,CUSTOMER,,ENV0006137C,Expense,
DE,EA,21/03/2025,EXP CAPITAL GRANTS TO PTE SECTOR - PARTNERSHIP GRANTS,EA Ops-NEA-Mgt,GROUNDWORK NORTH EAST,1001598491,37112.95,GRANTS - PROJECTS,DL14 7NP,Access to Work,,ENV0002909C,Expense,
DE,EA,21/03/2025,PPE - POA & AUC (OWNED) - COST - O/BAL,EA Ops-WSX-Mgt,ATKINSRÉALIS UK LTD,1001598492,195974.16,TANGIBLE NBV,KT18 5BW,CIS SUPPLIER,,ENV0004191C,Asset,20986 1253
DE,EA,21/03/2025,EXP - PURCHASE OF GOODS/SERVICES - CONSULTANCY - TECHNICAL,EA Ops-IM&R-DigiS-Integrated Services,CACI LTD,1001598501,439104.87,FEES AND COMMISSIONS,BS1 6PL,SUPPLIER,,ENVFCPIM000972B00R,Expense,38 060 9841
DE,EA,21/03/2025,EXP - PURCHASE OF GOODS/SERVICES - CONSULTANCY - TECHNICAL,EA E and B-Water-WR-Security of Supply,SEVERN TRENT WATER LTD,1001598502,93459.6,FEES AND COMMISSIONS,CV3 9FL,SUPPLIER,,ENVWLB00386R,Expense,GB 486985565
DE,EA,21/03/2025,EXP - CAPITAL GRANTS TO LOCAL GOVERNMENT - LOCAL LEVY,EA Ops-HNL-Mgt,LONDON BOROUGH OF ENFIELD,1001598505,25181,GRANTS - PROJECTS,EN1 3XD,SUPPLIER,,ENVIMSENTLLA1,Expense,
DE,EA,21/03/2025,EXP - CAPITAL GRANTS TO LOCAL GOVERNMENT - NFM GRANTS,EA FCRM Dir-SNA-Mgt,DORSET COUNCIL,1001598506,192929.5,GRANTS - PROJECTS,DT1 1XJ,LOCAL AUTHORITIES,,ENV0005826C,Expense,GB 311833923
DE,EA,21/03/2025,PPE - POA & AUC (OWNED) - COST - O/BAL,EA Ops-DCS-Mgt,ATKINSRÉALIS UK LTD,1001598507,139314.34,TANGIBLE NBV,KT18 5BW,CIS SUPPLIER,,ENV0004444C,Asset,20986 1253
DE,EA,21/03/2025,Exp - Purchase Of Goods/Services - Contractors,EA Ops-YOR-FCRM OPS EY-Field LH&H,RIVER STEWARDSHIP COMPANY,1001598512,132448.23,FEES AND COMMISSIONS,S9 2TW,SUPPLIER,,ENV6006600R,Expense,GB975669843
DE,EA,21/03/2025,Exp - Purchase Of Goods/Services - Contractors,EA Ops-CLA-FCRM OPS-Field,AMALGAMATED CONSTRUCTION LTD,1001598513,57469.2,FEES AND COMMISSIONS,LS15 8ZB,CIS SUPPLIER,,ENV7005379R,Expense,GB927150433
DE,EA,21/03/2025,EXP EU CAPITAL GRANTS TO PTE SECTOR - PERS & NON PROFIT INSTIT'NS SERVING H'HOLD - CWEIY,EA Ops-EAN-Mgt,BREHENY CIVIL ENGINEERING LTD,1001598514,831780.35,EU Capital Grants,IP6 8NH,CIS SUPPLIER,,ENV0001633C,Expense,GB 787425388
DE,EA,21/03/2025,Exp - Purchase Of Goods/Services - Contractors,EA Ops-THM-Waterways-Mgt,VEGETATION MANAGEMENT SERVICES LTD,1001598515,107378.62,FEES AND COMMISSIONS,NN8 4HB,CIS SUPPLIER,,ENV6007537R,Expense,GB434697464
DE,EA,21/03/2025,Exp - Purchase Of Goods/Services - Contractors,EA Ops-EMD-Mgt,WHITEHOUSE CONSTRUCTION CO LTD,1001598516,27317.24,FEES AND COMMISSIONS,DE6 1JU,CIS SUPPLIER,,ENV7006136R,Expense,GB295396506
DE,EA,21/03/2025,EXP - CAPITAL GRANTS TO LOCAL GOVERNMENT - LOCAL LEVY,EA Ops-SSD-Mgt,EAST SUSSEX COUNTY COUNCIL,1001598520,100000,GRANTS - PROJECTS,BN7 1UE,SUPPLIER,,ENVIMSESDLLA1,Expense,191803754
DE,EA,21/03/2025,EXP - CAPITAL GRANTS TO LOCAL GOVERNMENT - LOCAL LEVY,EA Ops-WSX-Mgt,BCP COUNCIL,1001598523,62200,GRANTS - PROJECTS,BH2 6DY,LOCAL AUTHORITIES,,ENVIMSW002128,Expense,GB 313088034
DE,EA,21/03/2025,EXP EU CAPITAL GRANTS TO PTE SECTOR - PERS & NON PROFIT INSTIT'NS SERVING H'HOLD - CWEIY,EA Ops-EMD-Mgt,CLARKE FARMS LTD,1001598540,34908.57,EU Capital Grants,NG147DF/1,SUPPLIER,,ENVIMMI001615,Expense,GB385217147
DE,EA,21/03/2025,Exp - Purchase Of Goods/Services - Contractors,EA Ops-THM-Waterways-Mgt,NURTURE LANDSCAPES LIMITED.,1001598544,294033.46,FEES AND COMMISSIONS,GU20 8LQ,CIS SUPPLIER,,ENV6007537R,Expense,GB927519891
DE,EA,21/03/2025,Exp - Purchase Of Goods/Services - Contractors,EA Ops-YOR-FCRM OPS EY-Field LH&H,LAND & WATER SERVICES LTD,1001598545,72935.9,FEES AND COMMISSIONS,GU4 8RU,CIS SUPPLIER,,ENV6006599R,Expense,GB880055431
DE,EA,21/03/2025,Exp - Purchase Of Goods/Services - Contractors,EA Ops-CLA-FCRM OPS-Mgt,CPC CIVILS LTD,1001598546,61774.56,FEES AND COMMISSIONS,B94 6NW,CIS SUPPLIER,,ENV7005877R,Expense,GB175632004
DE,EA,21/03/2025,EXP CAPITAL GRANTS TO PTE SECTOR - PARTNERSHIP GRANTS,EA Ops-CLA-Mgt,EDEN RIVERS TRUST,1001598547,74252.89,GRANTS - PROJECTS,CA11 OAH,CUSTOMER,,ENV0004076C,Expense,
DE,EA,21/03/2025,EXP CAPITAL GRANTS TO PTE SECTOR - PARTNERSHIP GRANTS,EA Ops-YOR-Mgt,SHEFFIELD WILDLIFE TRUST,1001598548,30000,GRANTS - PROJECTS,S2 2SF,Trust,,ENV0005687C,Expense,801737546
DE,EA,21/03/2025,EXP EU CAPITAL GRANTS TO PTE SECTOR - PERS & NON PROFIT INSTIT'NS SERVING H'HOLD - CWEIY,EA Ops-LNA-Mgt,AECOM LTD,1001598563,43425.35,EU Capital Grants,AL1 3JX,SUPPLIER,,ENV0002705C,Expense,611853162
DE,EA,21/03/2025,EXP EU CAPITAL GRANTS TO PTE SECTOR - PERS & NON PROFIT INSTIT'NS SERVING H'HOLD - CWEIY,EA Ops-CLA-Mgt,WSP UK LTD.,1001598567,30692.87,EU Capital Grants,WC2A 1AF,SUPPLIER,,ENV0000489C,Expense,GB 618184140
DE,EA,21/03/2025,EXP - CURRENT GRANTS TO PRIVATE SECTOR - NEIRF GRANTS,EA Ops-COO-SFSO-Innovation Funding and Investment,ENVIRONMENTAL FARMERS GROUP,1001598568,84665,OTHER COSTS,SP61EF,SUPPLIER,,ENV6007041R,Expense,
DE,EA,21/03/2025,EXP - PURCHASE OF GOODS/SERVICES - OTHER - GRANTS AND CONTRIBUTIONS,EA FCRM Dir-PMA-Portfolio Management Office,WILTSHIRE WILDLIFE TRUST LTD,1001598576,37748.72,OTHER COSTS,SN10 1NJ,SUPPLIER,,ENV6005726R,Expense,
DE,EA,21/03/2025,EXP EU CAPITAL GRANTS TO PTE SECTOR - PERS & NON PROFIT INSTIT'NS SERVING H'HOLD - CWEIY,EA Ops-CLA-Mgt,SOUTH CUMBRIA RIVERS TRUST,1001598579,37944,EU Capital Grants,LA12 8LY,SUPPLIER,,ENV0004039C,Expense,223410165
DE,EA,21/03/2025,EXP - PURCHASE OF GOODS/SERVICES - CONSULTANCY - TECHNICAL,EA Ops-WC-Mgt,JACOBS UK LTD,1001598580,160354.69,FEES AND COMMISSIONS,SE1 2QG,CIS SUPPLIER,,ENV6006706R,Expense,GB624298920
DE,EA,21/03/2025,EXP EU CAPITAL GRANTS TO PTE SECTOR - PERS & NON PROFIT INSTIT'NS SERVING H'HOLD - CWEIY,EA Ops-WMD-Mgt,OVE ARUP & PARTNERS LTD,1001598581,747859.39,EU Capital Grants,NE1 3PL,SUPPLIER,,ENV0004408C,Expense,GB524461265
DE,EA,21/03/2025,EXP EU CAPITAL GRANTS TO PTE SECTOR - PERS & NON PROFIT INSTIT'NS SERVING H'HOLD - CWEIY,EA Ops-GMC-Mgt,AECOM INFRASTRUCTURE & ENVIRONMENT UK LTD,1001598592,60939.82,EU Capital Grants,SW19 4DR,SUPPLIER,,ENV0004518C,Expense,611 853162
DE,EA,21/03/2025,EXP - PURCHASE OF GOODS/SERVICES - OTHER - GRANTS AND CONTRIBUTIONS,EA FCRM Dir-PMA-Portfolio Management Office,DODDINGTON FARMS LLP,1001598599,110753.22,OTHER COSTS,LN6 4RU,SUPPLIER,,ENV6005726R,Expense,
DE,EA,21/03/2025,EXP CAPITAL GRANTS TO PTE SECTOR - PARTNERSHIP GRANTS,EA Ops-KSL-Mgt,SOUTH EAST RIVERS TRUST,1001598600,170000,GRANTS - PROJECTS,W1T 6LQ,SUPPLIER,,ENV0003311C,Expense,
DE,EA,21/03/2025,EXP - CAPITAL GRANTS TO PTE SECTOR - NFM GRANTS,EA FCRM Dir-SNA-Mgt,THE NATIONAL TRUST,1001598618,32808.77,GRANTS - PROJECTS,SN2 2NA,CUSTOMER,,ENV0005827C,Expense,239 503 167
DE,EA,21/03/2025,EXP - CURRENT GRANTS TO PRIVATE SECTOR - PARTNERSHIP GRANTS,EA Ops-GMC-FCRM-Mgt,GREATER MANCHESTER COMBINED AUTHORITY,1001598620,120041,OTHER COSTS,M1 6EU,SUPPLIER,,ENV6006842R,Expense,287158171
DE,EA,21/03/2025,Exp - Purchase Of Goods/Services - Consultancy,EA FCRM Dir-MPPD-PCM-Mids,AECOM LTD,1001598624,220808.78,FEES AND COMMISSIONS,E1 8FA,SUPPLIER,,,Expense,611853162
DE,EA,21/03/2025,EXP EU CAPITAL GRANTS TO PTE SECTOR - PERS & NON PROFIT INSTIT'NS SERVING H'HOLD - CWEIY,EA Ops-WSX-Mgt,ARCADIS LLP,1001598626,54016.73,EU Capital Grants,EC3M 4BY,SUPPLIER,,ENVIMSW002194,Expense,872799950
DE,EA,21/03/2025,EXP - CURRENT GRANTS TO PRIVATE SECTOR - NEIRF GRANTS,EA Ops-COO-SFSO-Innovation Funding and Investment,WORCESTERSHIRE WILDLIFE TRUST,1001598634,27972.46,OTHER COSTS,WR3 8SZ,SUPPLIER,,ENV6007041R,Expense,GB775402523
DE,EA,21/03/2025,EXP - CAPITAL GRANTS TO PTE SECTOR - NFM GRANTS,EA FCRM Dir-SNA-Mgt,NOTTINGHAMSHIRE WILDLIFE TRUST,1001598635,39192.46,GRANTS - PROJECTS,NG1 1EA,SUPPLIER,,ENV0005827C,Expense,237170125
DE,EA,21/03/2025,EXP CAPITAL GRANTS TO PTE SECTOR - PARTNERSHIP GRANTS,EA Ops-DCS-Mgt,CORNWALL WILDLIFE TRUST,1001598637,35500,GRANTS - PROJECTS,TR4 9DJ,Access to Work,,ENV0007430C,Expense,GB213268726
DE,EA,21/03/2025,EXP - CAPITAL GRANTS TO LOCAL GOVERNMENT - NFM GRANTS,EA FCRM Dir-SNA-Mgt,EAST MERCIA RIVERS TRUST,1001598647,76768.28,GRANTS - PROJECTS,LE79XE,SUPPLIER,,ENV0005827C,Expense,
DE,EA,21/03/2025,EXP CAPITAL GRANTS TO PTE SECTOR - PARTNERSHIP GRANTS,EA Ops-DCS-Mgt,NATIONAL LANDSCAPES ASSOCIATION,1001598649,53041.37,GRANTS - PROJECTS,SY2 6LG,SUPPLIER,,ENV0006294C,Expense,
DE,EA,21/03/2025,Exp - Purchase Of Goods/Services - Consultancy,EA FCRM Dir-MPPD-PCM-NE,ATKINSREALIS PPS LTD,1001598650,63885.91,FEES AND COMMISSIONS,KT18 5BW,CIS SUPPLIER,,,Expense,GB209861253
DE,EA,21/03/2025,PPE - POA & AUC (OWNED) - COST - O/BAL,EA Ops-HNL-Mgt,BAM NUTTALL LTD,1001598651,235148.98,TANGIBLE NBV,GU15 3XW,CIS SUPPLIER,,ENV0002636C,Asset,GB340316204
DE,EA,21/03/2025,PPE - POA & AUC (OWNED) - COST - O/BAL,EA Ops-KSL-Mgt,MOTT MACDONALD LTD,1001598653,266619.23,TANGIBLE NBV,CR0 2EE,SUPPLIER,,ENVIMSE100377,Asset,GB 523765636
DE,EA,21/03/2025,Exp - Purchase Of Goods/Services - Consultancy,EA FCRM Dir-MPPD-PCM-Mids,TURNER & TOWNSEND PROJECT MANAGEMENT LTD,1001598654,393754.68,FEES AND COMMISSIONS,LS18 4GH,SUPPLIER,,,Expense,764244132
DE,EA,21/03/2025,EXP EU CAPITAL GRANTS TO PTE SECTOR - PERS & NON PROFIT INSTIT'NS SERVING H'HOLD - CWEIY,EA Ops-LDN-Mgt,JACOBS UK LTD,1001598655,63159.96,EU Capital Grants,SE1 2QG,CIS SUPPLIER,,ENV0004182C,Expense,GB624298920
DE,EA,21/03/2025,EXP EU CAPITAL GRANTS TO PTE SECTOR - PERS & NON PROFIT INSTIT'NS SERVING H'HOLD - CWEIY,EA Ops-HNL-Mgt,BAM NUTTALL LTD,1001598660,516458.88,EU Capital Grants,GU15 3XW,CIS SUPPLIER,,ENV0002603C,Expense,GB340316204
DE,EA,21/03/2025,EXP - CAPITAL GRANTS TO LOCAL GOVERNMENT,EA Ops-THM-Mgt,WEST BERKSHIRE DISTRICT COUNCIL,1001598662,40000,GRANTS,RG14 5LD,LOCAL AUTHORITIES,,ENVRMAGIA0016C,Expense,
DE,EA,21/03/2025,EXP CAPITAL GRANTS TO PTE SECTOR - PARTNERSHIP GRANTS,EA Ops-EAN-Mgt,NORFOLK RIVERS TRUST,1001598665,99325.71,GRANTS - PROJECTS,NR25 7DZ,SUPPLIER,,ENV0005315C,Expense,
DE,EA,21/03/2025,EXP CAPITAL GRANTS TO PTE SECTOR - PARTNERSHIP GRANTS,EA Ops-THM-Mgt,NATIONAL TRUST,1001598666,61768,GRANTS - PROJECTS,S33 6RF,CUSTOMER,,ENV0006298C,Expense,GB239503167
DE,EA,21/03/2025,INC - SALES OF OTHER GOODS AND SERVICES - OTHER PROVISION OF INFORMATION,EA Ops-COO-SFSO-Data Digital & IT,IRON MOUNTAIN UK PLC,1001598675,59495.93,OTHER GOODS AND SERVICES,SE1 2TT,SUPPLIER,,ENVBBPDM20312B01R,Revenue,GB 607937516
DE,EA,21/03/2025,EXP - PURCHASE OF GOODS/SERVICES - CONSULTANCY - TECHNICAL,EA FCRM Dir-MPPD-PCM-SE,WSP UK LTD,1001598680,391979.53,FEES AND COMMISSIONS,WC2A 1AF,CIS SUPPLIER,,ENV6004216R,Expense,GB 905 0549 42
DE,EA,21/03/2025,EXP - CURRENT GRANTS TO PRIVATE SECTOR - NEIRF GRANTS,EA Ops-COO-SFSO-Innovation Funding and Investment,BIOCAP LTD,1001598686,29723.43,OTHER COSTS,RG14 7QS,SUPPLIER,,ENV6007041R,Expense,
DE,EA,21/03/2025,EXP CAPITAL GRANTS TO PTE SECTOR - PARTNERSHIP GRANTS,EA Ops-EAN-Mgt,RIVER WAVENEY TRUST LTD,1001598695,30000,GRANTS - PROJECTS,IP21 4JP,SUPPLIER,,ENV0005444C,Expense,
DE,EA,21/03/2025,EXP - CURRENT GRANTS TO PRIVATE SECTOR - NEIRF GRANTS,EA Ops-COO-SFSO-Innovation Funding and Investment,ENVIRONMENTAL FINANCE LTD,1001598707,27312.5,OTHER COSTS,SE11 5JH,SUPPLIER,,ENV6007041R,Expense,
DE,EA,21/03/2025,EXP - CAPITAL GRANTS TO LOCAL GOVERNMENT - NFM GRANTS,EA FCRM Dir-SNA-Mgt,DONCASTER COUNCIL,1001598708,71868.57,GRANTS - PROJECTS,DN1 3BU,SUPPLIER,,ENV0005826C,Expense,GB182338557
DE,EA,21/03/2025,EXP - CURRENT GRANTS TO PRIVATE SECTOR - NEIRF GRANTS,EA Ops-COO-SFSO-Innovation Funding and Investment,SOIL EXCHANGE LTD,1001598714,31797.88,OTHER COSTS,BS1 6AD,SUPPLIER,,ENV6007041R,Expense,
DE,EA,21/03/2025,EXP - CURRENT GRANTS TO PRIVATE SECTOR - NEIRF GRANTS,EA Ops-COO-SFSO-Innovation Funding and Investment,FOREST CANOPY FOUNDATION,1001598715,43247,OTHER COSTS,OX25 6HL,SUPPLIER,,ENV6007041R,Expense,
DE,EA,21/03/2025,EXP - CURRENT GRANTS TO PRIVATE SECTOR - NEIRF GRANTS,EA Ops-COO-SFSO-Innovation Funding and Investment,PLANTLIFE INTERNATIONAL - THE WILD PLANT CONSERVATION CHARITY,1001598718,54829.48,OTHER COSTS,SP1 2AP,SUPPLIER,,ENV6007041R,Expense,
DE,EA,21/03/2025,EXP - CURRENT GRANTS TO PRIVATE SECTOR - NEIRF GRANTS,EA Ops-COO-SFSO-Innovation Funding and Investment,LAND MANAGEMENT SERVICES,1001598719,31792.5,OTHER COSTS,CM9 8SS,SUPPLIER,,ENV6007041R,Expense,
DE,EA,21/03/2025,EXP - CAPITAL GRANTS TO LOCAL GOVERNMENT,EA Ops-DCS-Mgt,PLYMOUTH CITY COUNCIL,1001598722,100000,GRANTS,PL1 2AA,LOCAL AUTHORITIES,,ENVRMAGIA0011C,Expense,144675845
DE,EA,21/03/2025,EXP - CURRENT GRANTS TO PRIVATE SECTOR - PARTNERSHIP GRANTS,EA Ops-YOR-EPE-Environment Programme,DON CATCHMENT RIVERS TRUST,1001598725,30000,OTHER COSTS,DN2 4LP,SUPPLIER,,ENV7004979R,Expense,
DE,EA,21/03/2025,EXP - PURCHASE OF GOODS/SERVICES - CONSULTANCY - TECHNICAL,EA FCRM Dir-AME-Mgt,JACOBS UK LTD,1001598736,119687.66,FEES AND COMMISSIONS,G2 7HX,CIS SUPPLIER,,ENV7000089R,Expense,GB624298920
DE,EA,21/03/2025,EXP - CURRENT GRANTS TO PRIVATE SECTOR - NEIRF GRANTS,EA Ops-COO-SFSO-Innovation Funding and Investment,MANOR HOUSE STOKE TRISTER LTD,1001598746,30343,OTHER COSTS,BA9 9PH,SUPPLIER,,ENV6007041R,Expense,
DE,EA,21/03/2025,PPE - POA & AUC (OWNED) - COST - O/BAL,EA Ops-KSL-Mgt,VOLKERSTEVIN INFRASTRUCTURE LTD,1001598751,964284.75,TANGIBLE NBV,EN11 9BX,CIS SUPPLIER,,ENV0003358C,Asset,GB424894330
DE,EA,21/03/2025,EXP EU CAPITAL GRANTS TO PTE SECTOR - PERS & NON PROFIT INSTIT'NS SERVING H'HOLD - CWEIY,EA E and B-NP-F&N-Biodiversity,HARPER ADAMS UNIVERSITY COLLEGE,1001598752,118074.8,EU Capital Grants,TF10 8NB,Public Body,,ENV0005571C,Expense,
DE,EA,21/03/2025,Exp - Purchase Of Goods/Services - Contractors,EA Ops-HNL-FCRM OPS East-Field Lower Roding,AMALGAMATED CONSTRUCTION LTD,1001598753,33946.32,FEES AND COMMISSIONS,S75 1HT,CIS SUPPLIER,,ENVFRA17S093,Expense,GB927150433
DE,EA,21/03/2025,PPE - POA & AUC (OWNED) - COST - O/BAL,EA Ops-EMD-Mgt,JACKSON CIVIL ENGINEERING GROUP LTD.,1001598755,714218.74,TANGIBLE NBV,IP1 5LT,CIS SUPPLIER,,ENV0004621C,Asset,GB 904443249
DE,EA,21/03/2025,EXP - CAPITAL GRANTS TO PTE SECTOR - NFM GRANTS,EA FCRM Dir-SNA-Mgt,WYRE RIVERS TRUST,1001598758,102390.95,GRANTS - PROJECTS,PR9 9NL,CHARITY,,ENV0005827C,Expense,
DE,EA,21/03/2025,EXP - CURRENT GRANTS TO PRIVATE SECTOR - PARTNERSHIP GRANTS,EA Ops-EAN-EPE Plg-Environment Programme East,ESSEX & SUFFOLK RIVERS TRUST,1001598759,38349.45,OTHER COSTS,CM7 4NL,SUPPLIER,,ENV6007198R,Expense,
DE,EA,21/03/2025,EXP EU CAPITAL GRANTS TO PTE SECTOR - PERS & NON PROFIT INSTIT'NS SERVING H'HOLD - CWEIY,EA Ops-WSX-Mgt,WSP BINNIES CONSORTIUM (MK2),1001598770,30230.89,EU Capital Grants,RH1 1SH,SUPPLIER,,ENVIMSW002033,Expense,330315158
DE,EA,21/03/2025,PPE - POA & AUC (OWNED) - COST - O/BAL,EA Ops-NEA-Mgt,JBA CONSULTING,1001598771,141948.26,TANGIBLE NBV,BD23 3FD,SUPPLIER,,ENV0002541C,Asset,665300941
DE,EA,21/03/2025,EXP CAPITAL GRANTS TO PTE SECTOR - PARTNERSHIP GRANTS,EA Ops-THM-Mgt,RIVER THAME CONSERVATION TRUST,1001598776,96000,GRANTS - PROJECTS,OX33 1XW,SUPPLIER,,ENV0003002C,Expense,
DE,EA,21/03/2025,EXP EU CAPITAL GRANTS TO PTE SECTOR - PERS & NON PROFIT INSTIT'NS SERVING H'HOLD - CWEIY,EA Ops-CLA-Mgt,NORTHERN GAS NETWORKS LTD,1001598784,66768.68,EU Capital Grants,LS15 8TU,SUPPLIER,,ENV0000498C,Expense,
DE,EA,24/03/2025,EXP EU CAPITAL GRANTS TO PTE SECTOR - PERS & NON PROFIT INSTIT'NS SERVING H'HOLD - CWEIY,EA Ops-EAN-Mgt,RSPB,1001598785,58528.17,EU Capital Grants,SG19 2DL,SUPPLIER,,ENVIMAN000690,Expense,GB365969589
DE,EA,24/03/2025,EXP - PURCHASE OF GOODS/SERVICES - OTHER - GRANTS AND CONTRIBUTIONS,EA FCRM Dir-AME-Engineering and Technical Assurance,WITHAM THIRD INTERNAL DRAINAGE BOARD,1001598789,420000,OTHER COSTS,LN6 3QN,SUPPLIER,,ENV7006083R,Expense,
DE,EA,24/03/2025,EXP EU CAPITAL GRANTS TO PTE SECTOR - PERS & NON PROFIT INSTIT'NS SERVING H'HOLD - CWEIY,EA Ops-EAN-Mgt,MOTT MACDONALD LTD,1001598793,185358.17,EU Capital Grants,CR20 2EE,SUPPLIER,,ENVIMAN002644,Expense,GB 523765636
DE,EA,24/03/2025,EXP EU CAPITAL GRANTS TO PTE SECTOR - PERS & NON PROFIT INSTIT'NS SERVING H'HOLD - CWEIY,EA FCRM Dir-AME-Asset Operations and Improvements,BRIGGS EQUIPMENT UK LTD,1001598794,336847.45,EU Capital Grants,WS11 8XW,SUPPLIER,,ENV0004514C,Expense,890025926
DE,EA,24/03/2025,EXP - PURCHASE OF GOODS/SERVICES - OTHER - GRANTS AND CONTRIBUTIONS,EA Ops-YOR-FCRM N&EY-PSO NY Upper & Coast,YORKSHIRE WILDLIFE TRUST,1001598795,148514.22,OTHER COSTS,YO24 1GN,3RD SECTOR SUPPLIER,,ENV7005272R,Expense,235804804
DE,EA,24/03/2025,EXP - CAPITAL GRANTS TO LOCAL GOVERNMENT - LOCAL LEVY,EA Ops-KSL-Mgt,LONDON BOROUGH OF RICHMOND UPON THAMES,1001598797,137745.38,GRANTS - PROJECTS,TW1 3BZ,THIRD PARTY,,ENVIMSELLKSL2,Expense,222806976
DE,EA,24/03/2025,Exp - Purchase Of Goods/Services - Contractors,EA FCRM Dir-MPPD-PCM-NE,BAM NUTTALL LTD,1001598798,43931.67,FEES AND COMMISSIONS,GU15 3XW,CIS SUPPLIER,,ENV7002366R,Expense,GB340316204
DE,EA,24/03/2025,Exp - Purchase Of Goods/Services - Contractors,EA FCRM Dir-MPPD-PCM-SW,HALCROW GROUP LTD,1001598801,32423.97,FEES AND COMMISSIONS,W6 7EF,SUPPLIER,,ENVNCPMSCONSW,Expense,GB624 2989 20
DE,EA,24/03/2025,PPE - POA & AUC (OWNED) - COST - O/BAL,EA Ops-KSL-Mgt,VOLKERSTEVIN INFRASTRUCTURE LTD,1001598802,571833.03,TANGIBLE NBV,EN11 9BX,CIS SUPPLIER,,ENV0004363C,Asset,GB424894330
DE,EA,24/03/2025,EXP EU CAPITAL GRANTS TO PTE SECTOR - PERS & NON PROFIT INSTIT'NS SERVING H'HOLD - CWEIY,EA Ops-CLA-Mgt,AMALGAMATED CONSTRUCTION LTD,1001598803,193253.35,EU Capital Grants,S75 1HT,CIS SUPPLIER,,ENV0004665C,Expense,GB927150433
DE,EA,24/03/2025,"EXP - PURCHASE OF GOODS/SERVICES - OTHER - V&P, BOATS & AIRCRAFT - HIRE",EA Ops-COO-SFSO-DGFS-Mgt,NOVUNA VEHICLE SOLUTIONS,1001598804,1034913.51,TRANSPORT & PLANT,RG14 2NU,SUPPLIER,,ENVHORES00187,Expense,GB 823824822
DE,EA,24/03/2025,EXP - CAPITAL GRANTS TO LOCAL GOVERNMENT,EA FCRM Dir-AME-Engineering and Technical Assurance,OUSE & DERWENT INTERNAL DRAINAGE BOARD,1001598806,123281.31,GRANTS,YO19 4SR,SUPPLIER,,ENV0006083C,Expense,
DE,EA,24/03/2025,PPE - POA & AUC (OWNED) - COST - O/BAL,EA Ops-LNA-Mgt,JACKSON CIVIL ENGINEERING GROUP LTD.,1001598807,525119.28,TANGIBLE NBV,IP1 5LT,CIS SUPPLIER,,ENV0005793C,Asset,GB 904443249
DE,EA,24/03/2025,EXP EU CAPITAL GRANTS TO PTE SECTOR - PERS & NON PROFIT INSTIT'NS SERVING H'HOLD - CWEIY,EA Ops-EAN-Mgt,JEREMY BENN ASSOCIATES LTD,1001598808,336081.08,EU Capital Grants,BD23 3AE,SUPPLIER,,ENV0000678C,Expense,665 3009 41
DE,EA,24/03/2025,EXP - CAPITAL GRANTS TO LOCAL GOVERNMENT,EA FCRM Dir-AME-Engineering and Technical Assurance,BEVERLEY & NORTH HOLDERNESS INTERNAL DRAINAGE BOARD,1001598809,72003,GRANTS,YO19 4SP,SUPPLIER,,ENV0006083C,Expense,171341489
DE,EA,24/03/2025,EXP - CAPITAL GRANTS TO LOCAL GOVERNMENT,EA FCRM Dir-AME-Engineering and Technical Assurance,LOWER SEVERN INTERNAL DRAINAGE BOARD,1001598810,1018110,GRANTS,BS35 1RF,SUPPLIER,,ENV0006083C,Expense,
DE,EA,24/03/2025,EXP EU CAPITAL GRANTS TO PTE SECTOR - PERS & NON PROFIT INSTIT'NS SERVING H'HOLD - CWEIY,EA Ops-GMC-Mgt,JACOBS UK LTD,1001598812,205471.34,EU Capital Grants,SE1 2QG,CIS SUPPLIER,,ENV0000148C,Expense,GB624298920
DE,EA,24/03/2025,PPE - POA & AUC (OWNED) - COST - O/BAL,EA Ops-LNA-Mgt,OVE ARUP & PARTNERS LTD,1001598813,251459.56,TANGIBLE NBV,NE1 3PL,SUPPLIER,,ENV0002694C,Asset,GB524461265
DE,EA,24/03/2025,EXP CAPITAL GRANTS TO PTE SECTOR - PARTNERSHIP GRANTS,EA Ops-WMD-Mgt,SEVERN RIVERS TRUST,1001598817,30000,GRANTS - PROJECTS,WR6 6QF,SUPPLIER,,ENV0004966C,Expense,
DE,EA,24/03/2025,EXP - CAPITAL GRANTS TO LOCAL GOVERNMENT,EA FCRM Dir-AME-Engineering and Technical Assurance,BROADS INTERNAL DRAINAGE BOARD,1001598821,500807.54,GRANTS,PE30 1PW,SUPPLIER,,ENV0006083C,Expense,
DE,EA,24/03/2025,EXP - CAPITAL GRANTS TO LOCAL GOVERNMENT,EA Ops-YOR-Mgt,CALDERDALE METROPOLITAN BOROUGH COUNCIL,1001598824,134942.57,GRANTS,HX1 1TP,THIRD PARTY,,ENVRMAGIA0008C,Expense,18 4314761
DE,EA,24/03/2025,EXP - CAPITAL GRANTS TO LOCAL GOVERNMENT,EA FCRM Dir-AME-Engineering and Technical Assurance,BLACK SLUICE INTERNAL DRAINAGE BOARD,1001598828,1024861.42,GRANTS,PE20 3PW,SUPPLIER,,ENV0006083C,Expense,
DE,EA,24/03/2025,EXP - PURCHASE OF GOODS/SERVICES - OTHER PROFESSIONAL SERVICES,EA Ops-WSX-EPE-Environment Programme,SOUTH GLOUCESTERSHIRE COUNCIL,1001598831,47999,FEES AND COMMISSIONS,BS15 9DW,LOCAL AUTHORITIES,,,Expense,GB664 3211 52
DE,EA,24/03/2025,Exp - Purchase Of Goods/Services - Contractors,EA Ops-KSL-FCRM-Mgt,DELOITTE LLP,1001598833,69120.01,FEES AND COMMISSIONS,EC4A 3TR,SUPPLIER,,ENV7003111R,Expense,GB809707706
DE,EA,24/03/2025,EXP - PURCHASE OF GOODS/SERVICES - OTHER - GRANTS AND CONTRIBUTIONS,EA FCRM Dir-AME-Engineering and Technical Assurance,FOSS 2008 INTERNAL DRAINAGE BOARD,1001598835,45775.43,OTHER COSTS,YO19 4SR,SUPPLIER,,ENV7006083R,Expense,169462334
DE,EA,24/03/2025,EXP - CAPITAL GRANTS TO LOCAL GOVERNMENT - LOCAL LEVY,EA Ops-WSX-Mgt,BRISTOL CITY COUNCIL,1001598836,282053.38,GRANTS - PROJECTS,BS1 9NE,LOCAL AUTHORITIES,,ENVIMSW002128,Expense,139563445
DE,EA,24/03/2025,PPE - POA & AUC (OWNED) - COST - O/BAL,EA Ops-SSD-Mgt,ARUN & ROTHER RIVERS TRUST,1001598838,38400,TANGIBLE NBV,GU28 0LF,SUPPLIER,,ENV0006254C,Asset,
DE,EA,24/03/2025,PPE - POA & AUC (OWNED) - COST - O/BAL,EA Ops-WSX-Mgt,ATKINSRÉALIS UK LTD,1001598839,578141.38,TANGIBLE NBV,KT18 5BW,CIS SUPPLIER,,ENV0001197C,Asset,20986 1253
DE,EA,24/03/2025,EXP EU CAPITAL GRANTS TO PTE SECTOR - PERS & NON PROFIT INSTIT'NS SERVING H'HOLD - CWEIY,EA Ops-CLA-Mgt,JACOBS UK LTD,1001598840,30952.13,EU Capital Grants,G2 7HX,CIS SUPPLIER,,ENV0000489C,Expense,GB624298920
DE,EA,24/03/2025,PPE - POA & AUC (OWNED) - COST - O/BAL,EA Ops-WSX-Mgt,STONBURY LTD,1001598841,45940.42,TANGIBLE NBV,MK44 3BH,CIS SUPPLIER,,ENV0006085C,Asset,GB432056820
DE,EA,24/03/2025,"EXP - PURCHASE OF GOODS/SERVICES - OTHER - V&P, BOATS & AIRCRAFT - HIRE",EA Ops-COO-SFSO-DGFS-Mgt,NOVUNA VEHICLE SOLUTIONS,1001598845,40910.77,TRANSPORT & PLANT,BA14 8QU,SUPPLIER,,ENVHORES00187,Expense,GB 823824822
DE,EA,24/03/2025,EXP EU CAPITAL GRANTS TO PTE SECTOR - PERS & NON PROFIT INSTIT'NS SERVING H'HOLD - CWEIY,EA Ops-NEA-Mgt,TYNE RIVERS TRUST,1001598847,57163,EU Capital Grants,NE45 5PE,SUPPLIER,,ENV0003838C,Expense,
DE,EA,24/03/2025,EXP - PURCHASE OF GOODS/SERVICES - PROFESSIONAL FEES,EA E and B-Water-WQ&I-Planning,DURHAM UNIVERSITY,1001598850,28800,FEES AND COMMISSIONS,DH1 3HP,SUPPLIER,,ENV6005794R,Expense,675542510
DE,EA,24/03/2025,EXP - CAPITAL GRANTS TO LOCAL GOVERNMENT,EA FCRM Dir-AME-Engineering and Technical Assurance,BEDFORD GROUP OF IDBS,1001598855,68946.5,GRANTS,MK43 9ND,SUPPLIER,,ENV0006083C,Expense,332571375
DE,EA,24/03/2025,PPE - POA & AUC (OWNED) - COST - O/BAL,EA Ops-KSL-Mgt,ECS ENGINEERING SERVICES LTD,1001598856,25641.23,TANGIBLE NBV,NG17 2JW,CIS SUPPLIER,,ENV0005820C,Asset,646710631
DE,EA,24/03/2025,EXP - CAPITAL GRANTS TO LOCAL GOVERNMENT,EA FCRM Dir-AME-Engineering and Technical Assurance,KINGS LYNN INTERNAL DRAINAGE BOARD,1001598858,919973.84,GRANTS,PE30 5DD,SUPPLIER,,ENV0006083C,Expense,106280109
DE,EA,24/03/2025,PPE - POA & AUC (OWNED) - COST - O/BAL,EA Ops-WSX-Mgt,NIVUS LTD,1001598871,87925.68,TANGIBLE NBV,CV32 7UJ,SUPPLIER,,ENV0007721C,Asset,
DE,EA,24/03/2025,EXP - PURCHASE OF GOODS/SERVICES - OTHER TRAINING,EA Ops-COO-SPP-Learning and Development,KINEO,1001598995,42073.8,TRAINING,EC1A 9DE,SUPPLIER,,ENVHOL&D00004,Expense,868951657
DE,EA,24/03/2025,EXP EU CAPITAL GRANTS TO PTE SECTOR - PERS & NON PROFIT INSTIT'NS SERVING H'HOLD - CWEIY,EA Ops-NEA-Mgt,HARTLEPOOL BOROUGH COUNCIL,1001598996,519016.58,EU Capital Grants,TS24 8AY,Access to Work,,ENV0002560C,Expense,259 087 918
DE,EA,24/03/2025,EXP - CAPITAL GRANTS TO LOCAL GOVERNMENT - LOCAL LEVY,EA Ops-GMC-Mgt,CHESHIRE EAST BOROUGH COUNCIL,1001598997,117692,GRANTS - PROJECTS,CW1 2JZ,SUPPLIER,,ENVIMNW000969,Expense,GB945092022.
DE,EA,24/03/2025,EXP - PURCHASE OF GOODS/SERVICES - CONSULTANCY - TECHNICAL,EA Ops-KSL-Env Mgt SLN-Mgt,ARCADIS CONSULTING UK LTD,1001598998,130710.6,FEES AND COMMISSIONS,M60 3NT,SUPPLIER,,ENV6007301R,Expense,GB 8727 99950
DE,EA,24/03/2025,Exp - Purchase Of Goods/Services - Consultancy,EA E and B-CS-EAE-IAE,ICF CONSULTING SERVICES LTD,1001599010,48380.4,FEES AND COMMISSIONS,EC4R 1BE,SUPPLIER,,,Expense,927 4872 86
DE,EA,24/03/2025,Exp - Purchase Of Goods/Services - Contractors,EA Ops-DCS-FCRM OPS-Field Central,BRIDGE CIVIL ENGINEERING,1001599017,62365.06,FEES AND COMMISSIONS,TQ13 0DF,CIS SUPPLIER,,ENV6003748R,Expense,GB717667210
DE,EA,24/03/2025,PPE - POA & AUC (OWNED) - COST - O/BAL,EA Ops-WSX-Mgt,GALLIFORD TRY CONSTRUCTION LTD,1001599018,70879.85,TANGIBLE NBV,UB8 2AD,CIS SUPPLIER,,ENV0002924C,Asset,GB223413506
DE,EA,24/03/2025,Exp - Purchase Of Goods/Services - Contractors,EA Ops-CLA-FCRM OPS-Mgt,AMALGAMATED CONSTRUCTION LTD,1001599019,215443.99,FEES AND COMMISSIONS,LS15 8ZB,CIS SUPPLIER,,ENV7005873R,Expense,GB927150433
DE,EA,24/03/2025,Exp - Purchase Of Goods/Services - Contractors,EA Ops-EAN-FCRM OPS West-Asset Perf,BREHENY CIVIL ENGINEERING LTD,1001599021,297173.12,FEES AND COMMISSIONS,IP6 8NH,CIS SUPPLIER,,ENV6007111R,Expense,GB 787425388
DE,EA,24/03/2025,Exp - Purchase Of Goods/Services - Contractors,EA Ops-THM-Waterways-Mgt,LAND & WATER SERVICES LTD,1001599023,46295.88,FEES AND COMMISSIONS,GU4 8RU,CIS SUPPLIER,,ENV6007537R,Expense,GB880055431
DE,EA,24/03/2025,Exp - Purchase Of Goods/Services - Contractors,EA Ops-EAN-FCRM OPS West-Asset Perf,LAND & WATER SERVICES LTD,1001599024,134853.07,FEES AND COMMISSIONS,GU4 8RU,CIS SUPPLIER,,ENV6007086R,Expense,GB880055431
DE,EA,24/03/2025,Exp - Purchase Of Goods/Services - Contractors,EA Ops-GMC-FCRM OPS Gtr Mcr-Asset Perf,CPC CIVILS LTD,1001599025,66356.22,FEES AND COMMISSIONS,B94 6NW,CIS SUPPLIER,,ENV7006072R,Expense,GB175632004
DE,EA,24/03/2025,PPE - POA & AUC (OWNED) - COST - O/BAL,EA Ops-DCS-Mgt,CORSERV SOLUTIONS LTD,1001599026,36071.08,TANGIBLE NBV,TR16 5EH,CIS SUPPLIER,,ENV0004906C,Asset,GB135535518
DE,EA,24/03/2025,PPE - POA & AUC (OWNED) - COST - O/BAL,EA Ops-COO-SFSO-Estates,DEFRA,1001599040,90089.34,TANGIBLE NBV,NP10 8FZ,SUPPLIER,,ENV0003625C,Asset,888800181
DE,EA,24/03/2025,EXP EU CAPITAL GRANTS TO PTE SECTOR - PERS & NON PROFIT INSTIT'NS SERVING H'HOLD - CWEIY,EA Ops-CLA-Mgt,VBA JOINT VENTURE LTD,1001599057,908095.93,EU Capital Grants,PR2 5PE,CIS SUPPLIER,,ENV0000489C,Expense,174646777
DE,EA,24/03/2025,PPE - POA & AUC (OWNED) - COST - O/BAL,EA Ops-WSX-Mgt,KIER INTERGRATED SERVICES LTD,1001599068,3280786.45,TANGIBLE NBV,SG19 2BD,SUPPLIER,,ENVIMSW002039,Asset,1055 40018
DE,EA,24/03/2025,EXP - CAPITAL GRANTS TO LOCAL GOVERNMENT,EA Ops-GMC-Mgt,CHESHIRE WEST & CHESTER COUNCIL,1001599085,54455,GRANTS,WA3 6QX,SUPPLIER,,ENVRMAGIA0009C,Expense,945101154
DE,EA,24/03/2025,EXP - CAPITAL GRANTS TO LOCAL GOVERNMENT,EA Ops-LNA-Mgt,NORTH NORTHAMPTONSHIRE COUNCIL,1001599094,56500,GRANTS,NN1 1ED,SUPPLIER,,ENVRMAGIA0004C,Expense,370 1512 34
DE,EA,24/03/2025,EXP - CAPITAL GRANTS TO LOCAL GOVERNMENT,EA FCRM Dir-AME-Engineering and Technical Assurance,WAVENEY LOWER YARE & LOTHINGLAND IDB,1001599103,40000,GRANTS,PE30 5DD,SUPPLIER,,ENV0006083C,Expense,
DE,EA,24/03/2025,EXP - CAPITAL GRANTS TO LOCAL GOVERNMENT,EA FCRM Dir-AME-Engineering and Technical Assurance,EAST SUFFOLK WATER MANAGEMENT BOARD,1001599104,154504.01,GRANTS,PE30 5DD,THIRD PARTY,,ENV0006083C,Expense,941 9926 86
DE,EA,24/03/2025,EXP EU CAPITAL GRANTS TO PTE SECTOR - PERS & NON PROFIT INSTIT'NS SERVING H'HOLD - CWEIY,EA Ops-LNA-Mgt,SOUTH HOLLAND INTERNAL DRAINAGE BOARD,1001599107,595445,EU Capital Grants,PE30 5DD,SUPPLIER,,ENV0007789C,Expense,
DE,EA,24/03/2025,Exp - Purchase Of Goods/Services - Consultancy,EA FCRM Dir-MPPD-PCM-SW,AECOM LTD,1001599125,412517.13,FEES AND COMMISSIONS,E1 8FA,SUPPLIER,,,Expense,611853162
DE,EA,24/03/2025,Exp - Purchase Of Goods/Services - Consultancy,EA FCRM Dir-MPPD-PCM-East,MOTT MACDONALD LTD,1001599129,313893.93,FEES AND COMMISSIONS,CR0 2EE,SUPPLIER,,,Expense,GB 523765636
DE,EA,24/03/2025,Exp - Purchase Of Goods/Services - Consultancy,EA FCRM Dir-MPPD-PCM-NE,TURNER & TOWNSEND PROJECT MANAGEMENT LTD,1001599130,444873.99,FEES AND COMMISSIONS,LS18 4GH,SUPPLIER,,,Expense,764244132
DE,EA,24/03/2025,EXP EU CAPITAL GRANTS TO PTE SECTOR - PERS & NON PROFIT INSTIT'NS SERVING H'HOLD - CWEIY,EA Ops-CLA-Mgt,WSP UK LTD,1001599131,276354.79,EU Capital Grants,WC2A 1AF,CIS SUPPLIER,,ENV0000489C,Expense,GB 905 0549 42
DE,EA,24/03/2025,EXP - CAPITAL GRANTS TO LOCAL GOVERNMENT,EA Ops-YOR-Mgt,NORTH YORKSHIRE COUNCIL - SCARBOROUGH SPA,1001599140,161700,GRANTS,YO11 2HG,LOCAL AUTHORITIES,,ENVRMAGIA0008C,Expense,
DE,EA,24/03/2025,PPE - POA & AUC (OWNED) - COST - O/BAL,EA Ops-EAN-Mgt,WSP UK LTD,1001599153,241240.5,TANGIBLE NBV,WC2A 1AF,CIS SUPPLIER,26449,ENV0006249C,Asset,GB 905 0549 42
DE,EA,24/03/2025,Exp - Purchase Of Goods/Services - Contractors,EA Ops-LNA-FCRM OPS Supra Area MEICA-Mgt,AMALGAMATED CONSTRUCTION LTD,1001599155,340734.65,FEES AND COMMISSIONS,LS15 8ZB,CIS SUPPLIER,,ENV6007251R,Expense,GB927150433
DE,EA,24/03/2025,EXP - CAPITAL GRANTS TO LOCAL GOVERNMENT,EA Ops-EAN-Mgt,GREAT YARMOUTH BOROUGH COUNCIL,1001599161,500000,GRANTS,NR30 2QF,SUPPLIER,,ENVRMAGIA0005C,Expense,GB 106953958
DE,EA,24/03/2025,EXP - CAPITAL GRANTS TO LOCAL GOVERNMENT,EA Ops-NEA-Mgt,SUNDERLAND CITY COUNCIL,1001599168,262000,GRANTS,SR2 7DN,LOCAL AUTHORITIES,,ENVRMAGIA0007C,Expense,178 2102 71
DE,EA,24/03/2025,EXP - PURCHASE OF GOODS/SERVICES - CONSULTANCY - TECHNICAL,EA E and B-Water-WR-Security of Supply,ADAS,1001599173,29239.2,FEES AND COMMISSIONS,WA6 0AR,SUPPLIER,,ENVWLB00386R,Expense,
DE,EA,24/03/2025,Exp - Purchase Of Goods/Services - Contractors,EA Ops-LNA-FCRM-Mgt,FUGRO GB LTD,1001599179,83375.02,FEES AND COMMISSIONS,OX10 9RB,SUPPLIER,,ENVIMAN002290R,Expense,GB579345984
DE,EA,24/03/2025,PPE - POA & AUC (OWNED) - COST - O/BAL,EA Ops-GMC-Mgt,VOLKERSTEVIN INFRASTRUCTURE LTD,1001599196,1491578.5,TANGIBLE NBV,EN11 9BX,CIS SUPPLIER,,ENVIMNW000100,Asset,GB424894330
DE,EA,24/03/2025,Exp - Purchase Of Goods/Services - Consultancy,EA FCRM Dir-MPPD-PCM-SE,ARCADIS CONSULTING UK LTD,1001599197,269439.29,FEES AND COMMISSIONS,EC3M 4BY,SUPPLIER,,,Expense,GB 8727 99950
DE,EA,24/03/2025,EXP - CAPITAL GRANTS TO LOCAL GOVERNMENT,EA Ops-NEA-Mgt,MIDDLESBOROUGH COUNCIL,1001599210,90000,GRANTS,TS1 2RH,LOCAL AUTHORITIES,,ENVRMAGIA0007C,Expense,
DE,EA,24/03/2025,EXP - CAPITAL GRANTS TO LOCAL GOVERNMENT,EA Ops-WMD-Mgt,RIVER LUGG IDB,1001599211,100000,GRANTS,DN6 7FE,THIRD PARTY,,ENVRMAGIA0003C,Expense,
DE,EA,24/03/2025,Exp - Purchase Of Goods/Services - Contractors,EA Ops-EMD-Mgt,SCUNTHORPE & GAINSBOROUGH WATER MANAGEMENT BOARD,1001599219,250000,FEES AND COMMISSIONS,DN6 7FE,SUPPLIER,,ENV7006068R,Expense,
DE,EA,25/03/2025,Exp - Purchase Of Goods/Services - Contractors,EA Ops-EAN-Env Mgt Suffolk-WLB Asset Management,GROUND CONTROL LTD,1001599231,52701.71,FEES AND COMMISSIONS,CM12 0EQ,CIS SUPPLIER,,ENVREAN000472,Expense,GB406427959
DE,EA,25/03/2025,Exp - Purchase Of Goods/Services - Contractors,EA Ops-CLA-FCRM OPS-Field,LOWTHER FORESTRY GROUP LTD,1001599232,35648.93,FEES AND COMMISSIONS,CA10 2HH,CIS SUPPLIER,,ENV6001258R,Expense,GB698065485
DE,EA,25/03/2025,PPE - POA & AUC (OWNED) - COST - O/BAL,EA Ops-WSX-Mgt,LAND & WATER SERVICES LTD,1001599233,258941.05,TANGIBLE NBV,GU4 8RU,CIS SUPPLIER,,ENV0004096C,Asset,GB880055431
DE,EA,25/03/2025,EXP EU CAPITAL GRANTS TO PTE SECTOR - PERS & NON PROFIT INSTIT'NS SERVING H'HOLD - CWEIY,EA Ops-KSL-Mgt,VBA JOINT VENTURE LTD,1001599240,150887.63,EU Capital Grants,EN11 9BX,CIS SUPPLIER,,ENVIMSO001254,Expense,174646777
DE,EA,25/03/2025,Exp - Purchase Of Goods/Services - Contractors,EA Ops-THM-Waterways-Mgt,LAND & WATER SERVICES LTD,1001599260,90700.49,FEES AND COMMISSIONS,GU4 8RU,CIS SUPPLIER,,ENV6007537R,Expense,GB880055431
DE,EA,25/03/2025,PPE - POA & AUC (OWNED) - COST - O/BAL,EA Ops-LNA-Mgt,AECOM LTD.,1001599265,66770.1,TANGIBLE NBV,E1 8FA,SUPPLIER,,ENV0002657C,Asset,GB611853162
DE,EA,25/03/2025,PPE - POA & AUC (OWNED) - COST - O/BAL,EA Ops-YOR-Mgt,BAM NUTTALL LTD,1001599270,88774.2,TANGIBLE NBV,GU15 3XW,CIS SUPPLIER,,ENV0003382C,Asset,GB340316204
DE,EA,25/03/2025,EXP EU CAPITAL GRANTS TO PTE SECTOR - PERS & NON PROFIT INSTIT'NS SERVING H'HOLD - CWEIY,EA Ops-COO-SFSO-Innovation Funding and Investment,ADAS,1001599282,28826.4,EU Capital Grants,WA6 0AR,SUPPLIER,,ENV0004595C,Expense,
DE,EA,25/03/2025,Exp - Purchase Of Goods/Services - Consultancy,EA FCRM Dir-MPPD-PCM-East,ARCADIS CONSULTING UK LTD,1001599292,83424.98,FEES AND COMMISSIONS,EC3M 4BY,SUPPLIER,,,Expense,GB 8727 99950
DE,EA,25/03/2025,EXP - SHORT-TERM CONTRACT & AGENCY STAFF - FULL COST,EA FINANCE-CORP FINANCE-FIN CONTROL,ALEXANDER MANN SOLUTIONS LTD-2WM,1001599306,360998.94,AGENCY STAFF,EC2N 3AQ,SUPPLIER,,,Expense,744492612
DE,EA,25/03/2025,Exp - Purchase Of Goods/Services - Consultancy,EA FCRM Dir-MPPD-PCM-SW,AECOM LTD,1001599310,64664.38,FEES AND COMMISSIONS,E1 8FA,SUPPLIER,,,Expense,611853162
DE,EA,25/03/2025,PPE - POA & AUC (OWNED) - COST - O/BAL,EA Ops-HNL-Mgt,JACOBS UK LTD,1001599334,69572.71,TANGIBLE NBV,SE1 2QG,CIS SUPPLIER,,ENVIMSE500156,Asset,GB624298920
DE,EA,25/03/2025,EXP - PURCHASE OF GOODS/SERVICES - CONSULTANCY - TECHNICAL,EA E and B-Water-WR-Security of Supply,THAMES WATER UTILITIES LTD,1001599374,67275,FEES AND COMMISSIONS,RG1 8DB,CIS SUPPLIER,,ENVWLB00386R,Expense,537 4569 15
DE,EA,25/03/2025,EXP EU CAPITAL GRANTS TO PTE SECTOR - PERS & NON PROFIT INSTIT'NS SERVING H'HOLD - CWEIY,EA Ops-SSD-Mgt,LAKESIDE FLOOD SOLUTIONS LTD,1001599379,59210.73,EU Capital Grants,SA5 4HS,SUPPLIER,,ENV0004146C,Expense,245008923
DE,EA,25/03/2025,EXP EU CAPITAL GRANTS TO PTE SECTOR - PERS & NON PROFIT INSTIT'NS SERVING H'HOLD - CWEIY,EA Ops-SSD-Mgt,VOLKERSTEVIN INFRASTRUCTURE LTD,1001599395,444652.85,EU Capital Grants,EN11 9BX,CIS SUPPLIER,,ENVIMSO000648,Expense,GB424894330
DE,EA,25/03/2025,EXP - CAPITAL GRANTS TO LOCAL GOVERNMENT - LOCAL LEVY,EA Ops-SSD-Mgt,WEST SUSSEX COUNTY COUNCIL,1001599396,32500,GRANTS - PROJECTS,PO19 1RG,SUPPLIER,,ENVIMSESDLLA1,Expense,193 604 455
DE,EA,25/03/2025,EXP EU CAPITAL GRANTS TO PTE SECTOR - PERS & NON PROFIT INSTIT'NS SERVING H'HOLD - CWEIY,EA Ops-LNA-Mgt,LINCOLNSHIRE COUNTY COUNCIL,1001599426,158400,EU Capital Grants,LN1 1GJ,SUPPLIER,,ENV0002658C,Expense,GB 129392355
DE,EA,25/03/2025,PPE - POA & AUC (OWNED) - COST - O/BAL,EA E and B-NP-F&N-Estuaries and Coasts Plg,THE UK CENTRE FOR ECOLOGY AND HYDROLOGY UKCEH,1001599471,94639.21,TANGIBLE NBV,OX10 8BB,SUPPLIER,,ENV0004644C,Asset,GB336940192
DE,EA,25/03/2025,INC - RECEIPT OF FEES AND CHARGES - EPR-INSTALLATIONS - VARIATIONS,EA Ops-RMC-Permitting-IPS,EUROPEAN METAL RECYCLING LTD,1001599482,41952,RECEIPT OF FEES AND CHARGES,L20 1BX,SUPPLIER,,,Revenue,
DE,EA,25/03/2025,EXP - SHORT-TERM CONTRACT & AGENCY STAFF - FULL COST,EA FCRM Dir-MPPD-NEAS-Ops,DEFRA,1001599485,107714.04,AGENCY STAFF,NP10 8FZ,SUPPLIER,,,Expense,888800181
DE,EA,25/03/2025,EXP EU CAPITAL GRANTS TO PTE SECTOR - PERS & NON PROFIT INSTIT'NS SERVING H'HOLD - CWEIY,EA Ops-CLA-Mgt,NATIONAL TRUST,1001599489,81839.16,EU Capital Grants,BA14 0ZT,CUSTOMER,,ENV0004039C,Expense,GB239503167
DE,EA,25/03/2025,EXP - PURCHASE OF GOODS/SERVICES - CONSULTANCY - TECHNICAL,EA Ops-KSL-FCRM OPS East Kent-Mgt,VAN OORD UK LTD,1001599490,33063.45,FEES AND COMMISSIONS,BN5 9XQ,CIS SUPPLIER,,ENV6004785R,Expense,426932245
DE,EA,25/03/2025,PPE - POA & AUC (OWNED) - COST - O/BAL,EA Ops-WSX-Mgt,KIER INTERGRATED SERVICES LTD,1001599507,353555.62,TANGIBLE NBV,SG19 2BD,SUPPLIER,,ENV0000761C,Asset,1055 40018
DE,EA,25/03/2025,CA - PREPAYMENTS (NON-PFI) - LEASE CAR,EA Ops-COO-SFSO-DGFS-Planning & Performance,KINTO UK LTD,1001599510,38947.28,PREPAYMENTS,PO6 4RP,SUPPLIER,,,Asset,GB 338401905
DE,EA,25/03/2025,EXP - PURCHASE OF GOODS/SERVICES - CONSULTANCY - ADVISORY,EA E and B-Water-WR-Security of Supply,WSP UK LTD,1001599517,122084.25,FEES AND COMMISSIONS,WC2A 1AF,CIS SUPPLIER,,ENVEBP20046R,Expense,GB 905 0549 42
DE,EA,25/03/2025,Exp - Purchase Of Goods/Services - Contractors,EA Ops-KSL-FCRM OPS SLN & WK-Field Medway,CANTERBURY CITY COUNCIL,1001599528,42300,FEES AND COMMISSIONS,CT1 1YW,SUPPLIER,,ENV6007205R,Expense,
DE,EA,25/03/2025,EXP EU CAPITAL GRANTS TO PTE SECTOR - PERS & NON PROFIT INSTIT'NS SERVING H'HOLD - CWEIY,EA Ops-KSL-Mgt,VOLKERSTEVIN INFRASTRUCTURE LTD,1001599576,94746.31,EU Capital Grants,EN11 9BX,CIS SUPPLIER,,ENV0001040C,Expense,GB424894330
DE,EA,25/03/2025,EXP EU CAPITAL GRANTS TO PTE SECTOR - PERS & NON PROFIT INSTIT'NS SERVING H'HOLD - CWEIY,EA Ops-WMD-Mgt,JACKSON CIVIL ENGINEERING GROUP LTD.,1001599582,559272.58,EU Capital Grants,IP15LT,CIS SUPPLIER,,ENVIMMI001456,Expense,GB 904443249
DE,EA,25/03/2025,PPE - POA & AUC (OWNED) - COST - O/BAL,EA Ops-COO-SFSO-DGFS-Mgt,LISTER WILDER LTD,1001599588,399588.32,TANGIBLE NBV,RG7 1HR,SUPPLIER,,ENV0006176C,Asset,GB 435 3703 62
DE,EA,25/03/2025,EXP EU CAPITAL GRANTS TO PTE SECTOR - PERS & NON PROFIT INSTIT'NS SERVING H'HOLD - CWEIY,EA Ops-SSD-Mgt,EAST SUSSEX COUNTY COUNCIL,1001599589,60000,EU Capital Grants,BN7 1UE,SUPPLIER,,ENV0003141C,Expense,191803754
DE,EA,25/03/2025,EXP - PURCHASE OF GOODS/SERVICES - ICT OUTSOURCING & MAINT/SUPPORT,EA Ops-RMC-Monitoring-Instruments&Systems,SCHNEIDER ELECTRIC SYSTEMS UK LTD,1001599598,142810.61,FEES AND COMMISSIONS,BN13 3PL,SUPPLIER,,,Expense,GB 242338087576
DE,EA,25/03/2025,EXP - PURCHASE OF GOODS/SERVICES - OTHER - EQUIPMENT - OPERATIONAL,EA FCRM Dir-AME-Asset Operations and Improvements,LAND RECOVERY RAIL LTD,1001599609,52426.69,OTHER COSTS,CW1 5RQ,SUPPLIER,,ENV6001959R,Expense,GB107686792
DE,EA,25/03/2025,EXP - PURCHASE OF GOODS/SERVICES - OTHER,EA E and B-CS-EAE-IAE,ICF CONSULTING SERVICES LTD,1001599611,47903.4,OTHER COSTS,EC4R 1BE,SUPPLIER,,,Expense,927 4872 86
DE,EA,25/03/2025,PPE - POA & AUC (OWNED) - COST - O/BAL,EA Ops-COO-SFSO-DGFS-Mgt,BRIGGS EQUIPMENT UK LTD,1001599617,73448.28,TANGIBLE NBV,WS11 8XW,SUPPLIER,,ENV0006176C,Asset,890025926
DE,EA,25/03/2025,EXP - PURCHASE OF GOODS/SERVICES - CONSULTANCY - TECHNICAL,EA Ops-IM&R-DigiS-Integrated Services,CACI LTD,1001599631,70504.8,FEES AND COMMISSIONS,BS1 6PL,SUPPLIER,,ENV0004280R,Expense,38 060 9841
DE,EA,25/03/2025,EXP EU CAPITAL GRANTS TO PTE SECTOR - PERS & NON PROFIT INSTIT'NS SERVING H'HOLD - CWEIY,EA Ops-WSX-Mgt,BOURNEMOUTH CHRISTCHURCH & POOLE COUNCIL,1001599636,48000,EU Capital Grants,BH2 6DY,SUPPLIER,,ENV0006190C,Expense,GB313088034
DE,EA,25/03/2025,EXP - PURCHASE OF GOODS/SERVICES - ICT OUTSOURCING & MAINT/SUPPORT - CONTRACTORS (IT),EA E and B-ER-W&R-Reform,DEFRA,1001599639,64481.94,FEES AND COMMISSIONS,SWIP 4DF,SUPPLIER,,ENV6005196R,Expense,888800181
DE,EA,25/03/2025,EXP EU CAPITAL GRANTS TO PTE SECTOR - PERS & NON PROFIT INSTIT'NS SERVING H'HOLD - CWEIY,EA Ops-CLA-Mgt,SOUTH CUMBRIA RIVERS TRUST,1001599643,26530.25,EU Capital Grants,LA12 8LY,SUPPLIER,,ENV0004039C,Expense,223410165
DE,EA,25/03/2025,PPE - POA & AUC (OWNED) - COST - O/BAL,EA Ops-YOR-Mgt,OVE ARUP & PARTNERS LTD,1001599646,255469.75,TANGIBLE NBV,NE1 3PL,SUPPLIER,,ENV0005663C,Asset,GB524461265
DE,EA,25/03/2025,EXP - PURCHASE OF GOODS/SERVICES - MANAGEMENT TRAINING,EA Ops-COO-SPP-Learning and Development,KPMG LLP,1001599657,26930.1,TRAINING,E14 5GL,SUPPLIER,,ENVHOL&D00002,Expense,791788859
DE,EA,25/03/2025,Exp - Purchase Of Goods/Services - Contractors,EA Ops-WMD-FCRM OPS West-Asset Perf South,BREHENY CIVIL ENGINEERING LTD,1001599669,210015.48,FEES AND COMMISSIONS,IP6 8NH,CIS SUPPLIER,,ENV6007103R,Expense,GB 787425388
DE,EA,25/03/2025,Exp - Purchase Of Goods/Services - Contractors,EA Ops-EAN-FCRM OPS West-Asset Perf,VEGETATION MANAGEMENT SERVICES LTD,1001599670,115401.05,FEES AND COMMISSIONS,NN8 4HB,CIS SUPPLIER,,ENV6007084R,Expense,GB434697464
DE,EA,25/03/2025,Exp - Purchase Of Goods/Services - Contractors,EA Ops-EMD-FCRM OPS North-Field Askham,WHITEHOUSE CONSTRUCTION CO LTD,1001599671,77218.24,FEES AND COMMISSIONS,DE6 1JU,CIS SUPPLIER,,ENV6003425R,Expense,GB295396506
DE,EA,25/03/2025,EXP - PURCHASE OF GOODS/SERVICES - OTHER - GRANTS AND CONTRIBUTIONS,EA Ops-THM-Mgt,NORTH EAST COTSWOLD FARMER CLUSTER CIC,1001599691,27500,OTHER COSTS,OX7 5BH,SUPPLIER,,ENV7002790R,Expense,
DE,EA,25/03/2025,EXP EU CAPITAL GRANTS TO PTE SECTOR - PERS & NON PROFIT INSTIT'NS SERVING H'HOLD - CWEIY,EA E and B-CS-EAE-Mgt,XYLEM WATER SOLUTIONS UK LTD,1001599694,82696.8,EU Capital Grants,NG4 2AN,SUPPLIER,107017612,ENV0004087C,Expense,GB116758064
DE,EA,26/03/2025,EXP - PURCHASE OF GOODS/SERVICES - CONSULTANCY - NON ADVISORY,EA E and B-ER-CC&M-Chemicals Prog Delivery,UNIVERSITY OF EXETER,1001599701,57047.04,FEES AND COMMISSIONS,EX4 4QJ,THIRD PARTY,,ENV7004824R,Expense,GB142047795
DE,EA,26/03/2025,Exp - Purchase Of Goods/Services - Contractors,EA Ops-HNL-EPE-Environment Programme,HERTFORDSHIRE & MIDDLESEX WILDLIFE TRUST,1001599704,104400,FEES AND COMMISSIONS,AL3 4SN,THIRD PARTY,,ENV6007772R,Expense,GB366927606
DE,EA,26/03/2025,EXP CAPITAL GRANTS TO PTE SECTOR - PARTNERSHIP GRANTS,EA E and B-NP-F&N-Estuaries and Coasts Plg,CORNWALL WILDLIFE TRUST,1001599709,45446.59,GRANTS - PROJECTS,TR4 9DJ,Access to Work,,ENV0004644C,Expense,GB213268726
DE,EA,26/03/2025,EXP EU CAPITAL GRANTS TO PTE SECTOR - PERS & NON PROFIT INSTIT'NS SERVING H'HOLD - CWEIY,EA Ops-EMD-Mgt,DERBY CITY COUNCIL,1001599736,4763018,EU Capital Grants,DE1 2YL,LOCAL AUTHORITIES,,ENV0007732C,Expense,127221991
DE,EA,26/03/2025,EXP EU CAPITAL GRANTS TO PTE SECTOR - PERS & NON PROFIT INSTIT'NS SERVING H'HOLD - CWEIY,EA E and B-NP-F&N-Estuaries and Coasts Plg,NATIONAL TRUST,1001599742,29740.41,EU Capital Grants,S33 6RF,CUSTOMER,,ENV0004644C,Expense,GB239503167
DE,EA,26/03/2025,EXP EU CAPITAL GRANTS TO PTE SECTOR - PERS & NON PROFIT INSTIT'NS SERVING H'HOLD - CWEIY,EA Ops-WMD-Mgt,SOLIHULL MBC,1001599756,60000,EU Capital Grants,B91 3QT,Access to Work,,ENV0007758C,Expense,111 9791 71
DE,EA,26/03/2025,EXP EU CAPITAL GRANTS TO PTE SECTOR - PERS & NON PROFIT INSTIT'NS SERVING H'HOLD - CWEIY,EA Ops-GMC-Mgt,FISHTEK CONSULTING,1001599759,25465.5,EU Capital Grants,TQ9 6JY,SUPPLIER,,ENV0001507C,Expense,GB 754790400
DE,EA,26/03/2025,EXP - PURCHASE OF GOODS/SERVICES - CONSULTANCY - TECHNICAL,EA E and B-NP-Agr-Future Reg and Enforcement,LANCASTER UNIVERSITY,1001599763,30000,FEES AND COMMISSIONS,LA1 4YW,CUSTOMER,,ENV6004742R,Expense,604609849
DE,EA,26/03/2025,EXP - CAPITAL GRANTS TO LOCAL GOVERNMENT,EA Ops-YOR-Mgt,LEEDS CITY COUNCIL,1001599764,10835092.5,GRANTS,LS2 8JR,LOCAL AUTHORITIES,,ENVRMAGIA0008C,Expense,171459162
DE,EA,26/03/2025,EXP - CURRENT GRANTS TO PRIVATE SECTOR - NON PROFIT INSTITUTIONS SERVING H'HOLD - WFD CRF,EA E and B-Water-WP-Strat Catchment Partnerships,RSPB,1001599767,63812.5,OTHER COSTS,SG19 2DL,SUPPLIER,,ENVWLB00470R,Expense,GB365969589
DE,EA,26/03/2025,PPE - POA & AUC (OWNED) - COST - O/BAL,EA Ops-SSD-Mgt,XYLEM WATER SOLUTIONS UK LTD,1001599768,58703.65,TANGIBLE NBV,NG4 2AN,SUPPLIER,c13296,ENV0006253C,Asset,GB116758064
DE,EA,26/03/2025,EXP EU CAPITAL GRANTS TO PTE SECTOR - PERS & NON PROFIT INSTIT'NS SERVING H'HOLD - CWEIY,EA E and B-NP-F&N-Estuaries and Coasts Plg,CUMBRIA WILDLIFE TRUST,1001599770,52134.75,EU Capital Grants,LA8 8LX,SUPPLIER,,ENV0004644C,Expense,85225404 1
DE,EA,26/03/2025,PPE - POA & AUC (OWNED) - COST - O/BAL,EA Ops-WSX-Mgt,ATKINSRÉALIS UK LTD,1001599773,312720.27,TANGIBLE NBV,KT18 5BW,CIS SUPPLIER,,ENVIMSW002039,Asset,20986 1253
DE,EA,26/03/2025,PPE - POA & AUC (OWNED) - COST - O/BAL,EA Ops-COO-SFSO-DGFS-Mgt,LISTER WILDER LTD,1001599775,223075.84,TANGIBLE NBV,RG7 1HR,SUPPLIER,,ENV0006176C,Asset,GB 435 3703 62
DE,EA,26/03/2025,EXP EU CAPITAL GRANTS TO PTE SECTOR - PERS & NON PROFIT INSTIT'NS SERVING H'HOLD - CWEIY,EA Ops-WSX-Mgt,KIER INTERGRATED SERVICES LTD,1001599783,41031.06,EU Capital Grants,M2 2EE,SUPPLIER,,ENV0001911C,Expense,1055 40018
DE,EA,26/03/2025,EXP EU CAPITAL GRANTS TO PTE SECTOR - PERS & NON PROFIT INSTIT'NS SERVING H'HOLD - CWEIY,EA E and B-ER-W&R-Landfill DfR Climate Change,RICARDO AEA LTD,1001599784,79261.38,EU Capital Grants,OX11 0QR,CIS SUPPLIER,C24920,ENV0004985C,Expense,88 8800 181
DE,EA,26/03/2025,EXP - PURCHASE OF GOODS/SERVICES - OTHER - GRANTS AND CONTRIBUTIONS,EA Ops-EAN-EPE Plg-Environment Programme East,NATIONAL TRUST,1001599814,75000,OTHER COSTS,BA14 0ZT,CUSTOMER,,ENV6006478R,Expense,GB239503167
DE,EA,26/03/2025,EXP EU CAPITAL GRANTS TO PTE SECTOR - PERS & NON PROFIT INSTIT'NS SERVING H'HOLD - CWEIY,EA Ops-LNA-Mgt,BLACK SLUICE INTERNAL DRAINAGE BOARD,1001599815,36000,EU Capital Grants,PE20 3PW,SUPPLIER,,ENVIMAN002758,Expense,
DE,EA,26/03/2025,EXP EU CAPITAL GRANTS TO PTE SECTOR - PERS & NON PROFIT INSTIT'NS SERVING H'HOLD - CWEIY,EA Ops-EAN-Mgt,NORFOLK WILDLIFE TRUST,1001599823,57441.6,EU Capital Grants,NR1 1RY,Trust,,ENVIMAN000690,Expense,
DE,EA,26/03/2025,PPE - POA & AUC (OWNED) - COST - O/BAL,EA Ops-WMD-Mgt,SKYVIEW SYSTEMS LTD,1001599847,59454,TANGIBLE NBV,CO10 2YA,SUPPLIER,,ENV0006011C,Asset,
DE,EA,26/03/2025,EXP EU CAPITAL GRANTS TO PTE SECTOR - PERS & NON PROFIT INSTIT'NS SERVING H'HOLD - CWEIY,EA Ops-HNL-Mgt,NIVUS LTD,1001599849,71200.8,EU Capital Grants,CV32 7UJ,SUPPLIER,,ENV0005882C,Expense,
DE,EA,26/03/2025,EXP - CURRENT GRANTS TO PRIVATE SECTOR - NON PROFIT INSTITUTIONS SERVING H'HOLD - WFD CRF,EA E and B-Water-WP-Strat Catchment Partnerships,BIOREGIONAL LEARNING CENTRE,1001599855,29640,OTHER COSTS,TQ9 5QH,SUPPLIER,,ENVWLB00470R,Expense,
DE,EA,26/03/2025,EXP EU CAPITAL GRANTS TO PTE SECTOR - PERS & NON PROFIT INSTIT'NS SERVING H'HOLD - CWEIY,EA Ops-EAN-Mgt,JACOBS UK LTD,1001599865,116970.63,EU Capital Grants,SE1 2QG,CIS SUPPLIER,,ENV0002517C,Expense,GB624298920
DE,EA,26/03/2025,PPE - POA & AUC (OWNED) - COST - O/BAL,EA Ops-RMC-Monitoring-Survey-AirContracts,ENVIRO TECHNOLOGY SERVICES,1001599869,293225.5,TANGIBLE NBV,GL5 2BY,SUPPLIER,,ENV0000635C,Asset,
DE,EA,26/03/2025,EXP - PURCHASE OF GOODS/SERVICES - OTHER - OTHER COSTS,EA Ops-COO-SFSO-Data Digital & IT,ESRI UK LTD,1001599870,44619.5,OTHER COSTS,HP21 7QG,SUPPLIER,,ENVHOEV141507,Expense,787430791
DE,EA,26/03/2025,PPE - POA & AUC (OWNED) - COST - O/BAL,EA FCRM Dir-PMA-Improvements Digital & Skills,ATKINSRÉALIS UK LTD,1001599888,35040,TANGIBLE NBV,KT18 5BW,CIS SUPPLIER,,ENVFCPAM00326B00C,Asset,20986 1253
DE,EA,26/03/2025,Exp - Purchase Of Goods/Services - Consultancy,EA FCRM Dir-MPPD-PCM-SE,AECOM LTD,1001599891,383585.4,FEES AND COMMISSIONS,E1 8FA,SUPPLIER,,,Expense,611853162
DE,EA,26/03/2025,PPE - POA & AUC (OWNED) - COST - O/BAL,EA Ops-DCS-Mgt,ARCADIS CONSULTING UK LTD,1001599908,81399.03,TANGIBLE NBV,EC3M 4BY,SUPPLIER,,ENV0004444C,Asset,GB 8727 99950
DE,EA,26/03/2025,EXP EU CAPITAL GRANTS TO PTE SECTOR - PERS & NON PROFIT INSTIT'NS SERVING H'HOLD - CWEIY,EA Ops-YOR-Mgt,GROUNDWORK YORKSHIRE,1001599922,26400,EU Capital Grants,LS27 9SL,SUPPLIER,,ENV0004193C,Expense,GB176412995
DE,EA,26/03/2025,EXP EU CAPITAL GRANTS TO PTE SECTOR - PERS & NON PROFIT INSTIT'NS SERVING H'HOLD - CWEIY,EA RES-CASHEW-PROPERTY PROJECTS,DEFRA,1001599931,3927879.32,EU Capital Grants,SWIP 4DF,SUPPLIER,DFP,ENV0004525C,Expense,888800181
DE,EA,26/03/2025,PPE - POA & AUC (OWNED) - COST - O/BAL,EA Ops-WSX-Mgt,MOTT MACDONALD LTD,1001599994,62466.19,TANGIBLE NBV,BS1 6FL,SUPPLIER,,ENV0000377C,Asset,GB 523765636
DE,EA,26/03/2025,EXP - PURCHASE OF GOODS/SERVICES - CONSULTANCY - TECHNICAL,EA E and B-Water-WR-Security of Supply,WATER RESEARCH COUNCIL,1001600004,37636.8,FEES AND COMMISSIONS,SN5 8YF,SUPPLIER,,ENVEBP20046R,Expense,
DE,EA,26/03/2025,EXP - PURCHASE OF GOODS/SERVICES - CONSULTANCY - TECHNICAL,EA E and B-Water-WQ&I-Groundwater,TETRA TECH LTD,1001600021,29246.26,FEES AND COMMISSIONS,LS1 4ER,SUPPLIER,,ENV60000108R,Expense,431032608
DE,EA,26/03/2025,EXP EU CAPITAL GRANTS TO PTE SECTOR - PERS & NON PROFIT INSTIT'NS SERVING H'HOLD - CWEIY,EA E and B-CS-Research,UNIVERSITY OF BIRMINGHAM,1001600023,56929.8,EU Capital Grants,B15 2TT,Access to Work,,ENV0005109C,Expense,729856187
DE,EA,26/03/2025,EXP EU CAPITAL GRANTS TO PTE SECTOR - PERS & NON PROFIT INSTIT'NS SERVING H'HOLD - CWEIY,EA E and B-NP-F&N-Biodiversity,VALE OF PICKERING INTERNAL DRAINAGE BOARD,1001600031,52272.07,EU Capital Grants,HU15 2FW,SUPPLIER,,ENV0005571C,Expense,995506083
DE,EA,26/03/2025,Exp - Purchase Of Goods/Services - Consultancy,EA Ops-RMC-ORS-Climate Change Trading & Reg Ser,JACOBS UK LTD,1001600056,44026.2,FEES AND COMMISSIONS,M15 4GU,CIS SUPPLIER,,,Expense,GB624298920
DE,EA,26/03/2025,Exp - Purchase Of Goods/Services - Consultancy,EA FCRM Dir-MPPD-PCM-NW,MOTT MACDONALD LTD,1001600065,190251.04,FEES AND COMMISSIONS,CR0 2EE,SUPPLIER,,,Expense,GB 523765636
DE,EA,26/03/2025,Exp - Purchase Of Goods/Services - Consultancy,EA FCRM Dir-MPPD-PCM-Mids,TURNER & TOWNSEND PROJECT MANAGEMENT LTD,1001600066,86835.8,FEES AND COMMISSIONS,LS18 4GH,SUPPLIER,,,Expense,764244132
DE,EA,26/03/2025,Exp - Purchase Of Goods/Services - Contractors,EA Ops-KSL-FCRM OPS SLN & WK-Field Mole,JT MACKLEY & CO LTD,1001600078,33960.72,FEES AND COMMISSIONS,BN5 9XQ,CIS SUPPLIER,,ENV6006999R,Expense,GB315857150
DE,EA,26/03/2025,Exp - Purchase Of Goods/Services - Contractors,EA Ops-LNA-Waterways-Assets,RIVER STEWARDSHIP COMPANY,1001600089,92469.05,FEES AND COMMISSIONS,S9 2TW,SUPPLIER,,ENV6004385R,Expense,GB975669843
DE,EA,26/03/2025,PPE - POA & AUC (OWNED) - COST - O/BAL,EA Ops-GMC-Mgt,AMALGAMATED CONSTRUCTION LTD,1001600090,58431.6,TANGIBLE NBV,LS15 8ZB,CIS SUPPLIER,,ENV0004715C,Asset,GB927150433
DE,EA,26/03/2025,PPE - POA & AUC (OWNED) - COST - O/BAL,EA Ops-KSL-Mgt,LAND & WATER SERVICES LTD,1001600091,81872.58,TANGIBLE NBV,GU4 8RU,CIS SUPPLIER,,ENV0007561C,Asset,GB880055431
DE,EA,26/03/2025,Exp - Purchase Of Goods/Services - Contractors,EA FCRM Dir-PMA-Portfolio Management Office,CHEETHAM HILL CONSTRUCTION LTD,1001600092,25935.47,FEES AND COMMISSIONS,BL8 1AR,CIS SUPPLIER,,ENV6007182R,Expense,GB927393104
DE,EA,26/03/2025,PPE - POA & AUC (OWNED) - COST - O/BAL,EA Ops-LNA-Mgt,JACKSON FRAMEWORKS LTD,1001600093,348101.47,TANGIBLE NBV,IP1 5LT,CIS SUPPLIER,,ENV0005793C,Asset,GB904443249
DE,EA,26/03/2025,EXP - PURCHASE OF GOODS/SERVICES - OTHER PROFESSIONAL SERVICES,EA Ops-DCS-FCRM-PSO PDD EA,DARTMOOR NATIONAL PARK AUTHORITY,1001600105,121385.97,FEES AND COMMISSIONS,TQ13 9JQ,LOCAL AUTHORITIES,P-36742,ENV0005939C,Expense,
DE,EA,26/03/2025,EXP - CURRENT GRANTS TO PRIVATE SECTOR - NON PROFIT INSTITUTIONS SERVING H'HOLD - WFD CRF,EA E and B-Water-WP-Strat Catchment Partnerships,SOLWAY FIRTH PARTNERSHIP,1001600113,41879.33,OTHER COSTS,DG1  4UQ,SUPPLIER,,ENVWLB00470R,Expense,
DE,EA,26/03/2025,EXP - PURCHASE OF GOODS/SERVICES - CONSULTANCY - ADVISORY,EA Ops-COO-SFSO-Innovation Funding and Investment,ICF CONSULTING SERVICES LTD,1001600119,40273.28,FEES AND COMMISSIONS,EC4R 1BE,SUPPLIER,,ENV6005585R,Expense,927 4872 86
DE,EA,26/03/2025,Exp - Purchase Of Goods/Services - Contractors,EA Ops-EAN-FCRM OPS East-Field Norfolk North,GROUND CONTROL LTD,1001600124,62357.23,FEES AND COMMISSIONS,CM12 0EQ,CIS SUPPLIER,,ENV6006886R,Expense,GB406427959
DE,EA,26/03/2025,Exp - Purchase Of Goods/Services - Contractors,EA Ops-THM-Waterways-Mgt,NURTURE LANDSCAPES LIMITED.,1001600125,159033.01,FEES AND COMMISSIONS,GU20 8LQ,CIS SUPPLIER,,ENV6007537R,Expense,GB927519891
DE,EA,26/03/2025,EXP EU CAPITAL GRANTS TO PTE SECTOR - PERS & NON PROFIT INSTIT'NS SERVING H'HOLD - CWEIY,EA E and B-NP-F&N-Biodiversity,REEDNESS AND SWINEFLEET INTERNAL DRAINAGE BOARD,1001600126,83654.07,EU Capital Grants,HU15 2FW,SUPPLIER,,ENV0005571C,Expense,
DE,EA,26/03/2025,EXP EU CAPITAL GRANTS TO PTE SECTOR - PERS & NON PROFIT INSTIT'NS SERVING H'HOLD - CWEIY,EA E and B-NP-F&N-Biodiversity,BROADLAND AGRICULTURAL WATER ABSTRACTORS GROUP (BAWAG),1001600129,88720.6,EU Capital Grants,NR12 8JB,SUPPLIER,,ENV0005571C,Expense,
DE,EA,26/03/2025,PPE - POA & AUC (OWNED) - COST - O/BAL,EA Ops-EMD-Mgt,RAB CONSULTANTS LTD.,1001600130,68142.03,TANGIBLE NBV,WS13 7AA,SUPPLIER,,ENV0007490C,Asset,
DE,EA,26/03/2025,PPE - POA & AUC (OWNED) - COST - O/BAL,EA Ops-COO-SFSO-DGFS-Mgt,BOSS CABINS LTD,1001600134,58111.2,TANGIBLE NBV,PE10 9HT,SUPPLIER,,ENV0006174C,Asset,
DE,EA,27/03/2025,EXP - PURCHASE OF GOODS/SERVICES - OTHER - GRANTS AND CONTRIBUTIONS,EA FCRM Dir-AME-Engineering and Technical Assurance,SOUTH HOLDERNESS INTERNAL DRAINAGE BOARD,1001600176,51391,OTHER COSTS,HU12 0RB,SUPPLIER,,ENV7006083R,Expense,
DE,EA,27/03/2025,EXP CAPITAL GRANTS TO PTE SECTOR - PARTNERSHIP GRANTS,EA Ops-WSX-Mgt,BRISTOL AVON RIVERS TRUST,1001600179,40000,GRANTS - PROJECTS,BS376BA,SUPPLIER,,ENV0005575C,Expense,
DE,EA,27/03/2025,EXP CAPITAL GRANTS TO PTE SECTOR - PARTNERSHIP GRANTS,EA Ops-YOR-Mgt,DON CATCHMENT RIVERS TRUST,1001600180,40000,GRANTS - PROJECTS,DN2 4LP,SUPPLIER,,ENV0005672C,Expense,
DE,EA,27/03/2025,EXP - CAPITAL GRANTS TO LOCAL GOVERNMENT,EA Ops-EAN-Mgt,EAST SUFFOLK COUNCIL,1001600188,8799566,GRANTS,NR33 0EQ,THIRD PARTY,,ENVRMAGIA0005C,Expense,GB 106994939
DE,EA,27/03/2025,EXP - PURCHASE OF GOODS/SERVICES - OTHER - INSURANCE PREMIUMS,EA Ops-COO-SSO-DGFS-Holding Account,AVIVA INSURANCE LTD,1001600189,331832.36,INSURANCE,NR1 3GG,SUPPLIER,,,Expense,105 437 300
DE,EA,27/03/2025,EXP CAPITAL GRANTS TO PTE SECTOR - PARTNERSHIP GRANTS,EA Ops-WMD-Mgt,HEREFORDSHIRE WILDLIFE TRUST,1001600192,59576.14,GRANTS - PROJECTS,HR6 0PY,SUPPLIER,,ENV0005452C,Expense,GB350707122
DE,EA,27/03/2025,EXP CAPITAL GRANTS TO PTE SECTOR - PARTNERSHIP GRANTS,EA Ops-CLA-Mgt,WYRE RIVERS TRUST,1001600204,49999.99,GRANTS - PROJECTS,PR9 9NL,CHARITY,,ENV0006122C,Expense,
DE,EA,27/03/2025,EXP CAPITAL GRANTS TO PTE SECTOR - PARTNERSHIP GRANTS,EA Ops-NEA-Mgt,CANAL & RIVER TRUST,1001600205,47466.98,GRANTS - PROJECTS,CH65 4FW,SUPPLIER,,ENV0002871C,Expense,125 5119 37
DE,EA,27/03/2025,EXP - CURRENT GRANTS TO PRIVATE SECTOR - PARTNERSHIP GRANTS,EA Ops-WMD-EPE Bus Strat-Environment Programme Pro,HEREFORDSHIRE RURAL HUB CIC,1001600212,30000,OTHER COSTS,HR4 9QJ,SUPPLIER,,ENV6006498R,Expense,
DE,EA,27/03/2025,PPE - POA & AUC (OWNED) - COST - O/BAL,EA Ops-WSX-Mgt,KIER INTERGRATED SERVICES LTD,1001600215,157919.23,TANGIBLE NBV,SG19 2BD,SUPPLIER,,ENVIMSW002039,Asset,1055 40018
DE,EA,27/03/2025,EXP EU CAPITAL GRANTS TO PTE SECTOR - PERS & NON PROFIT INSTIT'NS SERVING H'HOLD - CWEIY,EA E and B-NP-F&N-Estuaries and Coasts Plg,ABP MARINE ENVIRONMENTAL RESEARCH LTD,1001600233,167336.4,EU Capital Grants,SO14 2AQ,SUPPLIER,,ENV0004644C,Expense,GB 23 24 25 103
DE,EA,27/03/2025,EXP - CAPITAL GRANTS TO LOCAL GOVERNMENT - FCRIP GRANTS,EA FCRM Dir-SNA-Mgt,WYRE BOROUGH COUNCIL,1001600234,1587789,GRANTS - PROJECTS,FY6 7PU,SUPPLIER,,ENV0004340C,Expense,
DE,EA,27/03/2025,EXP - CAPITAL GRANTS TO LOCAL GOVERNMENT,EA FCRM Dir-AME-Engineering and Technical Assurance,RIVER STOUR INTERNAL DRAINAGE BOARD,1001600236,330000,GRANTS,CT1 3PW,SUPPLIER,,ENV0006083C,Expense,
DE,EA,27/03/2025,CA - PREPAYMENTS (NON-PFI) - LEASE CAR,EA Ops-COO-SFSO-DGFS-Planning & Performance,NOVUNA VEHICLE SOLUTIONS,1001600237,1336923.55,PREPAYMENTS,RG14 2NU,SUPPLIER,,,Asset,GB 823824822
DE,EA,27/03/2025,EXP - CAPITAL GRANTS TO LOCAL GOVERNMENT,EA Ops-YOR-Mgt,BRADFORD COUNCIL,1001600248,694000,GRANTS,BD1 5RW,SUPPLIER,,ENVRMAGIA0008C,Expense,
DE,EA,27/03/2025,EXP - CAPITAL GRANTS TO LOCAL GOVERNMENT - FCRIP GRANTS,EA FCRM Dir-SNA-Mgt,LONDON BOROUGH OF BARNET,1001600249,209082,GRANTS - PROJECTS,N20 0EJ,LOCAL AUTHORITIES,,ENV0004340C,Expense,GB 229 2360
DE,EA,27/03/2025,EXP EU CAPITAL GRANTS TO PTE SECTOR - PERS & NON PROFIT INSTIT'NS SERVING H'HOLD - CWEIY,EA Ops-CLA-Mgt,WEST CUMBRIA RIVERS TRUST,1001600253,107133.03,EU Capital Grants,CA12 4BY,SUPPLIER,,ENV0004039C,Expense,
DE,EA,27/03/2025,PPE - POA & AUC (OWNED) - COST - O/BAL,EA Ops-KSL-Mgt,MMX COMMUNICATIONS SERVICES LTD,1001600254,62330.83,TANGIBLE NBV,B90 4SH,SUPPLIER,,ENV0002685C,Asset,GB994795144
DE,EA,27/03/2025,PPE - POA & AUC (OWNED) - COST - O/BAL,EA Ops-LNA-Mgt,JACKSON CIVIL ENGINEERING GROUP LTD.,1001600268,73607.22,TANGIBLE NBV,IP1 5LT,CIS SUPPLIER,,ENV0005155C,Asset,GB 904443249
DE,EA,27/03/2025,EXP - PURCHASE OF GOODS/SERVICES - OTHER - GRANTS AND CONTRIBUTIONS,EA FCRM Dir-AME-Engineering and Technical Assurance,SCUNTHORPE & GAINSBOROUGH WATER MANAGEMENT BOARD,1001600273,192712,OTHER COSTS,DN6 7FE,SUPPLIER,,ENV7006083R,Expense,
DE,EA,27/03/2025,EXP EU CAPITAL GRANTS TO PTE SECTOR - PERS & NON PROFIT INSTIT'NS SERVING H'HOLD - CWEIY,EA Ops-WSX-Mgt,KIER INTERGRATED SERVICES LTD,1001600282,55093.09,EU Capital Grants,M2 2EE,SUPPLIER,,ENVIMSW002173,Expense,1055 40018
DE,EA,27/03/2025,EXP CAPITAL GRANTS TO PTE SECTOR - PARTNERSHIP GRANTS,EA Ops-WMD-Mgt,SEVERN RIVERS TRUST,1001600283,465229.01,GRANTS - PROJECTS,WR6 6QF,SUPPLIER,,ENV0003039C,Expense,
DE,EA,27/03/2025,EXP EU CAPITAL GRANTS TO PTE SECTOR - PERS & NON PROFIT INSTIT'NS SERVING H'HOLD - CWEIY,EA Ops-COO-SFSO-Estates,DEFRA,1001600295,71548.61,EU Capital Grants,SWIP 4DF,SUPPLIER,,ENV0003625C,Expense,888800181
DE,EA,27/03/2025,EXP - PURCHASE OF GOODS/SERVICES - OTHER - CONSUMABLES (LABS ONLY),EA Ops-RMC-Monitoring-Instruments&Systems-Comm,METEOR COMMUNICATIONS EUROPE LTD,1001600300,70037.4,OTHER COSTS,AL7 1JG,SUPPLIER,,,Expense,
DE,EA,27/03/2025,EXP EU CAPITAL GRANTS TO PTE SECTOR - PERS & NON PROFIT INSTIT'NS SERVING H'HOLD - CWEIY,EA Ops-EMD-Mgt,NOTTINGHAMSHIRE COUNTY COUNCIL,1001600303,29467.2,EU Capital Grants,NG2 7AP,SUPPLIER,,ENV0006140C,Expense,GB118180094NEG
DE,EA,27/03/2025,EXP CAPITAL GRANTS TO PTE SECTOR - PARTNERSHIP GRANTS,EA Ops-EAN-Mgt,SUFFOLK WILDLIFE TRUST,1001600304,46841,GRANTS - PROJECTS,IP6 9JY,SUPPLIER,,ENV0005352C,Expense,
DE,EA,27/03/2025,EXP EU CAPITAL GRANTS TO PTE SECTOR - PERS & NON PROFIT INSTIT'NS SERVING H'HOLD - CWEIY,EA E and B-NP-F&N-Biodiversity,FENLAND SOIL LTD,1001600327,228110.94,EU Capital Grants,CB7 5GR,SUPPLIER,,ENV0005571C,Expense,GB416617205
DE,EA,27/03/2025,EXP - CAPITAL GRANTS TO LOCAL GOVERNMENT - FCRIP GRANTS,EA FCRM Dir-SNA-Mgt,DORSET COUNTY COUNCIL,1001600330,158150.64,GRANTS - PROJECTS,DT1 1XJ,THIRD PARTY,,ENV0004340C,Expense,187 1551 46
DE,EA,27/03/2025,EXP - PURCHASE OF GOODS/SERVICES - OTHER - CONSUMABLES (LABS ONLY),EA Ops-RMC-Monitoring-Instruments&Systems-Comm,XYLEM WATER SOLUTIONS UK LTD,1001600332,71621.1,OTHER COSTS,NG4 2AN,SUPPLIER,,,Expense,GB116758064
DE,EA,27/03/2025,EXP CAPITAL GRANTS TO PTE SECTOR - PARTNERSHIP GRANTS,EA Ops-LNA-Mgt,LINCOLNSHIRE WILDLIFE TRUST,1001600333,38678.28,GRANTS - PROJECTS,LN9 5HF,Other PB,,ENV0005437C,Expense,
DE,EA,27/03/2025,EXP CAPITAL GRANTS TO PTE SECTOR - PARTNERSHIP GRANTS,EA Ops-YOR-Mgt,YORKSHIRE WILDLIFE TRUST,1001600340,193200,GRANTS - PROJECTS,DN4 8DB,3RD SECTOR SUPPLIER,,ENV0001604C,Expense,235804804
DE,EA,27/03/2025,PPE - POA & AUC (OWNED) - COST - O/BAL,EA FCRM Dir-PMA-Improvements Digital & Skills,LEIDOS INNOVATIONS UK LTD,1001600343,1979943.23,TANGIBLE NBV,G3 8EP,SUPPLIER,,ENVFCPIM00922B00C,Asset,945 6539 84
DE,EA,27/03/2025,PPE - POA & AUC (OWNED) - COST - O/BAL,EA FCRM Dir-PMA-Improvements Digital & Skills,STANCE GLOBAL LTD,1001600346,68640,TANGIBLE NBV,EC1A 2BN,SUPPLIER,,ENVFCPIM00922B00C,Asset,
DE,EA,27/03/2025,EXP EU CAPITAL GRANTS TO PTE SECTOR - PERS & NON PROFIT INSTIT'NS SERVING H'HOLD - CWEIY,EA Ops-SSD-Mgt,CHICHESTER HARBOUR CONSERVANCY,1001600349,90511,EU Capital Grants,PO20 7AW,CUSTOMER,,ENV0006094C,Expense,
DE,EA,27/03/2025,EXP CAPITAL GRANTS TO PTE SECTOR - PARTNERSHIP GRANTS,EA Ops-DCS-Mgt,PARKLIFE SOUTH WEST CIC,1001600352,43952.1,GRANTS - PROJECTS,PL17 7ND,SUPPLIER,,ENV0005769C,Expense,
DE,EA,27/03/2025,Exp - Purchase Of Goods/Services - Contractors,EA Ops-EAN-FCRM OPS East-Asset Perf,FAIRFIELD CONTROL SYSTEMS LTD,1001600353,54570.6,FEES AND COMMISSIONS,DN22 7WF,CIS SUPPLIER,,ENV7006056R,Expense,GB458138724
DE,EA,27/03/2025,Exp - Purchase Of Goods/Services - Contractors,EA Ops-CLA-FCRM OPS-Mgt,AMALGAMATED CONSTRUCTION LTD,1001600354,101349.16,FEES AND COMMISSIONS,LS15 8ZB,CIS SUPPLIER,,ENV7000009R,Expense,GB927150433
DE,EA,27/03/2025,Exp - Purchase Of Goods/Services - Contractors,EA Ops-LNA-Waterways-Assets,BREHENY CIVIL ENGINEERING LTD,1001600355,62797.46,FEES AND COMMISSIONS,IP6 8NH,CIS SUPPLIER,,ENV6004380R,Expense,GB 787425388
DE,EA,27/03/2025,Exp - Purchase Of Goods/Services - Contractors,EA Ops-LNA-Waterways-Assets,VEGETATION MANAGEMENT SERVICES LTD,1001600356,53028.25,FEES AND COMMISSIONS,NN8 4HB,CIS SUPPLIER,,ENV6004378R,Expense,GB434697464
DE,EA,27/03/2025,EXP EU CAPITAL GRANTS TO PTE SECTOR - PERS & NON PROFIT INSTIT'NS SERVING H'HOLD - CWEIY,EA Ops-CLA-Mgt,NATIONAL TRUST,1001600360,27170,EU Capital Grants,BA14 0ZT,CUSTOMER,,ENV0004039C,Expense,GB239503167
DE,EA,27/03/2025,EXP CAPITAL GRANTS TO PTE SECTOR - PARTNERSHIP GRANTS,EA Ops-SSD-Mgt,FRESHWATER HABITATS TRUST,1001600361,38500,GRANTS - PROJECTS,OX3 9HY,SUPPLIER,,ENV0003858C,Expense,866548084
DE,EA,27/03/2025,EXP - CAPITAL GRANTS TO LOCAL GOVERNMENT - FCRIP GRANTS,EA FCRM Dir-SNA-Mgt,CORNWALL COUNTY COUNCIL,1001600368,357014,GRANTS - PROJECTS,TR1 3AY,SUPPLIER,,ENV0004340C,Expense,132746770
DE,EA,27/03/2025,EXP - PURCHASE OF GOODS/SERVICES - NETWORKING - VOICE COMMUNICATIONS,EA Ops-RMC-Monitoring-FoNT Programme,WIRELESS LOGIC LTD,1001600375,157790.3,INFORMATION TECHNOLOGY,SL6 6RJ,SUPPLIER,C11557,,Expense,766073905
DE,EA,27/03/2025,Exp - Purchase Of Goods/Services - Consultancy,EA Ops-WMD-Env Mgt Here&Worcs-Res Ops Agreement,HAFREN DYFRDWY,1001600380,957606.96,FEES AND COMMISSIONS,LL14 4EH,PURCHASING,,,Expense,GB03527628
DE,EA,27/03/2025,Exp - Purchase Of Goods/Services - Contractors,EA Ops-EAN-FCRM OPS East-Asset Perf,GROUND CONTROL LTD,1001600385,67687.95,FEES AND COMMISSIONS,CM12 0EQ,CIS SUPPLIER,,ENV6006886R,Expense,GB406427959
DE,EA,27/03/2025,EXP - CURRENT GRANTS TO PRIVATE SECTOR - PARTNERSHIP GRANTS,EA Ops-GMC-EPE-Environment Programme,GROUNDWORK GREATER MANCHESTER,1001600386,50000,OTHER COSTS,M17 1TU,SUPPLIER,,ENV6007193R,Expense,GB922742823
DE,EA,27/03/2025,Exp - Purchase Of Goods/Services - Contractors,EA Ops-CLA-FCRM OPS-Mgt,CHEETHAM HILL CONSTRUCTION LTD,1001600387,137100.09,FEES AND COMMISSIONS,BL8 1AR,CIS SUPPLIER,,ENV7005873R,Expense,GB927393104
DE,EA,27/03/2025,EXP - CAPITAL GRANTS TO LOCAL GOVERNMENT,EA FCRM Dir-AME-Engineering and Technical Assurance,BLACK SLUICE INTERNAL DRAINAGE BOARD,1001600391,37086,GRANTS,PE20 3PW,SUPPLIER,,ENV0006083C,Expense,
DE,EA,27/03/2025,PPE - POA & AUC (OWNED) - COST - O/BAL,EA Ops-THM-Mgt,DELOITTE LLP,1001600394,41640,TANGIBLE NBV,MK9 2HG,SUPPLIER,,ENVIMSE500260,Asset,GB809707706
DE,EA,27/03/2025,EXP CAPITAL GRANTS TO PTE SECTOR - PARTNERSHIP GRANTS,EA Ops-LNA-Mgt,WILD TROUT TRUST,1001600396,137071.92,GRANTS - PROJECTS,PO8 0WZ,SUPPLIER,,ENV0003990C,Expense,
DE,EA,27/03/2025,EXP CAPITAL GRANTS TO PTE SECTOR - PARTNERSHIP GRANTS,EA Ops-WMD-Mgt,WYE & USK FOUNDATION,1001600407,67499.25,GRANTS - PROJECTS,LD3 0BW,SUPPLIER,,ENV0006146C,Expense,
DE,EA,27/03/2025,EXP CAPITAL GRANTS TO PTE SECTOR - PARTNERSHIP GRANTS,EA Ops-GMC-Mgt,MERSEY RIVERS TRUST,1001600410,127902.81,GRANTS - PROJECTS,SK4 3GN,SUPPLIER,,ENV0006084C,Expense,
DE,EA,27/03/2025,EXP - PURCHASE OF GOODS/SERVICES - OTHER PROFESSIONAL SERVICES,EA Ops-RMC-Monitoring-Survey-UKCFF,NATIONAL OCEANOGRAPHY CENTRE,1001600412,70918.46,FEES AND COMMISSIONS,SO14 3ZH,SUPPLIER,,,Expense,338 5487 64
DE,EA,27/03/2025,EXP EU CAPITAL GRANTS TO PTE SECTOR - PERS & NON PROFIT INSTIT'NS SERVING H'HOLD - CWEIY,EA Ops-WMD-Mgt,WHITEHOUSE CONSTRUCTION CO LTD.,1001600422,36875.37,EU Capital Grants,DE6 1JU,CIS SUPPLIER,,ENV0004547C,Expense,
DE,EA,27/03/2025,EXP - PURCHASE OF GOODS/SERVICES - OTHER - GRANTS AND CONTRIBUTIONS,EA FCRM Dir-PMA-Portfolio Management Office,RIVER ALLEN CIC,1001600424,107068.66,OTHER COSTS,BH21 5NA,SUPPLIER,,ENV6005726R,Expense,
DE,EA,27/03/2025,EXP CAPITAL GRANTS TO PTE SECTOR - PARTNERSHIP GRANTS,EA Ops-WMD-Mgt,WARWICKSHIRE WILDLIFE TRUST,1001600427,50000,GRANTS - PROJECTS,CV3 3GW,3RD SECTOR SUPPLIER,,ENV0004958C,Expense,670 3187 40
DE,EA,27/03/2025,EXP - PURCHASE OF GOODS/SERVICES - OTHER - GRANTS AND CONTRIBUTIONS,EA FCRM Dir-AME-Engineering and Technical Assurance,OUSE & HUMBER DRAINAGE BOARD,1001600429,664329.64,OTHER COSTS,HU15 2FW,SUPPLIER,,ENV7006083R,Expense,
DE,EA,27/03/2025,EXP CAPITAL GRANTS TO PTE SECTOR - PARTNERSHIP GRANTS,EA Ops-DCS-Mgt,WESTCOUNTRY RIVERS TRUST,1001600431,140000,GRANTS - PROJECTS,PL17 8PH,CUSTOMER,,ENV0004214C,Expense,
DE,EA,27/03/2025,EXP - PURCHASE OF GOODS/SERVICES - CONSULTANCY - NON ADVISORY,EA E and B-ER-CC&M-Chemicals Prog Delivery,CARDIFF UNIVERSITY,1001600439,27074,FEES AND COMMISSIONS,CF10 3XR,SUPPLIER,,ENV7004824R,Expense,615860927
DE,EA,27/03/2025,EXP CAPITAL GRANTS TO PTE SECTOR - PARTNERSHIP GRANTS,EA Ops-NEA-Mgt,WEAR RIVERS TRUST,1001600452,33000,GRANTS - PROJECTS,DH1 1TW,SUPPLIER,,ENV0006274C,Expense,829179981
DE,EA,27/03/2025,EXP - PURCHASE OF GOODS/SERVICES - OTHER - GRANTS AND CONTRIBUTIONS,EA FCRM Dir-AME-Engineering and Technical Assurance,AXE BRUE INTERNAL DRAINAGE BOARD,1001600453,37500,OTHER COSTS,TA93BW,SUPPLIER,,ENV7006083R,Expense,
DE,EA,27/03/2025,Exp - Purchase Of Goods/Services - Consultancy,EA FCRM Dir-MPPD-PCM-SW,ARCADIS CONSULTING UK LTD,1001600454,64689.77,FEES AND COMMISSIONS,EC3M 4BY,SUPPLIER,,,Expense,GB 8727 99950
DE,EA,27/03/2025,EXP CAPITAL GRANTS TO PTE SECTOR - PARTNERSHIP GRANTS,EA Ops-YOR-Mgt,GROUNDWORK NORTH EAST,1001600455,69182.28,GRANTS - PROJECTS,DL14 7NP,Access to Work,,ENV0004197C,Expense,
DE,EA,27/03/2025,EXP CAPITAL GRANTS TO PTE SECTOR - PARTNERSHIP GRANTS,EA Ops-NEA-Mgt,TWEED FORUM,1001600457,146643.91,GRANTS - PROJECTS,TD6 9DF,SUPPLIER,,ENV0006057C,Expense,
DE,EA,27/03/2025,EXP CAPITAL GRANTS TO PTE SECTOR - PARTNERSHIP GRANTS,EA Ops-LNA-Mgt,EAST MERCIA RIVERS TRUST,1001600469,49947.67,GRANTS - PROJECTS,LE79XE,SUPPLIER,,ENV0005567C,Expense,
DE,EA,27/03/2025,EXP - CAPITAL GRANTS TO LOCAL GOVERNMENT - FCRIP GRANTS,EA FCRM Dir-SNA-Mgt,ROCHDALE BOROUGH COUNCIL,1001600472,1164661,GRANTS - PROJECTS,OL16 1XU,LOCAL AUTHORITIES,,ENV0004340C,Expense,GB149200976
DE,EA,27/03/2025,Exp - Purchase Of Goods/Services - Consultancy,EA FCRM Dir-MPPD-PCM-NE,AECOM LTD,1001600477,502103.87,FEES AND COMMISSIONS,E1 8FA,SUPPLIER,,,Expense,611853162
DE,EA,27/03/2025,EXP CAPITAL GRANTS TO PTE SECTOR - PARTNERSHIP GRANTS,EA Ops-NEA-Mgt,THE RIVERS TRUST,1001600480,60000,GRANTS - PROJECTS,PL17 8PH,3RD SECTOR SUPPLIER,,ENV0005552C,Expense,GB168958833
DE,EA,27/03/2025,EXP - PURCHASE OF GOODS/SERVICES - OTHER - EQUIPMENT - OPERATIONAL,EA Ops-KSL-FCRM TTD-MEICA Operations & Maintenance,LEICA GEOSYSTEMS LTD,1001600485,76481.77,OTHER COSTS,MK15 8HT,SUPPLIER,,ENV6003316R,Expense,902894904
DE,EA,27/03/2025,PPE - POA & AUC (OWNED) - COST - O/BAL,EA Ops-EAN-Mgt,MALLON TECHNOLOGY,1001600497,28734.9,TANGIBLE NBV,BT80 8NP,SUPPLIER,,ENV0007455C,Asset,749851580
DE,EA,27/03/2025,EXP - CURRENT GRANTS TO LOCAL GOVERNMENT - NEIRF GRANTS,EA Ops-COO-SFSO-Innovation Funding and Investment,DARTMOOR NATIONAL PARK AUTHORITY,1001600499,26761,OTHER COSTS,TQ13 9JQ,LOCAL AUTHORITIES,,ENV6007041R,Expense,
DE,EA,27/03/2025,EXP - PURCHASE OF GOODS/SERVICES - OTHER - GRANTS AND CONTRIBUTIONS,EA FCRM Dir-PMA-Portfolio Management Office,UPPER AXE CIC,1001600503,60813,OTHER COSTS,TA20 4PA,SUPPLIER,,ENV6005726R,Expense,
DE,EA,27/03/2025,PPE - POA & AUC (OWNED) - COST - O/BAL,EA Ops-KSL-Mgt,MOTT MACDONALD LTD,1001600504,201402.49,TANGIBLE NBV,CR0 2EE,SUPPLIER,,ENVIMSE100377,Asset,GB 523765636
DE,EA,27/03/2025,EXP - PURCHASE OF GOODS/SERVICES - CONSULTANCY - TECHNICAL,EA Ops-DCS-FCRM OPS-Field Central,JACOBS UK LTD,1001600505,106373.73,FEES AND COMMISSIONS,SE1 2QG,CIS SUPPLIER,,ENV6003358R,Expense,GB624298920
DE,EA,27/03/2025,PPE - POA & AUC (OWNED) - COST - O/BAL,EA Ops-THM-Mgt,WSP UK LTD,1001600506,356885.91,TANGIBLE NBV,WC2A 1AF,CIS SUPPLIER,,ENVIMSE500260,Asset,GB 905 0549 42
DE,EA,27/03/2025,EXP EU CAPITAL GRANTS TO PTE SECTOR - PERS & NON PROFIT INSTIT'NS SERVING H'HOLD - CWEIY,EA Ops-YOR-Mgt,YORKSHIRE WILDLIFE TRUST,1001600516,49500,EU Capital Grants,YO24 1GN,3RD SECTOR SUPPLIER,,ENV0004193C,Expense,235804804
DE,EA,27/03/2025,EXP CAPITAL GRANTS TO PTE SECTOR - PARTNERSHIP GRANTS,EA Ops-CLA-Mgt,RIBBLE RIVERS TRUST,1001600517,168595.65,GRANTS - PROJECTS,BB7 4QF,SUPPLIER,,ENV0002967C,Expense,
DE,EA,27/03/2025,EXP CAPITAL GRANTS TO PTE SECTOR - PARTNERSHIP GRANTS,EA Ops-DCS-Mgt,NORTH DEVON BIOSPHERE FOUNDATION LTD,1001600531,129013.57,GRANTS - PROJECTS,EX39 5HE,3RD SECTOR SUPPLIER,,ENV0004289C,Expense,
DE,EA,27/03/2025,EXP EU CAPITAL GRANTS TO PTE SECTOR - PERS & NON PROFIT INSTIT'NS SERVING H'HOLD - CWEIY,EA FCRM Dir-SNA-FCRM Strategy,JACOBS UK LTD,1001600544,275855.84,EU Capital Grants,SE1 2QG,CIS SUPPLIER,,ENV0005802C,Expense,GB624298920
DE,EA,27/03/2025,EXP EU CAPITAL GRANTS TO PTE SECTOR - PERS & NON PROFIT INSTIT'NS SERVING H'HOLD - CWEIY,EA Ops-WMD-Mgt,OVE ARUP & PARTNERS LTD,1001600545,400466.91,EU Capital Grants,NE1 3PL,SUPPLIER,,ENVIMMI001456,Expense,GB524461265
DE,EA,27/03/2025,EXP CAPITAL GRANTS TO PTE SECTOR - PARTNERSHIP GRANTS,EA Ops-DCS-Mgt,DEVON WILDLIFE TRUST,1001600547,44900.3,GRANTS - PROJECTS,EX2 4AB,SUPPLIER,,ENV0004100C,Expense,585473501
DE,EA,27/03/2025,EXP - CURRENT GRANTS TO LOCAL GOVERNMENT - NEIRF GRANTS,EA Ops-COO-SFSO-Innovation Funding and Investment,PLYMOUTH CITY COUNCIL,1001600561,29573.36,OTHER COSTS,PL1 3BJ,LOCAL AUTHORITIES,,ENV6007041R,Expense,144675845
DE,EA,27/03/2025,PPE - POA & AUC (OWNED) - COST - O/BAL,EA Ops-COO-SFSO-DGFS-Mgt,T H WHITE LTD,1001600576,54600,TANGIBLE NBV,GL8 8QY,SUPPLIER,,ENV0006176C,Asset,GB137567053
DE,EA,27/03/2025,EXP CAPITAL GRANTS TO PTE SECTOR - PARTNERSHIP GRANTS,EA Ops-WMD-Mgt,SHROPSHIRE WILDLIFE TRUST,1001600580,149036.41,GRANTS - PROJECTS,SY2 6AH,SUPPLIER,,ENV0003997C,Expense,594216525
DE,EA,27/03/2025,EXP CAPITAL GRANTS TO PTE SECTOR - PARTNERSHIP GRANTS,EA Ops-EMD-Mgt,TRENT RIVERS TRUST,1001600589,39629.84,GRANTS - PROJECTS,SK17 6HN,SUPPLIER,,ENV0006041C,Expense,GB431075429
DE,EA,27/03/2025,EXP EU CAPITAL GRANTS TO PTE SECTOR - PERS & NON PROFIT INSTIT'NS SERVING H'HOLD - CWEIY,EA Ops-WMD-Mgt,JACKSONHYDER LTD,1001600590,81916.74,EU Capital Grants,IP1 5LT,Company,,ENVIMMI001309,Expense,172 0940 22
DE,EA,27/03/2025,EXP - CAPITAL GRANTS TO LOCAL GOVERNMENT - FCRIP GRANTS,EA FCRM Dir-SNA-Mgt,BUCKINGHAMSHIRE COUNTY COUNCIL,1001600600,563999.97,GRANTS - PROJECTS,HP19 8FF,LOCAL AUTHORITIES,,ENV0004340C,Expense,
DE,EA,27/03/2025,EXP CAPITAL GRANTS TO PTE SECTOR - PARTNERSHIP GRANTS,EA Ops-KSL-Mgt,KENT WILDLIFE TRUST,1001600605,97367.42,GRANTS - PROJECTS,CT14 0DZ,CUSTOMER,,ENV0007437C,Expense,974842378
DE,EA,27/03/2025,EXP - PURCHASE OF GOODS/SERVICES - OTHER - GRANTS AND CONTRIBUTIONS,EA Ops-SSD-EPE-Environment Programme,ARUN & ROTHER RIVERS TRUST,1001600608,31539.63,OTHER COSTS,GU28 0LF,SUPPLIER,,ENV6006735R,Expense,
DE,EA,27/03/2025,PPE - POA & AUC (OWNED) - COST - O/BAL,EA Ops-GMC-Mgt,NETWORK RAIL,1001600623,86371.52,TANGIBLE NBV,M60 7WZ,CIS SUPPLIER,,ENVIMNW000100,Asset,798650956
DE,EA,27/03/2025,EXP CAPITAL GRANTS TO PTE SECTOR - PARTNERSHIP GRANTS,EA Ops-THM-Mgt,RIVER THAME CONSERVATION TRUST,1001600627,121000,GRANTS - PROJECTS,OX33 1XW,SUPPLIER,,ENV0006207C,Expense,
DE,EA,27/03/2025,EXP CAPITAL GRANTS TO PTE SECTOR - PARTNERSHIP GRANTS,EA Ops-YOR-Mgt,THE AIRE RIVERS TRUST,1001600634,44476.83,GRANTS - PROJECTS,BD20 5RS,SUPPLIER,,ENV0005286C,Expense,
DE,EA,27/03/2025,EXP CAPITAL GRANTS TO PTE SECTOR - PARTNERSHIP GRANTS,EA Ops-EAN-Mgt,NORFOLK RIVERS TRUST,1001600635,98000,GRANTS - PROJECTS,NR25 7DZ,SUPPLIER,,ENV0005733C,Expense,
DE,EA,27/03/2025,EXP - PURCHASE OF GOODS/SERVICES - OTHER PROFESSIONAL SERVICES,EA Ops-RMC-Monitoring-Survey-UKCFF,OCEANWISE LTD,1001600636,40216.86,FEES AND COMMISSIONS,GU32 9EP,SUPPLIER,,,Expense,989 7754 23
DE,EA,27/03/2025,EXP CAPITAL GRANTS TO PTE SECTOR - PARTNERSHIP GRANTS,EA Ops-EAN-Mgt,NATIONAL TRUST,1001600637,184766.36,GRANTS - PROJECTS,S33 6RF,CUSTOMER,,ENV0002937C,Expense,GB239503167
DE,EA,27/03/2025,EXP - PURCHASE OF GOODS/SERVICES - OFFICE RELATED - COURIER COSTS,EA Ops-RMC-Monitoring-Labs-Mgt,DELIVERY DIRECT LOGISTICS LTD,1001600649,29128.92,OTHER COSTS,TA1 2PX,SUPPLIER,,,Expense,826311940
DE,EA,27/03/2025,PPE - POA & AUC (OWNED) - COST - O/BAL,EA E and B-NP-F&N-Estuaries and Coasts Plg,UNIVERSITY OF PLYMOUTH,1001600652,29970,TANGIBLE NBV,PL4 8AA,SUPPLIER,,ENV0004644C,Asset,GB 168287859
DE,EA,28/03/2025,PPE - POA & AUC (OWNED) - COST - O/BAL,EA Ops-WSX-Mgt,STONBURY LTD,1001600666,147083.66,TANGIBLE NBV,MK44 3BH,CIS SUPPLIER,,ENV0006085C,Asset,GB432056820
DE,EA,28/03/2025,PPE - POA & AUC (OWNED) - COST - O/BAL,EA Ops-COO-SFSO-DGFS-Mgt,LISTER WILDER LTD,1001600667,92681.44,TANGIBLE NBV,RG7 1HR,SUPPLIER,,ENV0006176C,Asset,GB 435 3703 62
DE,EA,28/03/2025,EXP CAPITAL GRANTS TO PTE SECTOR - PARTNERSHIP GRANTS,EA Ops-THM-Mgt,FARMING & WILDLIFE ADVISORY GROUP SOUTH WEST,1001600678,26249.78,GRANTS - PROJECTS,TA21 9JE,SUPPLIER,,ENV0002409C,Expense,127629304
DE,EA,28/03/2025,EXP - CAPITAL GRANTS TO LOCAL GOVERNMENT - FCRIP GRANTS,EA FCRM Dir-SNA-Mgt,EAST SUFFOLK COUNCIL,1001600683,1000000,GRANTS - PROJECTS,NR33 0EQ,THIRD PARTY,,ENV0004340C,Expense,GB 106994939
DE,EA,28/03/2025,EXP - CAPITAL GRANTS TO LOCAL GOVERNMENT - LOCAL LEVY,EA Ops-YOR-Mgt,SOUTH YORKSHIRE MAYORAL COMBINED AUTHORITY,1001600698,60663,GRANTS - PROJECTS,S1 2BQ,LOCAL AUTHORITIES,,ENVIMNE790380,Expense,GB193141026
DE,EA,28/03/2025,PPE - POA & AUC (OWNED) - COST - O/BAL,EA Ops-COO-SFSO-DGFS-Mgt,BRIGGS EQUIPMENT UK LTD,1001600701,125811.77,TANGIBLE NBV,WS11 8XW,SUPPLIER,,ENV0006176C,Asset,890025926
DE,EA,28/03/2025,Exp - Purchase Of Goods/Services - Consultancy,EA E and B-CS-EAE-Mgt,CEH,1001600702,29999.4,FEES AND COMMISSIONS,OX10 8BB,OGD,,ENVWLB00460C,Expense,GB336940192
DE,EA,28/03/2025,EXP EU CAPITAL GRANTS TO PTE SECTOR - PERS & NON PROFIT INSTIT'NS SERVING H'HOLD - CWEIY,EA Ops-YOR-Mgt,YORKSHIRE WILDLIFE TRUST,1001600704,100000,EU Capital Grants,YO24 1GN,3RD SECTOR SUPPLIER,,ENVIMNE790563,Expense,235804804
DE,EA,28/03/2025,EXP EU CAPITAL GRANTS TO PTE SECTOR - PERS & NON PROFIT INSTIT'NS SERVING H'HOLD - CWEIY,EA Ops-COO-SFSO-Estates,WSP UK LTD,1001600713,30779.29,EU Capital Grants,RG21 4HJ,CIS SUPPLIER,,ENV0003625C,Expense,GB 905 0549 42
DE,EA,28/03/2025,EXP CAPITAL GRANTS TO PTE SECTOR - PARTNERSHIP GRANTS,EA Ops-YOR-Mgt,YORKSHIRE WILDLIFE TRUST,1001600714,51350,GRANTS - PROJECTS,DN4 8DB,3RD SECTOR SUPPLIER,,ENV0004197C,Expense,235804804
DE,EA,28/03/2025,EXP EU CAPITAL GRANTS TO PTE SECTOR - PERS & NON PROFIT INSTIT'NS SERVING H'HOLD - CWEIY,EA Ops-NEA-Mgt,TEES RIVERS CHARITABLE TRUST,1001600725,150000,EU Capital Grants,DL1 5TG,SUPPLIER,,ENV0001656C,Expense,
DE,EA,28/03/2025,EXP - CAPITAL GRANTS TO LOCAL GOVERNMENT - LOCAL LEVY,EA Ops-THM-Mgt,BUCKINGHAMSHIRE CC,1001600742,182000,GRANTS - PROJECTS,HP20 1UD,OGD,,ENVIMSEWTLLA1,Expense,195466325
DE,EA,28/03/2025,EXP - CAPITAL GRANTS TO LOCAL GOVERNMENT,EA Ops-DCS-Mgt,CORNWALL COUNTY COUNCIL,1001600745,72770,GRANTS,TR1 3AY,SUPPLIER,,ENVRMAGIA0011C,Expense,132746770
DE,EA,28/03/2025,EXP EU CAPITAL GRANTS TO PTE SECTOR - PERS & NON PROFIT INSTIT'NS SERVING H'HOLD - CWEIY,EA Ops-YOR-Mgt,GROUNDWORK YORKSHIRE,1001600753,36423.6,EU Capital Grants,LS27 9SL,SUPPLIER,,ENV0004193C,Expense,GB176412995
DE,EA,28/03/2025,Exp - Purchase Of Goods/Services - Contractors,EA Ops-HNL-FCRM OPS East-Asset Perf Lower Lee & Roding,ECS ENGINEERING SERVICES LTD,1001600757,34085.81,FEES AND COMMISSIONS,NG172JZ,CIS SUPPLIER,,ENV7005742R,Expense,646710631
DE,EA,28/03/2025,EXP EU CAPITAL GRANTS TO PTE SECTOR - PERS & NON PROFIT INSTIT'NS SERVING H'HOLD - CWEIY,EA E and B-NP-F&N-Estuaries and Coasts Plg,REWILDING BRITAIN,1001600758,29999,EU Capital Grants,BN44 3TN,SUPPLIER,,ENV0004644C,Expense,
DE,EA,28/03/2025,EXP EU CAPITAL GRANTS TO PTE SECTOR - PERS & NON PROFIT INSTIT'NS SERVING H'HOLD - CWEIY,EA Ops-WSX-Mgt,M J & C R AMOS,1001600760,37914.75,EU Capital Grants,BS8 3SN,THIRD PARTY,,ENVIMSW002194,Expense,GB429036064
DE,EA,28/03/2025,EXP - CAPITAL GRANTS TO LOCAL GOVERNMENT - LOCAL LEVY,EA Ops-HNL-Mgt,ROYAL BOROUGH OF KENSINGTON & CHELSEA,1001600769,248438,GRANTS - PROJECTS,W8 7NX,LOCAL AUTHORITIES,,ENVIMSENTLLA1,Expense,GB238699310
DE,EA,28/03/2025,EXP - CAPITAL GRANTS TO LOCAL GOVERNMENT,EA Ops-CLA-Mgt,BLACKBURN WITH DARWEN BOROUGH COUNCIL,1001600771,212317.7,GRANTS,BB1 7DY,THIRD PARTY,,ENVRMAGIA0010C,Expense,
DE,EA,28/03/2025,EXP - CAPITAL GRANTS TO LOCAL GOVERNMENT - LOCAL LEVY,EA Ops-HNL-Mgt,ESSEX COUNTY COUNCIL,1001600772,150000,GRANTS - PROJECTS,CM1 1QH,SUPPLIER,,ENVIMSENTLLA1,Expense,GB 104 2528 13
DE,EA,28/03/2025,EXP - CAPITAL GRANTS TO LOCAL GOVERNMENT - FCRIP GRANTS,EA FCRM Dir-SNA-Mgt,WEST NORTHAMPTONSHIRE COUNCIL,1001600776,1789209,GRANTS - PROJECTS,NN1 1ED,SUPPLIER,,ENV0004340C,Expense,GB 370152133
DE,EA,28/03/2025,EXP EU CAPITAL GRANTS TO PTE SECTOR - PERS & NON PROFIT INSTIT'NS SERVING H'HOLD - CWEIY,EA Ops-GMC-Mgt,FISHTEK CONSULTING,1001600804,30672.6,EU Capital Grants,TQ9 6JY,SUPPLIER,,ENV0001507C,Expense,GB 754790400
DE,EA,28/03/2025,EXP - CAPITAL GRANTS TO LOCAL GOVERNMENT,EA Ops-HNL-Mgt,LONDON BOROUGH OF ENFIELD,1001600805,60000,GRANTS,EN1 3XD,SUPPLIER,,ENVRMAGIA0017C,Expense,
DE,EA,28/03/2025,EXP - CAPITAL GRANTS TO LOCAL GOVERNMENT,EA Ops-LNA-Mgt,NORTH NORTHAMPTONSHIRE COUNCIL,1001600849,32700,GRANTS,NN1 1ED,SUPPLIER,,ENVRMAGIA0004C,Expense,370 1512 34
DE,EA,28/03/2025,EXP - PURCHASE OF GOODS/SERVICES - OTHER,EA E and B-CS-EAE-IAE,ICF CONSULTING SERVICES LTD,1001600853,95961.74,OTHER COSTS,EC4R 1BE,SUPPLIER,S1341,,Expense,927 4872 86
DE,EA,28/03/2025,EXP - PURCHASE OF GOODS/SERVICES - PERSONNEL RELATED,EA E and B-NP-Agr-ELMS,DEFRA,1001600883,35171.38,OTHER WORKFORCE COSTS,SWIP 4DF,SUPPLIER,,ENV6005694R,Expense,888800181
DE,EA,28/03/2025,EXP - CAPITAL GRANTS TO LOCAL GOVERNMENT,EA Ops-DCS-Mgt,CORNWALL COUNCIL,1001600893,450000,GRANTS,TR1 3AY,THIRD PARTY,,ENVRMAGIA0011C,Expense,132746770
DE,EA,28/03/2025,EXP - CAPITAL GRANTS TO LOCAL GOVERNMENT,EA Ops-LNA-Mgt,NORTH EAST LINCOLNSHIRE COUNCIL,1001600895,45000,GRANTS,DN31 1HU,THIRD PARTY,,ENVRMAGIA0004C,Expense,657846778
DE,EA,28/03/2025,PPE - POA & AUC (OWNED) - COST - O/BAL,EA Ops-WSX-Mgt,MOTT MACDONALD LTD,1001600897,60840.83,TANGIBLE NBV,BS1 6FL,SUPPLIER,,ENV0000377C,Asset,GB 523765636
DE,EA,28/03/2025,EXP - CAPITAL GRANTS TO LOCAL GOVERNMENT,EA Ops-NEA-Mgt,SUNDERLAND CITY COUNCIL,1001600900,170000,GRANTS,SR2 7DN,LOCAL AUTHORITIES,,ENVRMAGIA0007C,Expense,178 2102 71
DE,EA,28/03/2025,EXP EU CAPITAL GRANTS TO PTE SECTOR - PERS & NON PROFIT INSTIT'NS SERVING H'HOLD - CWEIY,EA Ops-CLA-Mgt,UNITED UTILITIES WATER LTD,1001600906,59700,EU Capital Grants,WA5 3LP,Access to Work,,ENV0000498C,Expense,
DE,EA,28/03/2025,Exp - Purchase Of Goods/Services - Contractors,EA Ops-WMD-FCRM OPS East-Field Bham and BC,BREHENY CIVIL ENGINEERING LTD,1001600910,111011.61,FEES AND COMMISSIONS,IP6 8NH,CIS SUPPLIER,,ENV6007105R,Expense,GB 787425388
DE,EA,28/03/2025,PPE - POA & AUC (OWNED) - COST - O/BAL,EA Ops-EMD-Mgt,WHITEHOUSE CONSTRUCTION CO LTD,1001600911,44296.33,TANGIBLE NBV,DE6 1JU,CIS SUPPLIER,,ENV0006024C,Asset,GB295396506
DE,EA,28/03/2025,PPE - POA & AUC (OWNED) - COST - O/BAL,EA Ops-SSD-Mgt,VOLKERSTEVIN INFRASTRUCTURE LTD,1001600916,140839.04,TANGIBLE NBV,EN11 9BX,CIS SUPPLIER,,ENV0003242C,Asset,GB424894330
DE,EA,28/03/2025,Exp - Purchase Of Goods/Services - Contractors,EA Ops-CLA-FCRM-PSO Lancs,MERSEY RIVERS TRUST,1001600923,30000,FEES AND COMMISSIONS,SK4 3GN,SUPPLIER,,ENV6006721R,Expense,
DE,EA,28/03/2025,PPE - POA & AUC (OWNED) - COST - O/BAL,EA Ops-KSL-Mgt,XYLEM WATER SOLUTIONS UK LTD,1001600930,26253.6,TANGIBLE NBV,NG4 2AN,SUPPLIER,,ENV0005141C,Asset,GB116758064
DE,EA,28/03/2025,Exp - Purchase Of Goods/Services - Contractors,EA Ops-GMC-FCRM OPS M'y&Ch-Asset Perf,JN BENTLEY LTD,1001600935,46431.25,FEES AND COMMISSIONS,BD23 2QR,CIS SUPPLIER,,ENV7005842R,Expense,GB395739437
DE,EA,28/03/2025,EXP EU CAPITAL GRANTS TO PTE SECTOR - PERS & NON PROFIT INSTIT'NS SERVING H'HOLD - CWEIY,EA Ops-WSX-Mgt,LAND & WATER SERVICES LTD,1001600936,507868.17,EU Capital Grants,GU4 8RU,CIS SUPPLIER,,ENV0003723C,Expense,GB880055431
DE,EA,28/03/2025,Exp - Purchase Of Goods/Services - Contractors,EA Ops-CLA-FCRM OPS-Mgt,CHEETHAM HILL CONSTRUCTION LTD,1001600938,116472.16,FEES AND COMMISSIONS,BL8 1AR,CIS SUPPLIER,,ENV7005877R,Expense,GB927393104
DE,EA,28/03/2025,Exp - Purchase Of Goods/Services - Contractors,EA Ops-EMD-Mgt,JACKSON FRAMEWORKS LTD,1001600939,94122.72,FEES AND COMMISSIONS,IP1 5LT,CIS SUPPLIER,,ENV7006133R,Expense,GB904443249
DE,EA,28/03/2025,EXP EU CAPITAL GRANTS TO PTE SECTOR - PERS & NON PROFIT INSTIT'NS SERVING H'HOLD - CWEIY,EA Ops-LNA-Mgt,JACKSON CIVIL ENGINEERING GROUP LTD.,1001600941,113879.68,EU Capital Grants,IP1 5LT,CIS SUPPLIER,,ENVIMAN001295,Expense,GB 904443249
DE,EA,28/03/2025,EXP - CAPITAL GRANTS TO LOCAL GOVERNMENT,EA Ops-YOR-Mgt,LEEDS CITY COUNCIL,1001600943,762100,GRANTS,LS2 8JR,LOCAL AUTHORITIES,,ENVRMAGIA0008C,Expense,171459162
DE,EA,28/03/2025,EXP - CAPITAL GRANTS TO LOCAL GOVERNMENT,EA Ops-YOR-Mgt,HULL CITY COUNCIL,1001600944,120000,GRANTS,HU1 2AB,SUPPLIER,,ENVRMAGIA0008C,Expense,207 8245 11
DE,EA,28/03/2025,EXP CAPITAL GRANTS TO PTE SECTOR - PARTNERSHIP GRANTS,EA Ops-GMC-Mgt,COMMUNITY FOREST TRUST,1001600946,50000,GRANTS - PROJECTS,M50 2GL,SUPPLIER,,ENV0007551C,Expense,876393474
DE,EA,28/03/2025,PPE - POA & AUC (OWNED) - COST - O/BAL,EA Ops-GMC-Mgt,JACOBS UK LTD,1001600947,332341.18,TANGIBLE NBV,SE1 2QG,CIS SUPPLIER,,ENVIMNW000100,Asset,GB624298920
DE,EA,28/03/2025,EXP EU CAPITAL GRANTS TO PTE SECTOR - PERS & NON PROFIT INSTIT'NS SERVING H'HOLD - CWEIY,EA Ops-LNA-Mgt,OVE ARUP & PARTNERS LTD,1001600948,338658.3,EU Capital Grants,NE1 3PL,SUPPLIER,,ENVIMAN002955,Expense,GB524461265
DE,EA,28/03/2025,EXP - CAPITAL GRANTS TO LOCAL GOVERNMENT - LOCAL LEVY,EA Ops-GMC-Mgt,LIVERPOOL CITY COUNCIL,1001600949,36000,GRANTS - PROJECTS,L2 2DH,SUPPLIER,,ENVIMNW000969,Expense,165 737634
DE,EA,28/03/2025,EXP CAPITAL GRANTS TO PTE SECTOR - PARTNERSHIP GRANTS,EA Ops-DCS-Mgt,NATIONAL LANDSCAPES ASSOCIATION,1001600959,176280,GRANTS - PROJECTS,SY2 6LG,SUPPLIER,,ENV0007446C,Expense,
DE,EA,28/03/2025,EXP - CAPITAL GRANTS TO LOCAL GOVERNMENT,EA Ops-GMC-Mgt,ROCHDALE BOROUGH COUNCIL,1001600960,39050,GRANTS,OL16 1XU,LOCAL AUTHORITIES,,ENVRMAGIA0009C,Expense,GB149200976
DE,EA,28/03/2025,EXP - PURCHASE OF GOODS/SERVICES - CONSULTANCY - TECHNICAL,EA FCRM Dir-AAM-Efficiency & Portfolio-Portfolio,JACOBS UK LTD.,1001600973,66735.08,FEES AND COMMISSIONS,SE1 2QG,SUPPLIER,,ENVFCPMM00704B00R,Expense,
DE,EA,28/03/2025,EXP - CAPITAL GRANTS TO LOCAL GOVERNMENT - LOCAL LEVY,EA Ops-KSL-Mgt,LONDON BOROUGH OF LEWISHAM,1001600975,988687,GRANTS - PROJECTS,SE9 7BL,SUPPLIER,,ENVIMSELLKSL2,Expense,
DE,EA,28/03/2025,EXP - CAPITAL GRANTS TO LOCAL GOVERNMENT,EA FCRM Dir-AME-Engineering and Technical Assurance,RAWCLIFFE DRAINAGE BOARD,1001600977,37430,GRANTS,HU15 2FW,SUPPLIER,,ENV0006083C,Expense,
DE,EA,28/03/2025,EXP - PURCHASE OF GOODS/SERVICES - OTHER - LABORATORY SERVICES,EA Ops-RMC-Monitoring-Instruments&Systems-Comm,METEOR COMMUNICATIONS EUROPE LTD,1001600978,180000,OTHER COSTS,AL7 1JG,SUPPLIER,,,Expense,
DE,EA,28/03/2025,"EXP - PURCHASE OF GOODS/SERVICES - OTHER - V&P, BOATS & AIRCRAFT - HIRE",EA Ops-RMC-Monitoring-Survey,RVL AVIATION,1001600979,32219.56,TRANSPORT & PLANT,DE74 2SA,SUPPLIER,,ENVSCLI0001,Expense,
DE,EA,28/03/2025,EXP - CAPITAL GRANTS TO LOCAL GOVERNMENT,EA Ops-LNA-Mgt,MIDDLE LEVEL COMMISSIONER,1001600980,150996.3,GRANTS,PE15 0AH,SUPPLIER,,ENVRMAGIA0004C,Expense,
DE,EA,28/03/2025,Exp - Purchase Of Goods/Services - Consultancy,EA E and B-SP-Eng-Engagement Strategy Hub,HM LAND REGISTRY,1001600983,73013.19,FEES AND COMMISSIONS,CH41 6DU,THIRD PARTY,,,Expense,888818153
DE,EA,28/03/2025,EXP EU CAPITAL GRANTS TO PTE SECTOR - PERS & NON PROFIT INSTIT'NS SERVING H'HOLD - CWEIY,EA Ops-NEA-Mgt,TEES RIVERS CHARITABLE TRUST,1001600985,48688.99,EU Capital Grants,DL1 5TG,SUPPLIER,,ENV0003809C,Expense,
DE,EA,28/03/2025,EXP - CAPITAL GRANTS TO LOCAL GOVERNMENT,EA Ops-WSX-Mgt,WILTSHIRE COUNCIL,1001600986,115000,GRANTS,BA14 8JN,SUPPLIER,,ENVRMAGIA0012C,Expense,
DE,EA,28/03/2025,EXP - CAPITAL GRANTS TO LOCAL GOVERNMENT,EA FCRM Dir-AME-Engineering and Technical Assurance,DANVM DRAINAGE COMMISSIONERS,1001600988,369632.88,GRANTS,HU15 2FW,SUPPLIER,,ENV0006083C,Expense,
DE,EA,28/03/2025,EXP - PURCHASE OF GOODS/SERVICES - CONSULTANCY - NON ADVISORY,EA Ops-EAN-EPE Plg-IEP East,WSP UK LTD,1001601001,63124.46,FEES AND COMMISSIONS,WC2A 1AF,CIS SUPPLIER,RM6165,ENV6006458R,Expense,GB 905 0549 42
DE,EA,28/03/2025,EXP CAPITAL GRANTS TO PTE SECTOR - PARTNERSHIP GRANTS,EA Ops-NEA-Mgt,WEAR RIVERS TRUST,1001601004,51750,GRANTS - PROJECTS,DH1 1TW,SUPPLIER,,ENV0006159C,Expense,829179981
DE,EA,28/03/2025,Exp - Purchase Of Goods/Services - Consultancy,EA FCRM Dir-MPPD-PCM-SW,ARCADIS CONSULTING UK LTD,1001601006,52439.97,FEES AND COMMISSIONS,EC3M 4BY,SUPPLIER,,,Expense,GB 8727 99950
DE,EA,28/03/2025,EXP - CAPITAL GRANTS TO LOCAL GOVERNMENT - LOCAL LEVY,EA Ops-NEA-Mgt,NORTHUMBERLAND COUNTY COUNCIL,1001601013,1085718,GRANTS - PROJECTS,NE61 2EF,LOCAL AUTHORITIES,,ENVIMNE640116,Expense,178 3682 22
DE,EA,28/03/2025,Exp - Purchase Of Goods/Services - Contractors,EA Ops-EAN-FCRM OPS West-Asset Perf,BEDFORDSHIRE & RIVER IVEL DRAINAGE BOARD,1001601015,38400,FEES AND COMMISSIONS,MK42 0LH,SUPPLIER,,ENV6002666R,Expense,GB332571375
DE,EA,28/03/2025,EXP - CAPITAL GRANTS TO LOCAL GOVERNMENT - LOCAL LEVY,EA Ops-THM-Mgt,WEST BERKSHIRE DISTRICT COUNCIL,1001601018,855350,GRANTS - PROJECTS,RG14 5LD,LOCAL AUTHORITIES,,ENVIMSEWTLLA1,Expense,
DE,EA,28/03/2025,EXP - CAPITAL GRANTS TO LOCAL GOVERNMENT,EA Ops-GMC-Mgt,ST HELENS COUNCIL,1001601020,175000,GRANTS,WA10 1H,SUPPLIER,,ENVRMAGIA0009C,Expense,152815374G B
DE,EA,28/03/2025,EXP - CAPITAL GRANTS TO LOCAL GOVERNMENT - LOCAL LEVY,EA Ops-EMD-Mgt,DERBYSHIRE COUNTY COUNCIL,1001601021,55000,GRANTS - PROJECTS,DE4 3AH,SUPPLIER,,ENVIMMI001589,Expense,GB127 248 178
DE,EA,28/03/2025,EXP - PURCHASE OF GOODS/SERVICES - CONSULTANCY - ADVISORY,EA Ops-COO-SPP-People & Change-People Programme,TMP WORLDWIDE,1001601028,30390,FEES AND COMMISSIONS,E4 9JD,SUPPLIER,,ENV6006162R,Expense,GB872904 502
DE,EA,28/03/2025,EXP - CAPITAL GRANTS TO LOCAL GOVERNMENT,EA FCRM Dir-AME-Engineering and Technical Assurance,DEMPSTER DRAINAGE BOARD,1001601029,37430,GRANTS,HU15 2FW,SUPPLIER,,ENV0006083C,Expense,
DE,EA,28/03/2025,Exp - Purchase Of Goods/Services - Consultancy,EA FCRM Dir-MPPD-PCM-East,AECOM LTD,1001601037,53861.71,FEES AND COMMISSIONS,E1 8FA,SUPPLIER,,,Expense,611853162
DE,EA,28/03/2025,Exp - Purchase Of Goods/Services - Consultancy,EA FCRM Dir-MPPD-PCM-NE,ATKINSREALIS PPS LTD,1001601039,73222.7,FEES AND COMMISSIONS,KT18 5BW,CIS SUPPLIER,,,Expense,GB209861253
DE,EA,28/03/2025,EXP - PURCHASE OF GOODS/SERVICES - OTHER TRAINING,EA Ops-COO-SPP-Learning and Development,RED SNAPPER LEARNING LTD,1001601042,60090,TRAINING,E1 8DE,SUPPLIER,,ENVHOL&D00004,Expense,895895435
DE,EA,28/03/2025,EXP - CAPITAL GRANTS TO LOCAL GOVERNMENT - LOCAL LEVY,EA Ops-DCS-Mgt,EAST DEVON DISTRICT COUNCIL,1001601046,1188000,GRANTS - PROJECTS,EX10 8HL,SUPPLIER,,ENVIMSW002127,Expense,GB142218990
DE,EA,28/03/2025,EXP - CAPITAL GRANTS TO LOCAL GOVERNMENT - LOCAL LEVY,EA Ops-WSX-Mgt,DORSET COUNTY COUNCIL,1001601047,168200,GRANTS - PROJECTS,DT1 1XJ,THIRD PARTY,,ENVIMSW002128,Expense,187 1551 46
DE,EA,28/03/2025,EXP CAPITAL GRANTS TO PTE SECTOR - PARTNERSHIP GRANTS,EA Ops-KSL-Mgt,THAMES 21,1001601048,345726.13,GRANTS - PROJECTS,EC4R 3TD,SUPPLIER,,ENV0005532C,Expense,839 7783 59
DE,EA,28/03/2025,EXP EU CAPITAL GRANTS TO PTE SECTOR - PERS & NON PROFIT INSTIT'NS SERVING H'HOLD - CWEIY,EA Ops-NEA-Mgt,AECOM INFRASTRUCTURE & ENVIRONMENT UK LTD,1001601050,61235.65,EU Capital Grants,RG21 7PP,SUPPLIER,,ENV0003830C,Expense,611 853162
DE,EA,28/03/2025,EXP CAPITAL GRANTS TO PTE SECTOR - PARTNERSHIP GRANTS,EA Ops-EAN-Mgt,NORFOLK RIVERS TRUST,1001601054,74485.64,GRANTS - PROJECTS,NR25 7DZ,SUPPLIER,,ENV0005943C,Expense,
DE,EA,28/03/2025,EXP - CURRENT GRANTS TO PRIVATE SECTOR - NON PROFIT INSTITUTIONS SERVING H'HOLD - WFD CRF,EA E and B-Water-WP-Strat Catchment Partnerships,NATIONAL TRUST,1001601055,34000,OTHER COSTS,S33 6RF,CUSTOMER,,ENVWLB00470R,Expense,GB239503167
DE,EA,28/03/2025,EXP - CAPITAL GRANTS TO LOCAL GOVERNMENT - LOCAL LEVY,EA Ops-KSL-Mgt,LONDON BOROUGH OF MERTON,1001601056,50000,GRANTS - PROJECTS,SM4 5DX,LOCAL AUTHORITIES,,ENVIMSELLKSL2,Expense,216 22 44 00
DE,EA,28/03/2025,EXP - CAPITAL GRANTS TO LOCAL GOVERNMENT,EA Ops-SSD-Mgt,SOUTHAMPTON CITY COUNCIL,1001601059,95570.32,GRANTS,SO14 7LY,LOCAL AUTHORITIES,,ENVRMAGIA0013C,Expense,GB189594982
DE,EA,28/03/2025,EXP - CAPITAL GRANTS TO LOCAL GOVERNMENT - LOCAL LEVY,EA Ops-HNL-Mgt,LONDON BOROUGH OF EALING,1001601060,192457,GRANTS - PROJECTS,W5 2HL,LOCAL AUTHORITIES,,ENVIMSENTLLA1,Expense,GB226670070
DE,EA,28/03/2025,Exp - Purchase Of Goods/Services - Consultancy,EA FCRM Dir-MPPD-PCM-Mids,MOTT MACDONALD LTD,1001601070,163177.06,FEES AND COMMISSIONS,CR0 2EE,SUPPLIER,,,Expense,GB 523765636
DE,EA,28/03/2025,EXP CAPITAL GRANTS TO PTE SECTOR - PARTNERSHIP GRANTS,EA Ops-THM-Mgt,SURREY WILDLIFE TRUST,1001601082,71049.45,GRANTS - PROJECTS,GU24 0JN,SUPPLIER,,ENV0006209C,Expense,
DE,EA,28/03/2025,EXP - CAPITAL GRANTS TO LOCAL GOVERNMENT,EA Ops-DCS-Mgt,TEIGNBRIDGE DISTRICT COUNCIL,1001601089,1255500,GRANTS,TQ12 4XX,THIRD PARTY,,ENVRMAGIA0011C,Expense,
DE,EA,28/03/2025,EXP - CAPITAL GRANTS TO LOCAL GOVERNMENT,EA Ops-EAN-Mgt,NORTH NORFOLK DISTRICT COUNCIL,1001601093,823935.32,GRANTS,NR27 9EN,SUPPLIER,,ENVRMAGIA0005C,Expense,107042221
DE,EA,28/03/2025,EXP - CAPITAL GRANTS TO LOCAL GOVERNMENT - LOCAL LEVY,EA Ops-HNL-Mgt,LUTON BOROUGH COUNCIL,1001601096,108000,GRANTS - PROJECTS,LU1 2BQ,CUSTOMER,,ENVIMSENTLLA1,Expense,198210747
DE,EA,28/03/2025,EXP - PURCHASE OF GOODS/SERVICES -ACCOMM& BLDNG MGMT - GROUNDS MAINTENANCE,EA Ops-KSL-FCRM TTD-MEICA Operations & Maintenance,D F COULAM LTD,1001601099,38376.28,BUILDING COSTS,PE6 8AS,SUPPLIER,,ENV6005410R,Expense,139340417
DE,EA,28/03/2025,EXP - CAPITAL GRANTS TO LOCAL GOVERNMENT - FCRIP GRANTS,EA FCRM Dir-SNA-Mgt,STAFFORDSHIRE COUNTY COUNCIL,1001601117,900000,GRANTS - PROJECTS,ST16 2NF,SUPPLIER,,ENV0004340C,Expense,280061977
DE,EA,28/03/2025,EXP - CAPITAL GRANTS TO LOCAL GOVERNMENT,EA FCRM Dir-AME-Engineering and Technical Assurance,OUSE & HUMBER DRAINAGE BOARD,1001601118,407949,GRANTS,HU15 2FW,SUPPLIER,,ENV0006083C,Expense,
DE,EA,28/03/2025,EXP - CAPITAL GRANTS TO LOCAL GOVERNMENT - LOCAL LEVY,EA Ops-EAN-Mgt,CAMBRIDGESHIRE COUNTY COUNCIL,1001601119,60000,GRANTS - PROJECTS,CB3 OAP,SUPPLIER,,ENVIMAN002887,Expense,21 439 3969
DE,EA,28/03/2025,EXP - CAPITAL GRANTS TO LOCAL GOVERNMENT,EA Ops-KSL-Mgt,LONDON BOROUGH OF SUTTON,1001601120,50000,GRANTS,SM5 2JG,LOCAL AUTHORITIES,,ENVRMAGIA0015C,Expense,GB216200420
DE,EA,28/03/2025,EXP - CAPITAL GRANTS TO LOCAL GOVERNMENT - FCRIP GRANTS,EA FCRM Dir-SNA-Mgt,LONDON BOROUGH OF RICHMOND UPON THAMES,1001601121,355000.05,GRANTS - PROJECTS,TW1 3BZ,THIRD PARTY,,ENV0004340C,Expense,222806976
DE,EA,28/03/2025,Exp - Purchase Of Goods/Services - Contractors,EA Ops-EAN-FCRM East-Mgt,BAM NUTTALL LTD,1001601122,695141.59,FEES AND COMMISSIONS,GU15 3XW,CIS SUPPLIER,,ENV6004349R,Expense,GB340316204
DE,EA,28/03/2025,EXP - CAPITAL GRANTS TO LOCAL GOVERNMENT - LOCAL LEVY,EA Ops-WMD-Mgt,STROUD DISTRICT COUNCIL,1001601124,80000,GRANTS - PROJECTS,GL5 4UB,SUPPLIER,,ENV0000970C,Expense,
DE,EA,28/03/2025,EXP EU CAPITAL GRANTS TO PTE SECTOR - PERS & NON PROFIT INSTIT'NS SERVING H'HOLD - CWEIY,EA Ops-YOR-Mgt,EAST RIDING OF YORKSHIRE COUNCIL,1001601126,1325000,EU Capital Grants,HU17 7AF,THIRD PARTY,,ENV0003668C,Expense,647471123
DE,EA,28/03/2025,EXP - CAPITAL GRANTS TO LOCAL GOVERNMENT,EA Ops-NEA-Mgt,DURHAM COUNTY COUNCIL (NORTH PENNINES NATIONAL LANDSCAPE),1001601128,25732,GRANTS,DL16 6JQ,THIRD PARTY,,ENVRMAGIA0007C,Expense,GB178 178130
DE,EA,28/03/2025,EXP - PURCHASE OF GOODS/SERVICES -ACCOMM& BLDNG MGMT - GROUNDS MAINTENANCE,EA Ops-KSL-FCRM TTD-MEICA Operations & Maintenance,MPE MARINE & POWER ENGINERING LTD,1001601142,101952.28,BUILDING COSTS,DE141DU,SUPPLIER,,ENV6005410R,Expense,
DE,EA,28/03/2025,EXP - CAPITAL GRANTS TO LOCAL GOVERNMENT - LOCAL LEVY,EA Ops-DCS-Mgt,DEVON COUNTY COUNCIL,1001601144,937000,GRANTS - PROJECTS,EX2 4QD,SUPPLIER,,ENVIMSW002127,Expense,142208113
DE,EA,28/03/2025,EXP - CAPITAL GRANTS TO LOCAL GOVERNMENT - FCRIP GRANTS,EA FCRM Dir-SNA-Mgt,BUCKINGHAMSHIRE COUNTY COUNCIL,1001601145,871231,GRANTS - PROJECTS,HP19 8FF,LOCAL AUTHORITIES,,ENV0004340C,Expense,
DE,EA,28/03/2025,EXP - CAPITAL GRANTS TO LOCAL GOVERNMENT - LOCAL LEVY,EA Ops-YOR-Mgt,SELBY AREA INTERNAL DRAINAGE BOARD,1001601148,332000,GRANTS - PROJECTS,YO8 4PW,SUPPLIER,,ENVIMNE790380,Expense,
DE,EA,28/03/2025,EXP EU CAPITAL GRANTS TO PTE SECTOR - PERS & NON PROFIT INSTIT'NS SERVING H'HOLD - CWEIY,EA FCRM Dir-PMA-Portfolio Management Office,ATKINSRÉALIS UK LTD,1001601150,76746.57,EU Capital Grants,KT18 5BW,CIS SUPPLIER,,ENV0005802C,Expense,20986 1253
DE,EA,28/03/2025,EXP EU CAPITAL GRANTS TO PTE SECTOR - PERS & NON PROFIT INSTIT'NS SERVING H'HOLD - CWEIY,EA Ops-THM-Mgt,OXFORD CITY COUNCIL,1001601153,50000,EU Capital Grants,OX1 1EN,LOCAL AUTHORITIES,,ENV0003665C,Expense,195457718
DE,EA,28/03/2025,EXP - CAPITAL GRANTS TO LOCAL GOVERNMENT - LOCAL LEVY,EA Ops-SSD-Mgt,PORTSMOUTH CITY COUNCIL,1001601159,100000,GRANTS - PROJECTS,PO1 2AR,LOCAL AUTHORITIES,,ENVIMSESDLLA1,Expense,108 3656 72
DE,EA,28/03/2025,Exp - Purchase Of Goods/Services - Consultancy,EA FCRM Dir-MPPD-PCM-NE,ARCADIS CONSULTING UK LTD,1001601160,112618.07,FEES AND COMMISSIONS,M60 3NT,SUPPLIER,,,Expense,GB 8727 99950
DE,EA,28/03/2025,EXP - CAPITAL GRANTS TO LOCAL GOVERNMENT,EA Ops-WMD-Mgt,BIRMINGHAM CITY COUNCIL,1001601161,100000,GRANTS,B4 7AB,THIRD PARTY,,ENVRMAGIA0002C,Expense,GB112082130
DE,EA,28/03/2025,EXP - CAPITAL GRANTS TO LOCAL GOVERNMENT,EA Ops-SSD-Mgt,HAVANT BOROUGH COUNCIL,1001601162,366346,GRANTS,PO9 2AX,LOCAL AUTHORITIES,,ENVRMAGIA0013C,Expense,GB 108 3814 80
DE,EA,28/03/2025,EXP CAPITAL GRANTS TO PTE SECTOR - PARTNERSHIP GRANTS,EA Ops-KSL-Mgt,SOUTH EAST RIVERS TRUST,1001601165,49980,GRANTS - PROJECTS,SM5 2JG,SUPPLIER,,ENV0007439C,Expense,
DE,EA,28/03/2025,EXP - CAPITAL GRANTS TO LOCAL GOVERNMENT - LOCAL LEVY,EA Ops-CLA-Mgt,WESTMORLAND & FURNESS COUNCIL,1001601173,50000,GRANTS - PROJECTS,LA9 4DQ,LOCAL AUTHORITIES,,ENVIMNW000105,Expense,
DE,EA,31/03/2025,EXP EU CAPITAL GRANTS TO PTE SECTOR - PERS & NON PROFIT INSTIT'NS SERVING H'HOLD - CWEIY,EA Ops-THM-Mgt,HALCROW GROUP LTD,1001601198,38713.2,EU Capital Grants,W6 7EF,SUPPLIER,,ENVIMSE500177,Expense,GB624 2989 20
DE,EA,31/03/2025,Exp - Purchase Of Goods/Services - Contractors,EA Ops-EAN-EPE Plg-Environment Programme East,UNIVERSITY OF SOUTHAMPTON,1001601199,48188.4,FEES AND COMMISSIONS,SO17 1BJ,SUPPLIER,,ENV6007307R,Expense,GB568630414
DE,EA,31/03/2025,PPE - POA & AUC (OWNED) - COST - O/BAL,EA E and B-Water-WQ&I-Groundwater,OTT HYDROMETRY LTD,1001601221,93386.39,TANGIBLE NBV,S9 2RX,SUPPLIER,,ENV0007624C,Asset,737592693
DE,EA,31/03/2025,EXP - PURCHASE OF GOODS/SERVICES - OTHER PROFESSIONAL SERVICES,EA Ops-DCS-FCRM-PSO PDD RMA,UNIVERSITY OF EXETER,1001601232,34584.35,FEES AND COMMISSIONS,EX4 4QJ,THIRD PARTY,,ENV0005828C,Expense,GB142047795
DE,EA,31/03/2025,EXP - CAPITAL GRANTS TO LOCAL GOVERNMENT,EA FCRM Dir-AME-Engineering and Technical Assurance,OUSE & HUMBER DRAINAGE BOARD,1001601233,85712.5,GRANTS,HU15 2FW,SUPPLIER,,ENV0006083C,Expense,
DE,EA,31/03/2025,EXP - PURCHASE OF GOODS/SERVICES - CONSULTANCY - TECHNICAL,EA E and B-Water-WIR-Mgt,RED SNAPPER RECRUITMENT LTD,1001601235,74364,FEES AND COMMISSIONS,EC1Y 8ST,SUPPLIER,,ENV6007189R,Expense,GB835435718
DE,EA,31/03/2025,EXP - PURCHASE OF GOODS/SERVICES - VEHICLE MAINTENANCE,EA Ops-COO-SSO-DGFS-Holding Account,FRAIKIN LTD,1001601237,325257.64,TRANSPORT & PLANT,CV3 4FJ,CUSTOMER,,,Expense,
DE,EA,31/03/2025,PPE - POA & AUC (OWNED) - COST - O/BAL,EA Ops-WSX-Mgt,STONBURY LTD,1001601238,61713.23,TANGIBLE NBV,MK44 3BH,CIS SUPPLIER,,ENV0007405C,Asset,GB432056820
DE,EA,31/03/2025,PPE - POA & AUC (OWNED) - COST - O/BAL,EA Ops-COO-SFSO-DGFS-Mgt,LISTER WILDER LTD,1001601239,395159.36,TANGIBLE NBV,RG7 1HR,SUPPLIER,,ENV0006176C,Asset,GB 435 3703 62
DE,EA,31/03/2025,EXP EU CAPITAL GRANTS TO PTE SECTOR - PERS & NON PROFIT INSTIT'NS SERVING H'HOLD - CWEIY,EA E and B-CS-Research,JACOBS UK LTD,1001601248,28544.04,EU Capital Grants,SE1 2QG,CIS SUPPLIER,,ENV0005030C,Expense,GB624298920
DE,EA,31/03/2025,EXP EU CAPITAL GRANTS TO PTE SECTOR - PERS & NON PROFIT INSTIT'NS SERVING H'HOLD - CWEIY,EA Ops-LNA-Mgt,OVE ARUP & PARTNERS LTD,1001601249,171778.77,EU Capital Grants,NE1 3PL,SUPPLIER,,ENV0002658C,Expense,GB524461265
DE,EA,31/03/2025,PPE - POA & AUC (OWNED) - COST - O/BAL,EA Ops-COO-SFSO-DGFS-Mgt,T H WHITE LTD,1001601253,107496,TANGIBLE NBV,GL8 8QY,SUPPLIER,,ENV0006176C,Asset,GB137567053
DE,EA,31/03/2025,EXP - PURCHASE OF GOODS/SERVICES - CONSULTANCY - TECHNICAL,EA Ops-KSL-FCRM OPS East Kent-Asset Perf Stour,CANTERBURY CITY COUNCIL,1001601258,93561.31,FEES AND COMMISSIONS,CT1 1YW,SUPPLIER,,,Expense,
DE,EA,31/03/2025,EXP - PURCHASE OF GOODS/SERVICES - OTHER - GRANTS AND CONTRIBUTIONS,EA Ops-SSD-EPE-Environment Programme,OUSE & ADUR RIVERS TRUST,1001601262,25000,OTHER COSTS,BN8 5EF,SUPPLIER,,ENV6006652R,Expense,
DE,EA,31/03/2025,Exp - Purchase Of Goods/Services - Consultancy,EA E and B-Water-WQ&I-Int Water Plg and Prog,HITACHI SOLUTIONS EUROPE LTD,1001601297,365121.58,FEES AND COMMISSIONS,EC2 4AY,SUPPLIER,,,Expense,
DE,EA,31/03/2025,EXP - PURCHASE OF GOODS/SERVICES - TELECOMS - MOBILE PHONES,EA FINANCE-CIS-MGT,DEFRA,1001601316,1106479.82,UTILITIES,SWIP 4DF,SUPPLIER,,ENVCIS111925R,Expense,888800181
DE,EA,31/03/2025,PPE - POA & AUC (OWNED) - COST - O/BAL,EA Ops-WSX-Mgt,BRIDGE CIVIL ENGINEERING,1001601342,71791.44,TANGIBLE NBV,TQ13 0DF,CIS SUPPLIER,,ENV0005747C,Asset,GB717667210
DE,EA,31/03/2025,EXP - PURCHASE OF GOODS/SERVICES - OTHER - CONSUMABLES (LABS ONLY),EA Ops-RMC-Monitoring-Instruments&Systems-Comm,XYLEM WATER SOLUTIONS UK LTD,1001601357,116462.04,OTHER COSTS,NG4 2AN,SUPPLIER,,,Expense,GB116758064
DE,EA,31/03/2025,Exp - Purchase Of Goods/Services - Contractors,EA Ops-WMD-FCRM OPS West-Field Glouc,VEGETATION MANAGEMENT SERVICES LTD,1001601363,247496.14,FEES AND COMMISSIONS,NN8 4HB,CIS SUPPLIER,,ENV6007076R,Expense,GB434697464
DE,EA,31/03/2025,Exp - Purchase Of Goods/Services - Contractors,EA FCRM Dir-PMA-Portfolio Management Office,LAND & WATER SERVICES LTD,1001601364,55124.58,FEES AND COMMISSIONS,GU4 8RU,CIS SUPPLIER,,ENV6007181R,Expense,GB880055431
DE,EA,31/03/2025,Exp - Purchase Of Goods/Services - Contractors,EA Ops-THM-Waterways-Mgt,CPC CIVILS LTD,1001601366,156568.81,FEES AND COMMISSIONS,B94 6NW,CIS SUPPLIER,,ENV6007537R,Expense,GB175632004
DE,EA,31/03/2025,EXP EU CAPITAL GRANTS TO PTE SECTOR - PERS & NON PROFIT INSTIT'NS SERVING H'HOLD - CWEIY,EA E and B-CS-Research,BANGOR UNIVERSITY,1001601388,186008.27,EU Capital Grants,LL57 2DG,SUPPLIER,,ENV0005109C,Expense,GB728 8856 74
DE,EA,31/03/2025,Exp - Purchase Of Goods/Services - Contractors,EA Ops-EAN-FCRM OPS East-Field Norfolk South,BROADS 2006 IDB,1001601402,73920,FEES AND COMMISSIONS,PE30 5DD,SUPPLIER,,ENVFRA03S090,Expense,
DE,EA,31/03/2025,PPE - POA & AUC (OWNED) - COST - O/BAL,EA Ops-SSD-Mgt,WSP BINNIES.,1001601414,30141.89,TANGIBLE NBV,RH1 1SH,SUPPLIER,,ENVIMSO001028,Asset,
DE,EA,31/03/2025,EXP - PURCHASE OF GOODS/SERVICES - CONSULTANCY - TECHNICAL,EA FCRM Dir-MPPD-PCM-East,ARCADIS CONSULTING UK LTD,1001601435,62635.8,FEES AND COMMISSIONS,EC3M 4BY,SUPPLIER,,ENV6007365R,Expense,GB 8727 99950
DE,EA,31/03/2025,EXP - PURCHASE OF GOODS/SERVICES - CONSULTANCY - TECHNICAL,EA Ops-DCS-FCRM OPS-Field Central,JACOBS UK LTD,1001601462,54153,FEES AND COMMISSIONS,SE1 2QG,CIS SUPPLIER,,ENV6004548R,Expense,GB624298920
DE,EA,31/03/2025,EXP - PURCHASE OF GOODS/SERVICES - CONSULTANCY - NON ADVISORY,EA Ops-HNL-EPE-Environment Programme,LONDON BOROUGH OF HOUNSLOW,1001601476,70000,FEES AND COMMISSIONS,TW3 4DN,SUPPLIER,,ENV6007265R,Expense,
DE,EA,31/03/2025,EXP EU CAPITAL GRANTS TO PTE SECTOR - PERS & NON PROFIT INSTIT'NS SERVING H'HOLD - CWEIY,EA E and B-CS-Research,RICARDO AEA LTD,1001601567,50413.33,EU Capital Grants,OX11 0QR,CIS SUPPLIER,,ENV0005075C,Expense,88 8800 181
DE,EA,31/03/2025,EXP EU CAPITAL GRANTS TO PTE SECTOR - PERS & NON PROFIT INSTIT'NS SERVING H'HOLD - CWEIY,EA Ops-SSD-Mgt,BRACHERS LLP,1001601598,164950.82,EU Capital Grants,ME16 8JH,CUSTOMER,,ENVIMSE100376,Expense,948443490
DE,EA,03/03/2025,EXP - PURCHASE OF GOODS/SERVICES - OTHER - RESEARCH AND DEVELOPMENT,EA E and B-CS-EAE-NCES,NATURAL ENGLAND,2001002085,53662.5,OTHER COSTS,YO1 7PX,CUSTOMER,,,Expense,551065074
DE,EA,05/03/2025,Exp - Purchase Of Goods/Services - Contractors,EA Ops-RMC-Monitoring-Survey-AirContracts,NPL MANAGEMENT LTD,2001002087,27237.24,FEES AND COMMISSIONS,TW11 0LW,SUPPLIER,,ENV6005499R,Expense,GB200429166
DE,EA,06/03/2025,EXP - PURCHASE OF GOODS/SERVICES - ICT OUTSOURCING & MAINT/SUPPORT,EA FINANCE-CIS-SERV DEL,CEFAS,2001002088,26920.2,FEES AND COMMISSIONS,NR33 0HT,SUPPLIER,,,Expense,GB 888 8001 81
DE,EA,07/03/2025,EXP - PURCHASE OF GOODS/SERVICES - OTHER PROFESSIONAL SERVICES,EA Ops-RMC-Monitoring-Survey-UKCFF,MET OFFICE,2001002092,336145.09,FEES AND COMMISSIONS,EX1 3PB,SUPPLIER,,,Expense,GB 888 805362
DE,EA,07/03/2025,EXP - PURCHASE OF GOODS/SERVICES - OTHER PROFESSIONAL SERVICES,EA Ops-RMC-Monitoring-Survey-AirContracts,NPL MANAGEMENT LTD,2001002093,83567.83,FEES AND COMMISSIONS,TW11 0LW,SUPPLIER,,,Expense,GB200429166
DE,EA,10/03/2025,EXP - PURCHASE OF GOODS/SERVICES - CONSULTANCY - TECHNICAL,EA Ops-RMC-Monitoring-Instruments&Systems,MET OFFICE,2001002096,86969.44,FEES AND COMMISSIONS,EX1 3PB,SUPPLIER,,ENV6000545R,Expense,GB 888 805362
DE,EA,10/03/2025,EXP - PURCHASE OF GOODS/SERVICES - PERSONNEL RELATED,EA Ops-COO-SPP-HS&W,DEFRA,2001002099,44193.29,OTHER WORKFORCE COSTS,YO1 7PX,SUPPLIER,,,Expense,888800181
DE,EA,10/03/2025,EXP - PURCHASE OF GOODS/SERVICES - OTHER PROFESSIONAL SERVICES,EA Ops-RMC-Monitoring-Survey-AirContracts,NPL MANAGEMENT LTD,2001002100,140594.3,FEES AND COMMISSIONS,TW11 0LW,SUPPLIER,,,Expense,GB200429166
DE,EA,11/03/2025,EXP - PURCHASE OF GOODS/SERVICES - OTHER PROFESSIONAL SERVICES,EA Ops-RMC-Monitoring-Survey-UKCFF,CEFAS,2001002102,241078.8,FEES AND COMMISSIONS,NR33 0HT,SUPPLIER,,,Expense,GB 888 8001 81
DE,EA,11/03/2025,EXP - PURCHASE OF GOODS/SERVICES - OTHER - OTHER BOUGHT IN SERVICES,EA Ops-GMC-FCRM OPS Gtr Mcr-Asset Perf Plg&AM,NATURAL RESOURCES WALES,2001002104,190366.74,OTHER COSTS,CF24 0TP,SUPPLIER,N/A,ENV6001482R,Expense,145153725
DE,EA,11/03/2025,EXP - PURCHASE OF GOODS/SERVICES - ACCOMMODATION & BLDNG MANAGEMENT - OTHER BUILDING COSTS,EA FINANCE-BUSINESS FINANCE-FIN OPS (HO),DEFRA,2001002105,1497661.64,BUILDING COSTS,NP10 8FZ,SUPPLIER,,,Expense,888800181
DE,EA,13/03/2025,EXP - PURCHASE OF GOODS/SERVICES - ACCOMMODATION & BLDNG MANAGEMENT - INTERNAL BUILDING FABRIC REPAIR & MAINTENANCE,EA Ops-RMC-Monitoring-Labs-Leeds Support,DEFRA,2001002109,286733.57,BUILDING COSTS,YO1 7PX,SUPPLIER,,,Expense,888800181
DE,EA,13/03/2025,EXP - PURCHASE OF GOODS/SERVICES - ACCOMMODATION & BLDNG MANAGEMENT - INTERNAL BUILDING FABRIC REPAIR & MAINTENANCE,EA Ops-RMC-Monitoring-Labs-Starcross Support,DEFRA,2001002112,132485.65,BUILDING COSTS,SW1P 3JR,SUPPLIER,,,Expense,888800181
DE,EA,13/03/2025,PPE - POA & AUC (OWNED) - COST - O/BAL,EA Ops-THM-Mgt,BRITISH GEOLOGICAL SURVEY,2001002114,111410.87,TANGIBLE NBV,NG12 5GG,OGD,,ENV0005104C,Asset,287 461 957
DE,EA,14/03/2025,EXP - SHORT-TERM CONTRACT & AGENCY STAFF - FULL COST,EA FCRM DIR - MGT,DEFRA,2001002115,39449.15,AGENCY STAFF,YO1 7PX,SUPPLIER,,,Expense,888800181
DE,EA,14/03/2025,PPE - POA & AUC (OWNED) - COST - O/BAL,EA E and B-CS-EAE-Mgt,BRITISH GEOLOGICAL SURVEY,2001002116,73714.61,TANGIBLE NBV,NG12 5GG,OGD,,ENV0005015C,Asset,287 461 957
DE,EA,17/03/2025,PPE - POA & AUC (OWNED) - COST - O/BAL,EA Ops-IM&R-R&R-Mgt,MET OFFICE,2001002127,807980,TANGIBLE NBV,EX1 3PB,SUPPLIER,,ENVIMR001080B00C,Asset,GB 888 805362
DE,EA,17/03/2025,PPE - POA & AUC (OWNED) - COST - O/BAL,EA E and B-CS-EAE-Mgt,BRITISH GEOLOGICAL SURVEY,2001002130,70273.39,TANGIBLE NBV,NG12 5GG,OGD,,ENV0005015C,Asset,287 461 957
DE,EA,18/03/2025,IA - POA & AUC - COST - O/BAL,EA Ops-KSL-Mgt,SECURITY SERVICES GROUP,2001002131,33979.7,INTANGIBLE ASSETS,SN6 8LA,SUPPLIER,,ENV0007398C,Asset,888 8019 62
DE,EA,18/03/2025,EXP - PURCHASE OF GOODS/SERVICES - OTHER PROFESSIONAL SERVICES,EA Ops-THM-Env Mgt West-GWCL,BRITISH GEOLOGICAL SURVEY,2001002132,36407.28,FEES AND COMMISSIONS,NG12 5GG,OGD,C16862,,Expense,287 461 957
DE,EA,19/03/2025,EXP - PURCHASE OF GOODS/SERVICES - CONSULTANCY - NON ADVISORY,EA E and B-CS-Research,DEFRA,2001002135,143609.15,FEES AND COMMISSIONS,YO1 7PX,SUPPLIER,,ENV7005030R,Expense,888800181
DE,EA,19/03/2025,EXP - PURCHASE OF GOODS/SERVICES - OTHER PROFESSIONAL SERVICES,EA Ops-WSX-Env Mgt D&S-GWCL,BRITISH GEOLOGICAL SURVEY,2001002138,103924.67,FEES AND COMMISSIONS,NG12 5GG,OGD,1070178439,,Expense,287 461 957
DE,EA,20/03/2025,EXP - RENTALS UNDER NON-PFI OPERATING LEASES - OTHER RENTALS - RENT,EA Ops-YOR-Mgt,DEFRA RENT ACCOUNT,2001002143,49195.48,UTILITIES,WR5 2NP,SUPPLIER,,,Expense,
DE,EA,21/03/2025,EXP - SHORT-TERM CONTRACT & AGENCY STAFF - FULL COST,EA FCRM Dir-PMA-Portfolio Management Office,DEFRA,2001002145,41805.86,AGENCY STAFF,YO1 7PX,SUPPLIER,,,Expense,888800181
DE,EA,21/03/2025,Exp - Purchase Of Goods/Services - Contractors,EA Ops-CLA-Nuclear-RARM,FOOD STANDARDS AGENCY,2001002148,25475.85,FEES AND COMMISSIONS,YO1 7PR,SUPPLIER,,ENVHOOP000055,Expense,888847046
DE,EA,21/03/2025,PPE - POA & AUC (OWNED) - COST - O/BAL,EA E and B-CS-EAE-Mgt,BRITISH GEOLOGICAL SURVEY,2001002149,86470.86,TANGIBLE NBV,NG12 5GG,OGD,,ENV0005015C,Asset,287 461 957
DE,EA,25/03/2025,EXP - PURCHASE OF GOODS/SERVICES - ACCOMMODATION & BLDNG MANAGEMENT - SECURITY SYSTEMS & MONITORING COSTS,EA Ops-KSL-FCRM TTD-MEICA Operations & Maintenance,SECURITY SERVICES GROUP,2001002156,155487.4,BUILDING COSTS,SN6 8LA,SUPPLIER,,ENVFRA16S090,Expense,888 8019 62
DE,EA,25/03/2025,EXP - PURCHASE OF GOODS/SERVICES - OTHER TRAINING,EA Ops-COO-SPP-Learning and Development,CABINET OFFICE,2001002163,298740,TRAINING,NP10 8FZ,OGD,,ENVHOL&D00004,Expense,888 8010 80
DE,EA,26/03/2025,EXP - PURCHASE OF GOODS/SERVICES - CONSULTANCY - TECHNICAL,EA E and B-NP-Agr-ELMS,DEFRA,2001002165,58477.44,FEES AND COMMISSIONS,YO1 7PX,SUPPLIER,,ENV6005694R,Expense,888800181
DE,EA,26/03/2025,EXP - RENTALS UNDER NON-PFI OPERATING LEASES - OTHER RENTALS - RENT,EA Ops-COO-SFSO-Estates,DEFRA RENT ACCOUNT,2001002167,32134.93,UTILITIES,WR5 2NP,SUPPLIER,,ENV7003625R,Expense,
DE,EA,27/03/2025,EXP EU CAPITAL GRANTS TO PTE SECTOR - PERS & NON PROFIT INSTIT'NS SERVING H'HOLD - CWEIY,EA Ops-COO-SFSO-Estates,DEFRA,2001002170,818518.89,EU Capital Grants,YO1 7PX,SUPPLIER,,ENV0003625C,Expense,888800181
DE,EA,28/03/2025,EXP EU CAPITAL GRANTS TO PTE SECTOR - PERS & NON PROFIT INSTIT'NS SERVING H'HOLD - CWEIY,EA E and B-CS-EAE-Mgt,DEFRA,2001002173,266799.1,EU Capital Grants,SW1P 3JR,SUPPLIER,,ENV0004085C,Expense,888800181
DE,EA,31/03/2025,EXP EU CAPITAL GRANTS TO PTE SECTOR - PERS & NON PROFIT INSTIT'NS SERVING H'HOLD - CWEIY,EA E and B-ER-CC&M-Chemicals Reg Development,DEFRA,2001002175,113293.96,EU Capital Grants,YO1 7PX,SUPPLIER,,ENV0004800C,Expense,888800181
DE,EA,31/03/2025,EXP - PURCHASE OF GOODS/SERVICES - OTHER TRAINING,EA Ops-COO-SPP-Learning and Development,DEPARTMENT OF ENVIRONMENT FOOD & RURAL AFFAIRS,2001002177,62854.69,TRAINING,SW1P 4DF,OGD,,ENVHOL&D00004,Expense,GB8888 001 81
DE,EA,19/03/2025,EXP EU CAPITAL GRANTS TO PTE SECTOR - PERS & NON PROFIT INSTIT'NS SERVING H'HOLD - CWEIY,EA Ops-WMD-Mgt,JACKSON CIVIL ENGINEERING GROUP LTD.,3001000160,305972.21,EU Capital Grants,IP15LT,CIS SUPPLIER,,ENV0002928C,Expense,GB 904443249
DE,EA,26/03/2025,PPE - POA & AUC (OWNED) - COST - O/BAL,EA Ops-WSX-Mgt,ASHFORDS LLP,3001000161,285000,TANGIBLE NBV,EX1 3LH,SUPPLIER,,ENVIMSW002039,Asset,844502439
DE,EA,03/03/2025,NCL- RECEIPTS IN ADVANCE - LONG TERM DEPOSITS,EA Ops-RMC-Permitting-Mgt,VALENCIA WASTE MANAGEMENT LTD,4001002288,40245.36,TRADE AND OTHER PAYABLES AND ACCRUALS MORE THAN 1 YEAR,CV23 9JA,SUPPLIER,,,Liability,
DE,EA,14/03/2025,EXP EU CAPITAL GRANTS TO PTE SECTOR - PERS & NON PROFIT INSTIT'NS SERVING H'HOLD - CWEIY,EA Ops-EMD-Mgt,JACKSON CIVIL ENGINEERING GROUP LTD.,4001002302,187679.82,EU Capital Grants,IP15LT,CIS SUPPLIER,,ENVIMMI001615,Expense,GB 904443249
DE,EA,18/03/2025,PPE - POA & AUC (OWNED) - COST - O/BAL,EA Ops-WSX-Mgt,PORTER DODSON LLP,4001002311,55200,TANGIBLE NBV,TA1 2PX,SUPPLIER,,ENVIMSW002039,Asset,
DE,EA,21/03/2025,NCL- RECEIPTS IN ADVANCE - LONG TERM DEPOSITS,EA Ops-RMC-Permitting-Mgt,VALENCIA WASTE MANAGEMENT LTD,4001002316,149860.19,TRADE AND OTHER PAYABLES AND ACCRUALS MORE THAN 1 YEAR,CV23 9JA,SUPPLIER,,,Liability,
DE,EA,24/03/2025,NCL- RECEIPTS IN ADVANCE - LONG TERM DEPOSITS,EA Ops-RMC-Permitting-Mgt,VALENCIA WASTE MANAGEMENT LTD,4001002319,164061.78,TRADE AND OTHER PAYABLES AND ACCRUALS MORE THAN 1 YEAR,CV23 9JA,SUPPLIER,,,Liability,
DE,EA,24/03/2025,NCL- RECEIPTS IN ADVANCE - LONG TERM DEPOSITS,EA Ops-RMC-Permitting-Mgt,WHITEHEAD RESTORATION LTD,4001002320,30709.35,TRADE AND OTHER PAYABLES AND ACCRUALS MORE THAN 1 YEAR,M29 7JZ,SUPPLIER,,,Liability,
DE,EA,25/03/2025,"EXP - PURCHASE OF GOODS/SERVICES - OTHER - LAND, WAYLEAVES AND EASEMENTS",EA Ops-KSL-Env Mgt SLN-Mgt,M GWILLIM,4001002323,60000,OTHER COSTS,TN27 0SU,SUPPLIER,,ENV6007301R,Expense,
DE,EA,28/03/2025,NCL- RECEIPTS IN ADVANCE - LONG TERM DEPOSITS,EA Ops-RMC-Permitting-Mgt,VALENCIA WASTE MANAGEMENT LTD,4001002326,35145.76,TRADE AND OTHER PAYABLES AND ACCRUALS MORE THAN 1 YEAR,CV23 9JA,SUPPLIER,,,Liability,
DE,EA,31/03/2025,EXP - PURCHASE OF GOODS/SERVICES - OTHER PROFESSIONAL SERVICES,EA Ops-WC-Mgt,KEATING CHAMBERS,4001002333,33862.5,FEES AND COMMISSIONS,WC2R 3AA,SUPPLIER,,,Expense,GB126406533
DE,EA,31/03/2025,EXP - PURCHASE OF GOODS/SERVICES - OTHER - COMPENSATION,EA Ops-YOR-FCRM OPS SY-Field Lower Don,I&G WILSON PARTNERSHIP,4001002334,121157.07,OTHER COSTS,S8 0YD,SUPPLIER,,ENV7007506R,Expense,
DE,APHA,17/03/2025,EXP - PURCHASE OF GOODS/SERVICES - TRAINING & DEVELOPMENT,BUSINESS SUPPORT,MOJ - CSHR CASEWORK,1220818,61107.8,TRAINING & DEVELOPMENT,NP10 8XG,SUPPLIER,IGS,,Expense,
DE,APHA,17/03/2025,EXP - PURCHASE OF GOODS/SERVICES - LAB & TECHNICAL EQUIPMENT,WILDLIFE,FERA SCIENCE LIMITED,1220834,25354.66,LAB & TECHNICAL EQUIPMENT,YO41 1LZ,SUPPLIER,C15323,APHAWMA2BC10,Expense,GB 618 1841 40
DE,APHA,18/03/2025,EXP - PURCHASE OF GOODS/SERVICES - TRAINING & DEVELOPMENT,BUSINESS SUPPORT,MOJ - CSHR CASEWORK,1220957,35200,TRAINING & DEVELOPMENT,NP10 8XG,SUPPLIER,IGS,,Expense,
DE,APHA,18/03/2025,EXP - PURCHASE OF GOODS/SERVICES - OTHER PROFESSIONAL SERVICES,England Field Delivery,MERAXIAN,1221034,999496.78,PROFESSIONAL SERVICES,ST15 8NA,SUPPLIER(1),OUTBREAK,,Expense,263 2539 06
DE,APHA,20/03/2025,EXP - PURCHASE OF GOODS/SERVICES - OTHER PROFESSIONAL SERVICES,PLANT VARIETY AND SEEDS,N I A B,1221149,34683.13,PROFESSIONAL SERVICES,CB3 0LE,Public Body,APHACMT,,Expense,GB100132207
DE,APHA,20/03/2025,EXP - PURCHASE OF GOODS/SERVICES - OTHER PROFESSIONAL SERVICES,England Field Delivery,LIVETEC SYSTEMS LTD,1221164,115816.16,PROFESSIONAL SERVICES,MK45 4HS,SUPPLIER,OUTBREAK,,Expense,118204348
DE,APHA,21/03/2025,EXP - PURCHASE OF GOODS/SERVICES - OTHER PROFESSIONAL SERVICES,England Field Delivery,MERAXIAN,1221322,36251.44,PROFESSIONAL SERVICES,ST15 8NA,SUPPLIER(1),OUTBREAK,,Expense,263 2539 06
DE,APHA,21/03/2025,EXP - PURCHASE OF GOODS/SERVICES - OTHER PROFESSIONAL SERVICES,England Field Delivery,LIVETEC SYSTEMS LTD,1221334,88510.9,PROFESSIONAL SERVICES,MK45 4HS,SUPPLIER,OUTBREAK,,Expense,118204348
DE,APHA,21/03/2025,EXP - PURCHASE OF GOODS/SERVICES - OTHER PROFESSIONAL SERVICES,England Field Delivery,OMEGA PROTEINS LIMITED,1221369,114192.24,PROFESSIONAL SERVICES,HX3 6UF,SUPPLIER,OUTBREAK,,Expense,
DE,APHA,21/03/2025,EXP - PURCHASE OF GOODS/SERVICES - OTHER PROFESSIONAL SERVICES,PLANT VARIETY AND SEEDS,N I A B,1221441,217346.58,PROFESSIONAL SERVICES,CB3 0LE,Public Body,APHACMT,,Expense,GB100132207
DE,APHA,21/03/2025,EXP - PURCHASE OF GOODS/SERVICES - CONTRACTORS - VETERINARY SERVICES,England Field Delivery,FARMCARE NORTH LTD,1221444,58201.9,VETERINARY SERVICES,ST15 8NA,CUSTOMER,Contract ref C14635,,Expense,
DE,APHA,21/03/2025,EXP - PURCHASE OF GOODS/SERVICES - CONTRACTORS - VETERINARY SERVICES,England Field Delivery,FARMCARE CENTRAL LTD,1221451,26917.27,VETERINARY SERVICES,ST15 8NA,CUSTOMER,Contract ref C14636,,Expense,
DE,APHA,21/03/2025,PPE - PLANT & MACHINERY (OWNED) SCIENTIFIC EQUIPMENT - COST - ADDITIONS,PATHOLOGY,WOLF LABORATORIES LIMITED,1221452,35161.2,PPE - PLANT & MACHINERY (OWNED) SCIENTIFIC EQUIPMENT - COST - ADDITIONS,YO42 2PX,SUPPLIER(1),C26883,,Asset,
DE,APHA,24/03/2025,EXP - PURCHASE OF GOODS/SERVICES - OTHER PROFESSIONAL SERVICES,England Field Delivery,LIVETEC SYSTEMS LTD,1221487,105588,PROFESSIONAL SERVICES,MK45 4HS,SUPPLIER,OUTBREAK,,Expense,118204348
DE,APHA,24/03/2025,EXP - PURCHASE OF GOODS/SERVICES - OTHER PROFESSIONAL SERVICES,England Field Delivery,A HUGHES & SON (SKELLINGTHORPE) LTD,1221497,26967.7,PROFESSIONAL SERVICES,LN6 4RL,SUPPLIER,C27293,,Expense,
DE,APHA,24/03/2025,EXP - PURCHASE OF GOODS/SERVICES - OTHER - CONSUMABLES - ANIMALS,Animal Services Unit,R & J WHITE,1221523,46475,OTHER - CONSUMABLES,RG9 6LB,SUPPLIER(1),C14773,APHACSFT1201,Expense,
DE,APHA,26/03/2025,EXP - PURCHASE OF GOODS/SERVICES - OTHER PROFESSIONAL SERVICES,England Field Delivery,A HUGHES & SON (SKELLINGTHORPE) LTD,1221772,25739.76,PROFESSIONAL SERVICES,LN6 4RL,SUPPLIER,C27293,,Expense,
DE,APHA,26/03/2025,EXP - PURCHASE OF GOODS/SERVICES - OTHER PROFESSIONAL SERVICES,Field Delivery Overarching,AMIVET EXPORTS LTD,1221814,31860,PROFESSIONAL SERVICES,CW8 2EB,SUPPLIER,MAS movements,,Expense,GB115141658A
DE,APHA,26/03/2025,EXP - PURCHASE OF GOODS/SERVICES - CONTRACTORS - VETERINARY SERVICES,England Field Delivery,FARMCARE WEST LTD,1221843,55673.81,VETERINARY SERVICES,ST15 8NA,SUPPLIER,C14637,,Expense,GB172798072
DE,APHA,27/03/2025,EXP - PURCHASE OF GOODS/SERVICES - CONTRACTORS - VETERINARY SERVICES,England Field Delivery,FARMCARE CENTRAL LTD,1221940,96994,VETERINARY SERVICES,ST15 8NA,CUSTOMER,Contract ref C14636,,Expense,
DE,APHA,27/03/2025,EXP - PURCHASE OF GOODS/SERVICES - OTHER PROFESSIONAL SERVICES,England Field Delivery,LIVETEC SYSTEMS LTD,1222003,59159.04,PROFESSIONAL SERVICES,MK45 4HS,SUPPLIER,OUTBREAK,,Expense,118204348
DE,APHA,27/03/2025,EXP - PURCHASE OF GOODS/SERVICES - OTHER FACILITIES COSTS - MEETING ROOM HIRE,PLANT HEALTH INSPECTORATE DELIVERY,CALDER CONFERENCES LTD,1222048,42962.75,MEETING ROOM HIRE,LS16 6RF,SUPPLIER,C24091,,Expense,GB 482027849
DE,APHA,28/03/2025,EXP - PURCHASE OF GOODS/SERVICES - OTHER PROFESSIONAL SERVICES,PLANT VARIETY AND SEEDS,AGRI-FOOD & BIOSCIENCES INSTITUTE,1222163,96141.58,PROFESSIONAL SERVICES,BT9 5PX,OGD,IGS,,Expense,877233106
DE,APHA,28/03/2025,EXP - PURCHASE OF GOODS/SERVICES - OTHER - LAB & TECHNICAL EQUIP MAINTENANCE,VIROLOGY,AGILENT TECHNOLOGIES LDA UK LTD,1222207,47167.58,LAB & TECHNICAL EQUIP MAINTENANCE,SK8 3GR,SUPPLIER,C27043,,Expense,
DE,APHA,31/03/2025,PPE - PLANT & MACHINERY (OWNED) SCIENTIFIC EQUIPMENT - COST - ADDITIONS,PATHOLOGY,VERDER SCIENTIFIC UK LTD,1222305,27234.36,PPE - PLANT & MACHINERY (OWNED) SCIENTIFIC EQUIPMENT - COST - ADDITIONS,S33 6RA,SUPPLIER,C27977,,Asset,GB100186860
DE,APHA,31/03/2025,EXP - PURCHASE OF GOODS/SERVICES - PERSONNEL RELATED - CONFERENCES,CSC INTERNATIONAL TRADE,CALDER CONFERENCES LTD,1222325,39063.95,CONFERENCES,LS16 6RF,SUPPLIER,C24091,,Expense,GB 482027849
DE,APHA,31/03/2025,PPE - PLANT & MACHINERY (OWNED) SCIENTIFIC EQUIPMENT - COST - ADDITIONS,PATHOLOGY,SCIQUIP LTD,1222378,183495.6,PPE - PLANT & MACHINERY (OWNED) SCIENTIFIC EQUIPMENT - COST - ADDITIONS,S60 5XA,SUPPLIER,C27756,,Asset,
DE,APHA,03/03/2025,EXP - PURCHASE OF GOODS/SERVICES - OFFICE RELATED - PUBLICATIONS,STRATEGY DELIVERY PROGRAMME,SOPRA STERIA LTD,20005944,37513.75,PUBLICATIONS,BELGIUM,SUPPLIER,,,Expense,GB207950855
DE,APHA,04/03/2025,EXP - PURCHASE OF GOODS/SERVICES - OTHER - CONSUMABLES,Lab Services England,CELTIC DIAGNOSTICS LTD,20005950,43780,CONSUMABLES,IRELAND,SUPPLIER(1),C15809,,Expense,IE95746910
DE,APHA,12/03/2025,EXP - PURCHASE OF GOODS/SERVICES - OFFICE RELATED - PUBLICATIONS,Science Strategy And Planning,DIGITAL SCIENCE & RESEARCH SOLUTIONS INC,20005992,64916.4,PUBLICATIONS,MA 02139,SUPPLIER,,,Expense,
DE,APHA,14/03/2025,EXP - PURCHASE OF GOODS/SERVICES - OTHER PROFESSIONAL SERVICES,England Field Delivery,VAN ECK BEDRIJFSHYGIENE BV,20006028,168789.47,PROFESSIONAL SERVICES,5691 PD,SUPPLIER,,,Expense,
DE,APHA,20/03/2025,EXP - PURCHASE OF GOODS/SERVICES - OTHER - CONSUMABLES,Lab Services England,CELTIC DIAGNOSTICS LTD,20006051,36715.5,CONSUMABLES,IRELAND,SUPPLIER(1),C15809,,Expense,IE95746910
DE,APHA,20/03/2025,EXP - PURCHASE OF GOODS/SERVICES - OTHER - CONSUMABLES,Lab Services England,CELTIC DIAGNOSTICS LTD,20006052,30745.5,CONSUMABLES,IRELAND,SUPPLIER(1),C15809,,Expense,IE95746910
DE,APHA,07/03/2025,EXP - PURCHASE OF GOODS/SERVICES - OTHER - SERVICE LEVEL AGREEMENT COSTS,CSC Overarching,FOOD STANDARDS AGENCY,2007001397,79818.76,SERVICE LEVEL AGREEMENT COSTS,YO31 6EP,SUPPLIER,IGS,,Expense,888847046
DE,APHA,17/03/2025,EXP - PURCHASE OF GOODS/SERVICES - END USER SOFTWARE AND HARDWARE,CONTINGENCY PLANNING DIVISION,CABINET OFFICE,2007001422,177313.38,END USER SOFTWARE AND HARDWARE,FY1 9JN,OGD,OUTBREAK,,Expense,888 8010 80
DE,APHA,19/03/2025,EXP - PURCHASE OF GOODS/SERVICES - OTHER PROFESSIONAL SERVICES,TB,UK HEALTH SECURITY AGENCY,2007001431,63116.4,PROFESSIONAL SERVICES,SP4 0JG,SUPPLIER,ISG,APHATBSE3341,Expense,GB 888851648
DE,APHA,24/03/2025,EXP - PURCHASE OF GOODS/SERVICES - OTHER PROFESSIONAL SERVICES,England Field Delivery,FOOD STANDARDS AGENCY,2007001444,42004.38,PROFESSIONAL SERVICES,YO31 6EP,SUPPLIER,OUTBREAK,,Expense,888847046
DE,APHA,31/03/2025,EXP - PURCHASE OF GOODS/SERVICES - OTHER - SERVICE LEVEL AGREEMENT COSTS,CSC Overarching,FOOD STANDARDS AGENCY,2007001465,77808.16,SERVICE LEVEL AGREEMENT COSTS,YO31 6EP,SUPPLIER,IGS,,Expense,888847046
DE,RPA,10/03/2025,EXP - PURCHASE OF GOODS/SERVICES - OTHER PROFESSIONAL SERVICES - CARTOGRAPHIC,Geospatial Services,CYIENT EUROPE LTD,1017013508,86782.34,Cartographic & Digitising,RG1 1AX,SUPPLIER,C15407,00000000,Expense,GB606138069
DE,RPA,11/03/2025,EXP - PURCHASE OF GOODS/SERVICES - OTHER PROFESSIONAL SERVICES - EXT.INSPECTIONS,British Cattle Movement Service,FOOD STANDARDS AGENCY,1017013541,56818.43,External Inspections,YO1 7PX,SUPPLIER,IGS,00000000,Expense,888847046
DE,RPA,13/03/2025,EXP - PURCHASE OF GOODS/SERVICES - OTHER PROFESSIONAL SERVICES - CARTOGRAPHIC,Geospatial Services,EARTH-I LTD,1017013594,120799.14,Cartographic & Digitising,GU27YG,SUPPLIER,17719,00000000,Expense,
DE,RPA,19/03/2025,EXP - PURCHASE OF GOODS/SERVICES - AUDIT SERVICES,Central - BAU Admin,GOVERNMENT INTERNAL AUDIT AGENCY K/A GIAA,1017013689,270018.3,Internal Audit Services,SW1A  2HQ,SUPPLIER(1),IGS,00000000,Expense,
DE,RPA,19/03/2025,EXP - PURCHASE OF GOODS/SERVICES - OTHER PROFESSIONAL SERVICES,Customer Engagement,THE INSTITUTE OF CUSTOMER SERVICE,1017013727,28800,Translation Services,SE1 2NE,SUPPLIER,SUBS,00000000,Expense,688494561
DE,RPA,24/03/2025,EXP - PURCHASE OF GOODS/SERVICES - OFFICE RELATED - POSTAGE,Managed Document Service,H H ASSOCIATES LTD,1017013783,61110.59,Postal and Carriage charges,KT22 9DF,SUPPLIER,C12977,RP002300,Expense,
DE,RPA,31/03/2025,EXP - PURCHASE OF GOODS/SERVICES - OTHER PROFESSIONAL SERVICES - REM.SENSING,Geospatial Services,ORDNANCE SURVEY,1017013917,123540,Remote Sensing Fees,SO16 0AS,SUPPLIER,25975,00000000,Expense,GB204527437
DE,JNCC,07/03/2025,Contracted Out Conservation Services,,UK CENTRE FOR ECOLOGY & HYDROLOGY,,39251,A22-0383-1737 UKBMS 24/25 - Q1 & Q2,OX10 8BB,,A22-0383-1737,0383,Ecosystems Analysis,
DE,JNCC,07/03/2025,Contracted Out Conservation Services,,MARINE BIOLOGICAL ASSOCIATION,,59910,Literature review to enhance the evidence base that makes up JNCC's universal asset service matrix (uASM) tool.,PL1 2PB,,Unknown,0484,Marine Ecosystems - UK,
DE,JNCC,07/03/2025,Contracted Out Conservation Services,,BRITISH TRUST FOR ORNITHOLOGY,,127816.5,A22-0378-1691 JNCC-BTO Monitoring of Birds and the Environment Agreement - Oct-Dec 2024/25,IP24 2PU,,A22-0378-1691,0378,Ecosystems Analysis,
DE,JNCC,07/03/2025,Contracted Out Conservation Services,,BRITISH TRUST FOR ORNITHOLOGY,,49697.75,A22-0378-1691 JNCC-BTO Monitoring of Birds and the Environment Agreement - Oct-Dec 2024/25,IP24 2PU,,A22-0378-1691,0228,Marine Species,
DE,JNCC,07/03/2025,Contracted Out Conservation Services,,The Natural Power Consultants Ltd.,,27324,C24-0619-1935 Noise Guidance - Marine Piling (Objective 2 - Guidance Note),DG7 3XS,,C24-0619-1935,0619,Marine Management,
DE,JNCC,07/03/2025,Contracted Out Conservation Services,,UK CENTRE FOR ECOLOGY & HYDROLOGY,,27000,"A22-0492-1728 Level indicators, delivery of work plan 2024/25 - Final instalment",OX10 8BB,,A22-0492-1728,0656,Pollution - UK,
DE,JNCC,13/03/2025,Boat Hire,,AGRI-FOOD & BIOSCIENCE INSTITUTE,,270659.47,Vessel Hire for mNCEA COR0924 St Kilda survey,BT9 5PX,,Unknown,0484,Marine Ecosystems - UK,
DE,JNCC,18/03/2025,Contracted Out Conservation Services,,MARINE BIOLOGICAL ASSOCIATION,,32940,C24-0484-1891 A Natural Capital Approach to Achieving Good Environmental Status,PL1 2PB,,C24-0484-1891,0484,Marine Ecosystems - UK,
DE,JNCC,18/03/2025,Contracted Out Conservation Services,,BAT CONSERVATION TRUST,,53236,Delivery of NBMP 2024/25 - Q4,SW8 4BG,,Unknown,0380,Ecosystems Analysis,
DE,JNCC,18/03/2025,Contracted Out Conservation Services,,NORTHUMBRIA UNIVERSITY,,50574.29,C24-0604-1883 OCPP Sri Lanka National Seagrass Habitat Mapping and Training - Objectives 1&2,NE1 8ST,,C24-0604-1883,0604,Marine Protected Areas - International,
DE,JNCC,20/03/2025,Other Consultancies (Scientific),,WING,,39780,UK APAS Go Live,6706KN,,Unknown,0443,Pollution - UK,
DE,JNCC,21/03/2025,Contracted Out Conservation Services,,AMBIPAR RESPONSE LTD,,47292.36,C24-0604-1899 OCPP Marine Pollution Emergency Response: Pacific and Indian Ocean (Maldives),RH10 9LU,,C24-0604-1899,0604,Marine Protected Areas - International,
DE,JNCC,21/03/2025,Contracted Out Conservation Services,,AMBIPAR RESPONSE LTD,,29031.04,C24-0604-1899 OCPP Marine Pollution Emergency Response: Pacific and Indian Ocean (Maldives) - CCN3,RH10 9LU,,C24-0604-1899,0604,Marine Protected Areas - International,
DE,JNCC,21/03/2025,Contracted Out Conservation Services,,INBOUND HYPE (PVT) LTD,,25500,C24-0604-1966 OCPP Design & translation for MPA mgmt effectiveness community outreach materials,NULL,,C24-0604-1966,0604,Marine Protected Areas - International,
DE,JNCC,21/03/2025,Contracted Out Conservation Services,,INBOUND HYPE (PVT) LTD,,36000,C24-0604-1986 Sri Lanka Marine Protected Area Website Scoping,NULL,,C24-0604-1986,0604,Marine Protected Areas - International,
DE,JNCC,21/03/2025,Contracted Out Conservation Services,,BRITISH TRUST FOR ORNITHOLOGY,,43305.25,Goose and Swan Monitoring Programme 2024/25 Q4,IP24 2PU,,Unknown,0379,Ecosystems Analysis,
DE,JNCC,21/03/2025,Contracted Out Conservation Services,,BRITISH TRUST FOR ORNITHOLOGY,,127816.5,A22-0378-1691 JNCC-BTO Monitoring of Birds and the Environment Agreement - Jan-Mar 2024/25,IP24 2PU,,A22-0378-1691,0378,Ecosystems Analysis,
DE,JNCC,21/03/2025,Contracted Out Conservation Services,,BRITISH TRUST FOR ORNITHOLOGY,,54836.75,A22-0378-1691 JNCC-BTO Monitoring of Birds and the Environment Agreement - Jan-Mar 2024/25,IP24 2PU,,A22-0378-1691,0228,Marine Species,
DE,JNCC,24/03/2025,Contracted Out Conservation Services,,ENGINEERING BUSINESS SERVICES LTD,,57297.47,EP Conservation Data Management System,NULL,,Unknown,0604,Marine Protected Areas - International,
DE,JNCC,25/03/2025,Contracted Out Conservation Services,,ASSOCIAÇÃO PARA O EMPODERAMENTO DA RAPARIGA MUVA,,31390.86,GESI baseline analysis,NULL,,Unknown,0604,Marine Protected Areas - International,
DE,JNCC,27/03/2025,Contracted Out Conservation Services,,WESTERN INDIAN OCEAN MARINE SCIENCE ASSOCIATION,,59171.8,Projects 098 &099 2024,NULL,,Unknown,0604,Marine Protected Areas - International,
DE,JNCC,27/03/2025,Contracted Out Conservation Services,,HEN MPOANO,,33361.07,Beyond MPA Designation,NULL,,Unknown,0604,Marine Protected Areas - International,
DE,JNCC,31/03/2025,Contributions to Projects with Partners,,MARINE SCOTLAND,,140000,JNCC contribution to Marine Directorate for the Scottish offshore MPA network monitoring programme 2024/25,EH6 6QQ,,Unknown,0600,Marine Monitoring,
DE,JNCC,31/03/2025,Contracted Out Conservation Services,,BAT CONSERVATION TRUST,,38572,NCEA funding for BCT,SW8 4BG,,Unknown,0460,Ecosystems Analysis,
DE,JNCC,31/03/2025,Contracted Out Conservation Services,,UK CENTRE FOR ECOLOGY & HYDROLOGY,,129650,C23-0382-1774 Towards Predicting the Biodiversity Impacts of Environmental Change Yr2 2024/25,OX10 8BB,,C23-0382-1774,0825,Ecosystems Analysis,
DE,JNCC,31/03/2025,Contracted Out Conservation Services,,BRITISH TRUST FOR ORNITHOLOGY,,67464,A22-0378-1691 Bird Monitoring Agreement 2024/25 - NCEA Variation,IP24 2PU,,A22-0378-1691,0460,Ecosystems Analysis,
DE,JNCC,31/03/2025,Contracted Out Conservation Services,,UNIVERSITY OF YORK,,47830,F21-0708-1581 (136) Further development and annual update to UK Biodiversity Indicator A4,YO10 5NH,,F21-0708-1581,0641,Ecosystems Analysis,
DE,JNCC,31/03/2025,Contracted Out Conservation Services,,INSTITUTE OF NATURAL RESOURCES NPC,,29105.67,Deliverable (Project Year 3),3209,,Unknown,0493,Pollution - International,
DE,JNCC,31/03/2025,Contracted Out Conservation Services,,MARFISHECO FISHERIES CONSULTANTS LTD,,54014,C24-0604-1902 OCPP Spatial Data and Geographic Information System (GIS) Processing,EH7 5HT,,C24-0604-1902,0604,Marine Protected Areas - International,
DE,JNCC,31/03/2025,Contributions to Projects with Partners,,MARINE BIOLOGICAL ASSOCIATION,,38400,A23-0671-1833 Provide Discovery Work into the UK Imagery Architecture,PL1 2PB,,A23-0671-1833,0484,Marine Ecosystems - UK,
DE,JNCC,31/03/2025,Contracted Out Conservation Services,,AMBIPAR RESPONSE LTD,,149973.78,C24-0604-2000 OCPP Marine Pollution Emergency Response: South Asia SACEP Joint UK Expert Training,RH10 9LU,,C24-0604-2000,0604,Marine Protected Areas - International,
DE,JNCC,31/03/2025,Contracted Out Conservation Services,,ISLAND WETLANDS,,79417.72,C24-0604-1886 Training in Maldives,NULL,,C24-0604-1886,0604,Marine Protected Areas - International,
DE,JNCC,31/03/2025,Contracted Out Conservation Services,,UK CENTRE FOR ECOLOGY & HYDROLOGY,,25000,A22-0489-1701 Pollinator Monitoring Scheme variation – DNA methods 2024/25,OX10 8BB,,A22-0489-1701,0849,Ecosystems Analysis,
DE,JNCC,31/03/2025,Contracted Out Conservation Services,,UK CENTRE FOR ECOLOGY & HYDROLOGY,,37306.5,A22-0489-1701 UK Pollinator Monitoring Scheme 2024/25 Q4,OX10 8BB,,A22-0489-1701,0489,Ecosystems Analysis,
DE,JNCC,31/03/2025,Contracted Out Conservation Services,,UK CENTRE FOR ECOLOGY & HYDROLOGY,,36575,A23-0030-1752 Biological Recording Verification and Interpretation 24/25 Q3-Q4,OX10 8BB,,A23-0030-1752,0030,Ecosystems Analysis,
DE,JNCC,31/03/2025,Contracted Out Conservation Services,,UK CENTRE FOR ECOLOGY & HYDROLOGY,,33345,A23-0706-1852 National Plant Monitoring Scheme (NPMS) - 24/25 - Q4,OX10 8BB,,A23-0706-1852,0381,Ecosystems Analysis,
DE,JNCC,31/03/2025,Internal Audit Fees,,BDO LLP,,26400,Internal Audit Services - Staff Development/IT General Controls/Finance System Implementation/Risk workshop,G2 8NJ,,Unknown,0087,Governance,
DE,JNCC,31/03/2025,Contracted Out Conservation Services,,South African Foundation for the Conservation of Coastal Birds,,48786.34,West African Oiled Wildlife Response Review,7441,,Unknown,0604,Marine Protected Areas - International,
DE,JNCC,31/03/2025,Contracted Out Conservation Services,,LIVE & LEARN VANUATU,,48340.49,Conservation Area Ranger Toolkit and App,NULL,,Unknown,0604,Marine Protected Areas - International,
DE,JNCC,31/03/2025,Contracted Out Conservation Services,,AMBIPAR RESPONSE LTD,,33501.6,C24-0604-1899: OCPP Brisbane Emergency Response training - CCN4,RH10 9LU,,C24-0604-1899,0604,Marine Protected Areas - International,
DE,JNCC,31/03/2025,Contracted Out Conservation Services,,AMBIPAR RESPONSE LTD,,57435.9,C24-0604-1899 OCPP Marine Pollution Emergency Response: Pacific and Indian Ocean (Vanuatu),RH10 9LU,,C24-0604-1899,0604,Marine Protected Areas - International,
DE,JNCC,31/03/2025,Contracted Out Conservation Services,,The Environmental Partnership (TEP) Limited,,28752,F21 -0708-1581 (151) Development of ecosystem service priority maps for land use decision making,WA3 6GA,,F21 -0708-1581,0441,Nature Conservation Policy & Advice,
DE,JNCC,31/03/2025,Contracted Out Conservation Services,,THOMSON ENVIRONMENTAL CONSULTANTS LIMITED,,52224,F21-0708-1581 (142) COR0924 mNCEA PSA & Infauna Analysis,GU2 7AG,,F21-0708-1581,0484,Marine Ecosystems - UK,
DE,JNCC,31/03/2025,Contracted Out Conservation Services,,NICHOLAS ANDREW RIVERS-MOORE,,25078,Delivery of NRM project,7800,,Unknown,0493,Pollution - International,
DE,JNCC,31/03/2025,Contracted Out Conservation Services,,RAMBOLL UK LTD,,54444,F21-0708-1581 (151) Development of Ecosystem Service Priority Maps for land use decision making,SE1 8NW,,F21-0708-1581,0441,Nature Conservation Policy & Advice,
DE,JNCC,31/03/2025,Contracted Out Conservation Services,,OIL SPILL RESPONSE LIMITED,,37243.42,C24-0604-1900 Senegal ER Training,SO14 5QE,,C24-0604-1900,0604,Marine Protected Areas - International,
